ply
format ascii 1.0
element vertex 22500
property float x
property float y
property float z
end_header
15.457142 0.497341 -2.994560
8.765002 10.239657 -2.991173
17.164983 14.261965 -2.968145
13.943923 12.460844 -2.988813
1.854202 4.135929 -3.016672
19.495350 0.798070 -2.987707
15.247897 14.111435 -3.008914
15.679641 14.057353 -2.999485
2.565931 8.028355 -2.975188
9.023420 9.615520 -3.010260
7.414064 6.923493 -2.989991
18.542438 6.274714 -2.976064
12.879349 1.757145 -3.001027
16.460856 1.470749 -3.006750
8.884843 3.494725 -3.026301
4.516471 12.572062 -2.976080
11.098154 2.217399 -2.978868
1.290018 3.382254 -2.965371
16.563349 8.221494 -3.013365
12.638424 3.193547 -2.986007
15.142683 2.455512 -3.010432
7.085231 8.434605 -3.003225
19.451748 5.549100 -2.992910
17.861917 9.409273 -2.977401
15.551074 13.681531 -3.036439
3.915236 2.306197 -2.998398
9.291920 13.713683 -3.018082
0.862808 13.549881 -2.994909
3.076028 12.423322 -2.997483
13.652790 9.447104 -3.006651
14.902035 9.298638 -3.028270
19.369976 9.533414 -3.008927
6.504103 10.360397 -2.988767
7.431729 0.232985 -2.988268
9.395033 14.337158 -2.961989
3.760652 8.792446 -2.992201
2.603943 11.712096 -2.983455
9.482891 5.657911 -3.011277
4.524641 0.194533 -2.978450
13.389415 7.661634 -2.999005
8.725184 7.602693 -3.005990
16.639631 6.563409 -2.995307
13.973489 5.062725 -2.991506
6.231027 3.753432 -2.984381
16.619777 7.884942 -2.966511
16.102319 5.620787 -3.018679
7.739359 14.525167 -2.982332
5.751027 2.615780 -3.008013
13.629043 4.786457 -3.052483
2.792634 4.406005 -2.983505
3.960438 8.172875 -2.983588
0.172286 7.488149 -2.979722
15.709063 9.670368 -3.015423
13.263989 14.227544 -2.999889
14.086822 4.285838 -3.036165
15.572039 10.419021 -2.981924
9.157330 0.375543 -2.979610
11.383208 3.938792 -2.978097
2.781326 6.956419 -3.000357
2.285146 0.457126 -2.998543
13.368747 9.244073 -2.983964
9.402396 10.170294 -3.005906
11.311884 11.158594 -2.982182
15.286437 7.773017 -3.009563
12.693390 9.097446 -3.005547
11.096365 5.941760 -2.991692
11.185542 0.635753 -3.013711
6.059321 1.486506 -2.998006
0.611940 9.839144 -2.973905
8.714831 14.918651 -3.028725
4.332301 0.243142 -2.990404
8.143769 8.363729 -2.989815
17.063006 11.286645 -2.953763
4.659848 12.381181 -3.017555
1.198179 8.198921 -3.002711
5.628409 9.282409 -2.982199
5.864277 10.445673 -2.987824
13.234570 12.879794 -2.999788
11.156550 1.867273 -2.988290
15.694030 13.888736 -3.014156
13.299351 0.393686 -3.028453
8.121176 12.541338 -3.010209
16.310042 1.160703 -2.972537
3.344727 2.921051 -3.018732
0.454480 0.058673 -3.027342
1.790167 6.672385 -2.991730
14.456414 5.003762 -2.990623
9.233903 2.432501 -3.009694
3.247015 6.732716 -2.997746
10.052601 6.020351 -2.999957
3.020162 11.547460 -3.001667
13.927340 13.424041 -2.986770
8.905613 9.775563 -2.990101
7.607942 1.823811 -3.001065
6.000638 4.463188 -2.996464
12.587548 13.685802 -3.037788
7.214263 1.351344 -2.955364
1.767526 6.100997 -3.008639
2.340988 14.178765 -3.003775
19.280266 14.287843 -3.034816
18.158295 6.154667 -3.001597
13.992936 10.070878 -3.021545
5.321979 6.863514 -3.000031
19.385731 11.281012 -2.997870
15.585246 0.480272 -2.988596
14.366056 2.181097 -2.998574
8.963795 9.200982 -3.004393
5.449878 3.478717 -3.018715
1.904055 9.957761 -3.004699
18.022655 5.248333 -3.007878
9.088807 13.307278 -2.985196
4.036279 12.280150 -2.989251
6.104853 7.376912 -2.976070
11.602075 11.605457 -2.981487
3.495910 4.094145 -2.992159
17.152501 7.421640 -2.999022
15.164884 2.969574 -3.006235
14.406617 12.881563 -3.010832
8.682757 12.333493 -3.004774
12.528525 13.538962 -3.014725
11.678247 13.179132 -3.013975
13.012704 14.410389 -2.978901
1.691697 3.489869 -2.978909
8.322646 13.959846 -3.001941
0.860810 8.602389 -2.970433
9.895520 6.312313 -2.990257
6.572396 8.375859 -2.995217
2.900948 5.157103 -2.990057
2.078691 4.308602 -3.002100
11.722749 3.579648 -2.985187
3.396797 1.253870 -2.977833
18.490016 7.460280 -3.013223
11.584305 13.318891 -3.009417
6.928594 9.491786 -3.030517
11.825967 7.794738 -2.981835
0.462046 6.436481 -3.018898
19.155873 6.984569 -2.964584
9.655675 3.121212 -2.993221
15.703254 12.346087 -2.970763
1.639793 2.974903 -2.987609
9.741113 10.734014 -3.016190
9.833906 11.423606 -2.969757
18.792608 8.625728 -3.006224
11.461581 12.958157 -3.019649
9.449115 4.375594 -3.003545
5.338985 13.245709 -2.984819
6.657977 10.902526 -2.994932
10.427342 11.950716 -3.013098
8.761420 9.969130 -2.967443
0.472693 12.678860 -2.989469
16.537014 14.904235 -2.992020
17.929290 6.336194 -2.977951
2.783779 12.224650 -2.982153
11.087022 11.191325 -2.996239
2.175524 6.795477 -3.040365
13.443194 13.890870 -3.023729
5.653356 5.926473 -3.000597
13.177157 8.487912 -2.980171
14.523353 1.589039 -2.982639
15.334230 3.385477 -3.008586
2.152142 12.600410 -2.997248
18.358709 5.941812 -2.994166
4.644175 5.900261 -2.963706
0.748358 3.725353 -2.984996
11.103192 7.372842 -3.012481
7.419962 12.105202 -3.000262
16.589462 13.422446 -2.980150
16.189533 1.038373 -3.013372
6.350365 8.652862 -2.977080
19.032951 7.003819 -3.018612
5.813007 9.246316 -3.028452
10.268765 6.692564 -2.994254
5.131717 5.988421 -2.976486
18.685610 7.101977 -3.006242
3.306786 8.703518 -2.999901
0.902938 7.537863 -3.031705
8.702556 7.060462 -2.989890
19.863056 12.293273 -3.010701
17.852090 11.211938 -3.032865
14.984407 5.139848 -3.005175
17.791634 12.027516 -3.023990
17.865366 12.803958 -2.985689
10.364635 2.288691 -2.998022
6.338709 8.785986 -3.030150
15.446555 4.257949 -2.979624
13.214454 11.074092 -3.011785
7.471631 3.588244 -2.990326
1.889218 10.044455 -2.985444
14.934733 3.850105 -3.014155
5.217165 7.666476 -2.974081
18.739482 14.225704 -3.017407
4.854567 5.699021 -3.014508
2.466559 13.098957 -2.974508
16.634737 14.822153 -2.988838
3.062464 13.101500 -3.002802
3.565861 2.497714 -2.983864
12.017192 12.302309 -2.981508
17.485298 0.472675 -2.990527
3.920964 5.904912 -3.021224
6.188841 13.073709 -2.982266
15.528384 10.344695 -3.010655
19.436859 8.019445 -2.983850
10.030741 5.856136 -3.014078
2.858233 12.170012 -3.005090
0.231635 10.639227 -3.010891
4.608796 7.033128 -3.012014
2.648244 13.401730 -3.015371
13.543313 3.404713 -3.021813
2.421801 2.557356 -3.018908
10.116330 9.617550 -2.996578
13.893763 14.587962 -2.999753
11.591511 3.696450 -3.008146
3.987447 3.746555 -2.971489
16.098732 2.072732 -2.986432
14.320949 12.892332 -2.983023
14.776473 3.367764 -2.990896
2.625494 7.543124 -3.000749
2.460694 14.875290 -3.000869
18.554580 0.189256 -3.023092
7.933678 8.303092 -2.988705
5.994730 7.686987 -2.992580
9.783728 12.087630 -3.001303
13.290690 5.363509 -2.980254
19.119215 6.135018 -2.985628
5.725764 2.530280 -3.012657
18.492710 11.115511 -2.995074
0.507064 11.759050 -3.026866
11.136457 2.099735 -2.991052
12.653022 5.886392 -2.989818
2.144770 13.369317 -3.002487
2.810711 0.057901 -3.006872
8.351010 4.493810 -2.977504
19.322986 8.333739 -3.009490
11.903936 5.031936 -2.992250
18.670272 4.110720 -3.021097
16.076178 6.903721 -3.011286
9.363295 2.719099 -3.019851
15.696584 7.947785 -2.981306
0.364598 10.609662 -2.993594
2.179115 8.615100 -2.994223
16.581910 1.430436 -2.973156
15.948999 12.673699 -3.001759
4.627592 2.620344 -2.997972
10.619981 11.481571 -2.981573
12.106473 5.394815 -2.970983
17.370199 11.733605 -3.002144
12.060089 3.094725 -2.990546
8.302131 2.803727 -2.986748
7.449951 7.445690 -2.975424
8.525688 0.406258 -2.986520
13.076984 3.339542 -2.969612
17.294374 10.878944 -3.000173
9.030938 12.569675 -2.976983
4.964069 1.223477 -3.008234
4.696019 13.245003 -2.965005
14.942877 11.923001 -3.030298
16.314456 13.013405 -2.999116
2.113430 10.447823 -2.984457
1.343199 10.101333 -3.003450
11.849677 7.869753 -2.999852
2.926840 9.799386 -2.995115
16.487997 13.792369 -2.979959
6.204784 1.514182 -3.003723
2.864503 4.746925 -3.011105
18.427132 1.087390 -3.006079
3.304072 14.161915 -3.032916
5.702060 6.683613 -2.983007
3.061639 10.168075 -3.007595
2.292299 12.596927 -3.034678
0.453613 14.892425 -2.987985
1.089986 2.462962 -3.007034
3.487449 12.021434 -2.986822
1.111661 13.316318 -3.007941
11.810640 0.696191 -3.005572
13.637182 11.323335 -2.999594
7.852710 5.325417 -2.979744
6.368436 9.732287 -3.015939
10.107868 7.648085 -2.992343
17.551505 3.865966 -3.004827
17.022474 2.019069 -2.979273
0.878950 1.757255 -2.984055
3.630303 1.613440 -2.996973
4.738803 9.532641 -3.010869
5.010699 5.244454 -3.043151
11.425299 3.276916 -2.999152
8.318526 10.341107 -2.990955
0.998308 10.267109 -2.977309
7.487597 8.110171 -2.988329
10.488133 14.034782 -2.982631
1.997063 5.751192 -3.014720
16.666575 12.545707 -2.993506
1.061579 1.150061 -3.017448
18.501609 11.080510 -3.003765
1.988699 14.758537 -2.951775
16.882827 12.687059 -2.961453
18.046114 8.697621 -3.009742
19.624453 9.399391 -2.997010
16.064593 5.311046 -3.001087
15.611759 10.243048 -2.993652
12.852001 11.559343 -2.973791
15.567943 14.967861 -3.030749
2.667367 7.376588 -3.001119
10.756742 0.930281 -3.018242
10.269898 8.965364 -2.977468
17.152006 1.776512 -2.977501
9.236121 3.679316 -2.954547
7.705897 4.916186 -2.991793
12.781865 10.937566 -2.985979
5.351623 2.750904 -3.007545
2.776137 2.483295 -3.011247
9.537325 0.712307 -2.990670
8.349235 13.116267 -2.984579
4.643137 10.408032 -3.005381
7.359005 0.606031 -3.007653
7.301263 0.427309 -3.004085
6.512104 8.390268 -2.980693
7.639849 4.230192 -3.010774
13.692678 8.955068 -2.995954
5.921304 6.515564 -3.039573
18.995686 13.834275 -3.000693
18.298427 4.305488 -3.005592
9.617983 10.196775 -2.971218
6.581878 0.830058 -2.971078
10.720090 14.337174 -2.979818
16.992670 14.724333 -3.029093
13.034918 11.080622 -2.984408
16.087410 7.000924 -2.973695
10.678429 3.324012 -3.020740
12.668005 12.175595 -3.032981
5.757363 11.071806 -2.990785
14.738219 3.332855 -2.951044
4.051642 6.768679 -3.025588
13.918174 6.931942 -3.012941
17.240006 12.419323 -2.977359
2.634813 10.256651 -3.001197
12.303245 9.678584 -2.992637
1.941413 9.765355 -3.004696
14.530887 4.091170 -2.960034
1.713602 5.576182 -3.004334
18.730318 0.718414 -2.991325
2.757249 11.805145 -3.006558
19.174362 6.497682 -2.965638
16.012889 6.574628 -3.017308
11.887973 3.707678 -2.967510
15.656549 3.152896 -3.003071
15.912857 8.823608 -2.998835
18.923296 3.497334 -3.005883
5.062817 0.997280 -2.945789
11.777431 11.487422 -3.019143
1.898918 5.664957 -2.988175
12.326755 5.714112 -3.013842
3.420944 6.469372 -3.031684
11.275786 12.203241 -2.984718
11.453517 4.824775 -3.036793
9.290032 11.383807 -3.055573
10.477128 14.056706 -2.983133
15.260696 9.934001 -2.935837
15.939431 6.489124 -3.036163
9.851600 11.212710 -2.997404
11.973635 6.884071 -3.028967
18.649557 6.208224 -3.028054
2.426571 7.877901 -2.961847
2.366498 4.749872 -3.001700
1.756601 1.594279 -2.991250
13.160792 6.218782 -3.001011
8.398258 1.857927 -3.007900
15.475138 6.145547 -3.028042
13.409621 8.383974 -3.004132
6.686843 13.911093 -2.988634
17.964104 0.533706 -2.996381
15.240726 9.279399 -2.981555
5.415559 6.859749 -3.019324
7.254443 0.308395 -2.967731
6.292863 3.715567 -2.995498
3.151166 1.794560 -2.987865
2.895951 3.262817 -3.020070
18.694115 4.114784 -2.991781
8.725266 6.033687 -2.984733
7.667336 7.918238 -3.019588
14.614233 -0.015375 -2.978711
11.056557 2.426124 -3.034162
18.719865 1.415767 -3.026728
15.616003 8.246881 -3.012875
9.604485 4.892078 -2.993066
7.559578 8.254765 -2.992204
19.726597 3.314633 -3.006059
14.366081 0.347295 -2.984852
19.066556 14.119266 -3.026888
2.342677 1.640153 -3.001195
17.028210 1.892209 -2.983388
12.738312 2.183552 -3.008020
2.414492 14.758935 -3.001928
11.778050 9.254166 -3.021039
13.717250 9.176373 -3.010415
0.228643 14.803582 -2.990020
9.119216 1.333657 -2.987120
16.522376 14.594453 -3.019267
5.885503 3.033554 -2.984091
9.176763 9.347662 -3.051854
8.887392 6.283368 -2.958964
6.009563 5.743029 -3.044057
18.376080 13.946625 -3.021460
15.598430 2.253963 -2.985771
2.248009 14.942321 -2.995624
19.914906 5.680175 -3.010377
17.593289 9.751964 -2.980179
5.661313 14.538570 -3.000882
16.731440 0.849846 -3.011199
2.163237 13.849114 -2.996508
19.976850 8.566090 -2.973900
13.299273 10.560481 -3.004285
13.005418 2.223738 -2.991224
1.837856 7.974539 -3.022563
17.931005 10.093970 -2.960031
0.600024 6.862596 -3.005287
4.810835 2.295744 -2.984365
2.870259 3.687506 -3.004217
15.532523 12.819293 -2.982162
3.934680 0.531786 -3.000410
18.191592 10.591239 -3.002729
13.154335 15.024344 -2.992892
0.762494 0.111386 -2.980934
0.099572 2.405393 -3.013550
0.991948 10.137906 -3.012833
12.102475 0.876263 -3.004087
16.064906 8.888725 -3.033217
4.763967 10.239314 -2.980233
16.993909 8.809464 -2.998549
1.135090 5.510055 -2.989061
16.032674 10.405896 -3.001336
18.597573 8.940939 -3.036942
15.435899 3.090527 -2.965778
13.967301 8.431677 -2.999317
16.707457 13.206909 -2.999271
0.819939 9.963673 -3.007623
4.055836 7.047844 -2.995416
2.499793 4.858049 -3.004603
10.087188 1.305392 -3.026527
14.899345 3.660292 -3.002778
12.617205 0.178885 -3.014974
17.025356 14.829198 -3.016627
3.107163 3.333371 -3.001260
14.659809 12.251354 -3.015487
3.881351 2.517246 -3.012510
5.439437 4.273895 -2.995827
14.213317 6.268389 -3.000167
19.590863 4.884166 -3.013868
12.260575 11.968946 -2.999590
1.105181 14.365878 -3.005958
12.325579 13.147294 -3.013257
0.844486 2.303874 -2.982708
17.680917 11.686496 -3.003131
14.186812 2.215783 -3.026333
3.441822 13.690103 -2.977283
1.833758 7.758486 -2.975469
3.701688 5.070824 -3.017062
19.590639 2.391657 -2.995177
9.165860 0.191503 -2.979854
15.670190 3.723594 -2.981469
12.704961 13.710548 -3.022288
11.428591 11.947671 -2.990458
2.896165 14.533937 -2.998969
18.897550 1.519999 -2.977372
6.025269 8.878628 -2.992531
11.519775 3.867993 -2.937962
13.993065 8.141743 -2.985128
13.017570 4.826323 -3.043112
18.823156 4.303422 -2.987551
2.945688 8.613316 -3.025614
10.191711 2.730655 -2.998515
8.063532 7.026073 -2.970277
9.485444 9.751000 -3.022905
2.346916 1.897705 -2.997761
2.701497 13.947707 -2.968589
5.547161 7.581110 -3.021592
6.113907 12.334870 -3.035236
8.551141 9.833877 -3.028939
12.231085 10.674444 -2.998435
12.703588 10.777182 -2.961031
8.234979 13.115851 -3.018400
8.195201 9.176646 -3.005051
4.354624 4.163197 -2.994404
11.817415 1.490213 -3.008708
6.361125 9.098551 -2.971213
0.724490 0.990324 -3.035674
8.335606 3.582688 -2.992413
9.455409 0.935719 -2.999395
4.506974 8.216437 -2.987555
11.433069 2.385364 -2.976233
11.322530 9.151411 -2.987171
14.040222 11.870637 -3.016337
13.000378 12.316618 -2.968880
13.044884 4.659295 -2.985316
6.347220 8.217506 -2.978487
15.785573 8.439988 -2.999306
10.972419 7.086379 -2.965772
8.608279 9.807866 -2.967782
12.532741 3.193714 -3.009009
7.215672 14.675435 -2.997134
10.219303 1.484896 -2.993531
14.732963 12.430510 -3.017895
17.742612 8.888018 -2.989762
18.462633 3.702532 -3.030103
10.061924 11.193554 -3.001406
10.377514 1.274920 -3.000200
16.035695 11.611203 -2.976640
6.263672 8.829218 -2.985567
16.769322 1.642107 -2.999518
9.855201 1.188959 -2.983262
2.308435 11.257564 -3.022596
1.428216 4.429201 -2.998542
16.819818 13.333232 -3.031949
1.091075 11.458302 -3.002850
5.650043 10.470947 -3.000720
6.695419 4.125639 -2.995901
3.458909 10.663889 -2.980706
6.255194 14.247058 -3.005246
14.835762 1.377340 -3.004055
0.324426 4.899252 -2.995887
16.561481 3.541941 -2.984328
17.159350 5.910926 -2.996647
7.470015 11.133172 -2.999335
3.106690 7.146077 -3.000164
12.007737 8.590223 -2.983992
2.399763 4.705886 -2.993366
7.297953 2.106052 -2.997419
19.173892 3.996497 -2.981923
19.935066 12.914602 -3.005525
15.457214 9.037814 -3.024715
6.232685 5.672753 -2.948129
13.782446 11.862813 -2.995017
14.111402 0.946788 -3.034780
7.739383 3.807412 -3.042111
12.806886 3.446595 -3.004309
0.201318 14.773638 -2.965522
4.194396 10.580273 -3.001367
10.501200 9.251430 -3.015383
3.295237 0.066379 -3.021894
3.317275 2.767010 -3.039454
16.725271 9.550479 -2.990975
19.827256 5.720812 -2.971021
11.175390 13.879369 -2.996739
16.800869 11.459679 -2.997846
19.793479 6.718721 -3.013038
2.818179 11.250994 -3.002754
8.926362 14.601954 -3.022945
7.833795 6.923001 -2.995621
1.622291 9.652944 -2.978562
15.118771 13.784163 -2.978013
8.693969 3.737642 -2.974579
9.339623 13.292559 -3.006116
3.036513 1.494599 -3.029004
3.646756 9.703294 -3.022824
18.137387 11.736208 -3.031168
0.905979 9.232681 -2.978919
4.648377 7.432230 -3.000609
5.874947 9.203522 -3.019139
9.804062 2.253244 -3.005166
11.726382 3.220407 -2.998711
9.878363 4.043765 -3.009064
1.678991 8.966541 -3.034806
4.882580 6.619496 -2.974769
16.883589 3.690539 -3.020220
12.744346 13.217291 -3.014104
13.008023 5.638577 -3.022963
13.394900 6.688952 -2.988288
15.222864 6.113456 -2.990207
1.123189 2.720208 -2.996758
7.340481 10.971571 -3.007315
10.807440 6.732578 -3.012940
6.769884 0.251520 -2.965635
16.905304 14.484497 -3.012212
9.640967 12.231747 -3.002871
15.352391 10.878709 -2.982333
17.034197 13.049212 -2.995542
10.110226 13.575223 -3.002913
18.189884 5.074818 -3.012569
11.692480 9.142746 -3.001221
17.006764 9.165792 -2.988345
6.813447 4.008847 -2.977916
9.964537 3.326478 -3.021785
10.656599 1.716459 -3.014150
2.097305 9.899906 -3.005014
7.960361 11.700699 -2.993221
18.339592 11.405220 -3.026721
12.618198 4.740506 -3.006433
3.554107 3.093858 -2.985969
6.788167 6.799399 -3.011340
3.811182 8.190339 -2.999607
0.480737 13.788228 -3.019309
18.515989 13.138735 -3.009488
8.947406 13.718998 -2.991539
6.178200 12.745874 -3.004311
11.990976 14.432509 -2.960663
0.195171 6.928373 -3.001950
5.546063 0.706807 -3.008368
14.076904 1.251179 -3.018218
12.671952 5.864438 -3.023674
19.603194 3.905161 -3.012849
12.404407 2.541153 -2.989038
9.585573 14.309655 -3.030367
15.200969 2.923315 -3.005365
18.032118 14.407076 -3.021726
14.443785 11.448995 -3.004965
19.273004 9.589546 -2.987526
15.630140 10.118540 -3.005787
17.326714 4.965612 -2.981006
2.266375 9.731106 -3.026501
14.680579 2.780052 -3.000020
8.791970 14.058707 -2.983973
11.092073 4.550711 -3.008097
13.085733 3.812156 -3.019831
19.373376 10.658691 -2.995008
19.653325 9.845804 -2.969679
5.787003 6.757780 -3.027937
14.684267 9.440345 -2.977797
14.995399 2.429022 -3.034539
6.948220 10.097914 -3.006621
2.449999 4.071075 -2.986477
0.854642 4.112701 -3.011878
15.526785 2.405329 -2.970536
9.778431 5.015262 -2.989499
19.717401 4.962629 -2.986787
9.299160 6.805301 -2.986080
19.555460 2.840326 -2.988003
8.230240 2.904891 -3.009077
15.849461 8.160780 -2.969068
1.714061 1.925405 -3.006006
11.136881 10.326379 -3.012651
16.078640 14.158253 -2.964631
18.466066 6.412298 -2.958578
16.452257 13.511300 -3.023355
0.761061 1.459346 -3.001896
7.429357 0.675502 -2.976902
0.973338 10.797450 -2.969282
2.178327 11.393219 -3.035242
13.493193 12.616781 -3.012456
14.280052 0.844757 -2.992886
15.459947 11.654909 -2.961582
17.302161 5.655770 -3.031311
14.819031 4.540520 -2.978989
16.014968 2.607590 -2.986580
0.970225 14.962074 -3.015180
4.706262 0.947150 -2.993009
12.428716 12.406120 -3.021494
17.167457 9.593300 -3.010803
0.088902 11.028887 -3.012327
10.290012 10.655646 -2.953085
13.566930 12.881979 -2.976558
0.552561 2.705727 -3.007986
7.999540 0.007637 -2.995887
17.931106 8.955162 -2.992007
13.432544 5.314830 -3.010395
4.780830 1.854740 -2.964516
17.039815 2.806938 -3.001193
6.954074 4.988886 -3.005983
17.013654 0.992243 -2.974552
6.003478 0.891445 -3.000351
11.780552 13.732002 -2.999772
7.918661 4.714513 -2.955210
5.506067 14.733243 -3.025899
17.762080 14.467031 -3.005783
3.761497 2.126855 -2.997062
1.667382 10.745606 -3.002088
6.861715 9.008051 -3.002724
14.328537 10.374901 -3.017517
16.138904 1.442886 -2.997576
19.940745 2.823785 -2.984095
5.919674 1.145085 -2.996752
8.156320 9.041403 -3.000727
2.756307 14.777843 -3.007490
11.469806 10.098596 -3.001847
19.934597 10.663268 -3.024072
13.996950 14.739573 -3.021336
11.931404 10.155511 -2.990675
7.830656 0.617914 -3.020522
18.306760 13.006141 -2.953444
9.950940 5.458316 -2.986299
2.730102 0.032862 -3.016850
7.302831 7.600171 -3.006655
1.317249 14.083304 -3.028452
4.035576 3.880877 -3.000604
0.333788 7.345724 -3.004600
9.050458 2.610758 -3.028029
12.707066 0.867701 -2.996203
6.894671 1.199418 -3.014516
8.396680 10.901313 -3.001819
19.167572 12.920655 -3.011219
15.046459 2.152208 -2.976009
10.856242 4.339965 -2.972350
5.706153 2.959640 -2.962983
17.958959 0.416964 -3.004105
4.701116 8.294714 -2.987575
6.492448 10.495010 -3.047103
18.215758 9.713753 -2.990888
10.619997 5.826809 -2.971113
14.821524 8.373101 -2.978258
11.819080 1.439991 -3.023373
13.063012 2.343441 -3.037341
5.998875 13.987563 -2.960615
4.795782 11.454809 -3.011189
6.440907 13.816646 -3.021757
3.116902 13.727958 -2.985194
17.473028 9.716629 -3.010556
5.671673 13.918033 -2.999316
11.243712 6.272210 -3.006202
15.818604 0.055766 -2.990587
15.647268 0.920755 -3.014384
8.763569 1.627089 -2.985859
9.493044 1.398707 -3.006678
19.890522 5.246443 -3.012135
13.483929 10.511196 -2.996962
16.279537 11.889289 -2.990236
18.034937 8.855089 -2.997520
15.776091 2.184535 -2.984653
3.704424 11.248355 -2.974182
11.247354 5.316783 -2.989868
2.034274 0.228506 -2.998431
13.050330 4.199637 -3.024261
19.118120 4.942608 -2.978037
10.228783 4.116228 -2.976996
8.616405 12.218418 -3.008506
0.719677 11.410325 -2.985477
19.200968 10.453228 -2.989619
2.095271 2.095523 -2.960707
0.839603 12.081394 -2.947778
4.909845 10.187550 -2.999464
1.331830 2.908796 -2.987485
9.097293 9.752989 -2.991227
10.340475 7.209393 -3.001711
6.259610 6.594723 -2.980777
1.011892 1.682823 -2.976375
2.186434 7.786351 -3.006678
7.671841 1.505708 -2.975451
1.231352 2.461099 -2.982485
13.981156 1.986447 -3.013862
4.127706 14.328381 -3.000843
6.020508 4.239273 -2.983363
7.871580 5.334673 -2.975206
8.306014 4.830306 -3.003414
0.040809 13.498540 -3.026589
2.252803 8.465119 -3.003728
17.252542 13.795767 -2.993104
0.036308 4.510099 -3.019639
10.183152 1.745856 -2.996278
9.760157 8.340982 -2.996112
6.638991 5.175852 -3.028187
8.638686 12.031922 -3.032916
15.618652 13.190221 -2.989672
16.816243 7.072573 -3.015417
5.196207 14.570762 -2.997041
6.445994 8.286729 -3.007028
4.899812 4.048391 -3.011159
9.663145 7.343053 -3.027600
13.682021 0.541454 -2.981819
4.560838 12.051221 -2.967817
6.626043 1.540986 -2.991302
18.598803 4.643454 -2.975816
0.974081 8.515781 -2.982990
9.219632 0.649657 -2.997255
14.206136 1.187952 -2.995576
3.000759 10.448499 -2.999574
0.962954 1.089919 -2.996657
2.736763 7.192057 -3.002838
18.374846 5.073584 -3.009768
0.216077 3.448912 -2.991112
3.764289 2.844066 -2.998524
0.621866 11.457932 -3.008823
2.217635 14.277217 -2.987941
12.390603 2.116899 -3.018126
4.821327 14.384640 -3.021441
11.404554 8.902057 -3.013978
11.829016 9.613494 -3.003763
16.968466 10.665555 -2.983065
0.109607 10.572534 -2.998528
17.056902 12.280867 -2.974202
12.397678 7.238164 -2.999203
3.248867 7.977815 -2.996447
15.450438 4.838354 -3.029583
17.078555 1.571435 -3.001702
5.067764 9.982618 -3.001311
18.387411 0.500491 -3.015742
9.091431 4.109272 -2.989211
12.049746 1.431813 -3.006769
19.714241 2.838455 -3.013555
7.238340 9.604374 -2.966668
16.264014 9.463904 -3.005793
6.389958 6.296980 -2.991596
15.937437 1.330148 -2.990666
11.988430 6.509148 -2.981871
4.317088 5.271794 -3.009484
8.261206 10.804863 -2.997958
6.346592 8.718886 -3.014388
1.589997 7.352662 -2.998544
0.620358 7.327358 -3.008405
6.940675 14.502877 -3.010799
0.393002 11.381663 -2.990566
3.321082 7.468137 -3.029220
14.512871 7.168004 -3.011798
14.205064 0.392121 -3.014803
14.794659 14.118685 -3.008948
6.368044 4.788465 -3.031232
17.811269 3.831157 -2.969203
11.864487 15.012158 -2.964486
2.503508 10.776481 -2.992227
2.857226 0.715862 -3.004498
13.857007 0.929261 -2.998575
3.462156 0.370547 -3.011103
10.143482 8.993388 -3.008777
19.841968 1.037172 -3.014609
0.074554 13.983703 -2.967416
0.331973 14.057133 -3.009665
19.861376 8.166506 -3.003396
11.674037 9.244036 -3.051198
2.515639 4.407695 -2.983392
17.972425 0.987343 -2.986540
17.598549 11.041162 -2.977065
10.725300 1.576670 -3.007302
12.475299 1.280229 -2.973279
5.497678 4.647888 -3.009700
0.989734 0.162386 -2.986659
11.887420 6.511582 -2.988875
5.857956 10.640949 -3.006982
13.283069 12.032648 -2.972584
16.722806 9.022137 -2.998857
0.367225 12.682428 -2.997050
11.907055 6.070678 -2.986570
4.614336 12.723454 -3.009252
17.502480 7.596281 -2.998418
5.064477 3.354799 -2.973014
12.228360 14.175922 -2.987875
11.043212 4.107041 -3.004100
7.908813 0.371732 -3.037444
13.525485 3.634980 -3.001389
14.499532 5.501892 -3.008677
11.360567 5.267013 -2.986073
15.172509 7.841971 -3.001813
19.643629 13.244741 -3.014903
8.393087 4.358226 -2.999706
10.303109 7.829711 -3.015283
0.249753 5.105767 -2.969057
15.890945 12.308374 -2.943911
10.399139 2.326203 -3.011651
8.103851 1.557472 -2.983804
1.863206 7.535514 -2.981527
17.758124 10.051882 -3.004562
7.885098 11.927001 -3.025275
13.655918 8.841388 -2.989016
2.991491 11.611880 -3.028926
19.240844 5.884034 -3.003332
3.589801 0.478626 -2.972976
4.019729 1.756545 -3.019612
17.135931 0.602416 -2.997772
18.236751 4.957626 -3.017231
4.234465 7.442868 -3.022272
9.393828 5.366545 -2.995778
14.694847 8.431664 -2.999845
17.520580 7.187022 -2.984733
7.550049 10.162608 -2.993230
10.369781 9.992932 -3.012870
14.833279 4.777980 -3.003085
14.643705 5.177234 -2.997597
15.668107 8.769213 -2.983206
11.401656 8.962264 -2.996118
2.099830 4.707851 -3.012615
18.103954 4.967478 -3.020459
17.315068 10.363200 -3.011479
15.981169 9.708659 -2.997642
1.936922 2.017917 -2.993235
4.097253 6.634875 -3.004205
14.868694 13.363949 -3.004090
0.437570 0.507628 -3.021704
19.614666 12.822048 -2.995602
7.532624 2.411861 -2.981278
14.342807 7.597634 -3.001092
17.756032 6.350517 -3.036759
7.876576 0.136965 -3.015462
6.402051 13.706682 -2.993980
12.177989 6.843088 -3.002663
11.635610 14.310580 -2.991312
8.152741 4.248393 -2.992449
12.044119 13.003647 -3.010499
18.737422 13.826646 -2.991582
9.364698 8.386861 -3.006341
3.921780 3.010204 -2.968953
7.552548 10.287773 -2.937666
7.888641 8.208625 -3.003918
2.602678 14.160028 -3.008052
3.245690 6.561215 -2.968150
13.697218 4.023195 -2.984847
6.798976 2.079819 -2.986300
19.100647 10.492908 -2.984938
4.875189 14.607236 -2.969392
1.968932 0.432983 -2.991722
15.057900 11.090524 -3.007077
17.610877 13.874793 -3.013030
5.567592 1.147042 -2.988912
3.989771 1.665377 -3.011163
3.724384 10.379074 -3.003854
10.438201 9.719002 -2.973112
9.367940 1.054122 -2.981202
5.202138 12.480609 -2.977667
0.894304 7.865672 -3.019451
9.606125 13.647488 -3.019140
19.209569 13.172232 -3.008402
13.049487 12.161595 -3.000275
9.888476 7.730575 -2.981494
2.218925 3.746016 -2.982970
5.048584 7.578789 -2.985066
5.892135 1.488857 -2.963044
15.295725 9.881065 -3.008102
17.557815 1.999161 -3.030900
18.019264 7.694130 -2.983357
19.686272 0.843195 -2.985041
19.642002 4.489369 -2.993414
19.043345 3.481297 -2.993830
1.402703 9.296687 -3.006061
2.776432 11.764911 -3.007630
6.079695 0.878746 -3.000871
11.093887 12.767500 -3.008204
1.944351 12.904434 -2.982812
16.889295 5.117562 -2.990886
12.359639 9.841022 -2.972511
10.844485 6.001518 -3.060035
3.275639 2.312469 -3.001318
5.077773 7.918947 -3.022161
3.197979 1.296067 -2.995385
17.022880 13.195111 -3.012428
11.667163 13.853499 -2.978503
14.699933 12.310307 -2.981478
5.963512 8.442115 -2.975323
7.445774 8.351866 -2.999467
8.071448 14.765012 -3.012524
15.192242 3.703527 -3.005742
15.457704 1.136836 -3.037287
4.121348 8.398726 -2.995119
18.840843 4.936915 -3.015748
2.418044 4.825679 -3.022765
17.937280 0.122641 -2.981022
1.995746 8.967178 -3.009872
5.303866 3.950287 -3.004480
16.881147 2.811840 -2.998178
3.581640 0.641603 -3.023249
8.260087 5.447326 -3.011276
9.017814 13.214094 -3.014016
4.890719 5.026920 -2.973874
14.227324 10.183994 -3.027922
17.000560 11.351617 -2.989013
17.450180 4.915086 -2.967634
6.782093 12.354404 -2.987019
10.595322 10.372341 -3.002574
4.949078 8.369236 -2.969865
4.876383 0.036456 -3.008730
3.224568 0.537598 -3.011971
18.811738 14.822059 -2.991206
17.710406 11.729722 -2.982915
15.559620 14.037511 -3.023393
10.339457 13.538272 -3.040639
9.811894 0.312873 -3.005661
10.605420 11.882184 -3.010833
10.692636 6.769854 -3.019062
8.679695 11.852956 -2.971653
2.634335 0.111818 -3.028890
2.518188 4.321791 -2.975415
19.034185 11.265024 -2.978824
9.638775 11.873135 -2.948967
19.042539 9.294425 -2.993066
3.276890 4.515048 -3.003695
11.083632 4.633120 -2.956996
4.149945 14.513398 -3.006693
5.056597 6.579074 -3.030997
0.597879 6.698743 -2.976570
2.355132 8.273448 -3.017969
18.365819 6.125147 -2.988754
6.450063 8.287151 -3.027536
12.135301 6.502227 -3.025212
9.308123 12.403011 -2.992457
8.018457 13.617092 -3.019511
10.652020 13.969067 -3.055003
3.757754 8.443718 -2.990657
19.799934 6.632564 -2.980085
16.369233 10.610349 -3.021242
14.832128 12.588317 -3.003808
9.398230 8.436093 -2.958613
3.099986 10.505357 -2.988948
18.437151 11.222196 -3.026240
6.852870 10.151386 -3.004530
1.002356 11.144283 -3.003811
6.833013 3.148041 -2.980099
15.900674 7.483527 -3.029947
12.465988 8.836616 -2.975096
15.059136 0.003318 -3.007770
15.857862 12.842888 -2.999732
4.234411 9.170920 -3.022028
18.454844 1.916560 -3.007207
8.735220 12.244385 -3.003310
12.764543 10.773330 -3.001190
0.067428 11.370592 -3.000484
19.856114 5.880496 -2.985755
5.609701 12.823406 -3.016255
1.256443 6.198816 -2.982966
9.166460 8.588056 -3.023081
2.551078 -0.002690 -3.027692
3.018880 9.685528 -3.000084
12.636063 10.764898 -3.011945
7.891555 8.491930 -3.026443
18.452970 7.444067 -2.959225
6.372606 12.165967 -2.978356
14.513176 10.205732 -2.985173
9.233486 4.142898 -3.022569
13.148297 14.398008 -3.005237
11.990664 10.575179 -3.021962
9.446120 14.805637 -2.997643
19.012891 14.614312 -3.000400
6.876581 13.767046 -3.033499
3.537664 11.298619 -2.999707
13.546272 9.102355 -2.965279
16.909400 2.549808 -2.982037
0.790503 8.172075 -3.014668
8.981836 11.487544 -2.988136
17.865123 7.811063 -2.989428
15.007285 13.027598 -3.002853
19.807248 1.656822 -2.999157
10.620004 5.739661 -3.028557
13.232795 7.589021 -2.993650
6.041705 6.451538 -3.002792
18.957407 1.642323 -3.003961
7.282859 2.272091 -2.958960
14.748364 12.592800 -3.018682
8.059155 7.278268 -3.016404
11.268223 0.732351 -2.990783
14.390299 0.260543 -2.968424
10.176057 7.136725 -3.012232
18.157008 2.475463 -3.021372
8.390296 10.577037 -3.017064
12.948596 11.932778 -3.001452
6.845877 3.422650 -3.007354
8.165930 8.869776 -2.946864
8.772815 2.304975 -3.010115
2.556950 4.527337 -2.991482
1.839441 13.338604 -2.975273
13.374115 8.152452 -2.996120
13.073073 13.290312 -3.015880
13.254467 3.345010 -2.991903
0.361398 4.953331 -3.024530
6.513944 7.087377 -2.988242
3.979181 7.232396 -3.015457
15.593008 14.935409 -2.985078
17.202741 1.698074 -2.987711
4.952507 12.797781 -2.995703
13.359622 12.965768 -2.993925
2.598083 8.302059 -2.983144
5.470506 5.157932 -3.027677
2.778624 7.821230 -3.009482
5.672960 4.402145 -3.041354
13.484289 11.993902 -3.057940
18.187002 7.496205 -2.979940
4.057935 13.905277 -2.995698
10.852689 9.334057 -2.997684
14.015175 7.740060 -2.969569
19.086048 10.657878 -3.019075
12.226749 7.569873 -2.993428
5.089466 13.576109 -3.021706
12.522244 2.794267 -2.967379
6.423994 14.572590 -2.996053
19.565361 12.165486 -3.001184
8.021793 12.923343 -2.950397
13.693897 7.223822 -2.975517
0.440634 12.554088 -3.001313
8.021949 4.613897 -2.990859
17.494104 11.453523 -2.919484
12.218375 2.108746 -3.025957
8.866108 4.601505 -3.010692
18.718428 6.721550 -2.975057
17.076511 4.810630 -2.973253
6.443332 5.770727 -2.985751
10.911482 12.253053 -3.016491
9.794276 3.864829 -3.010315
12.627407 11.193761 -3.009366
6.693066 1.083451 -3.027047
4.899205 11.491137 -2.981551
18.242785 11.864447 -2.972786
18.447031 6.050511 -2.973590
16.883660 10.823411 -3.016330
19.559887 13.701175 -3.019234
14.912725 12.023682 -3.020991
15.306867 5.865784 -2.969802
15.263185 7.284374 -2.990458
9.631751 11.664621 -3.002435
9.128264 4.384044 -2.991122
4.817213 12.066086 -3.003539
12.881669 4.943011 -2.993005
5.766030 12.085985 -3.034866
5.156876 1.298039 -3.011489
11.750919 0.642836 -2.985872
8.243382 14.986677 -3.000631
4.354451 13.014616 -3.008231
16.307380 13.228322 -3.006526
17.209353 14.278903 -3.024756
3.340346 6.571551 -3.003910
0.186869 4.307178 -3.032272
6.730963 1.961288 -3.002503
15.925949 7.553298 -3.021398
16.796693 3.304726 -2.987984
2.800719 14.044496 -3.011173
15.508838 0.047425 -2.996729
2.288222 2.127285 -2.998972
7.808614 3.663090 -2.990054
19.955802 3.009944 -3.007039
3.829344 3.388193 -3.018325
3.104651 9.840725 -3.003034
8.467843 4.892582 -3.025783
12.401538 9.203372 -3.022000
18.674751 13.364370 -3.025077
19.604040 9.020277 -2.964474
1.410933 10.409575 -2.988476
2.732827 5.469097 -2.997903
15.823804 2.394128 -2.995040
5.414210 4.805489 -3.005923
17.688456 14.468878 -2.991784
13.273032 9.303599 -3.019979
2.244874 4.192100 -2.996952
16.642352 6.768216 -3.022736
3.553306 12.536427 -3.013389
8.466572 10.016113 -2.973767
11.039654 8.412900 -2.988525
10.000508 13.281317 -2.994511
13.692177 10.091648 -3.000915
13.056334 9.641659 -2.994817
19.867587 2.822932 -3.006843
20.001771 1.605449 -2.990812
10.384260 14.489414 -2.977381
1.897840 8.963017 -3.006286
14.571105 6.243388 -2.991935
19.528995 8.827836 -3.003597
6.381017 0.943994 -3.020125
9.239425 12.318895 -2.990622
8.491699 3.280999 -3.008361
1.031955 12.080322 -3.017479
13.443831 8.010345 -3.010276
7.057959 4.170820 -3.011971
15.760606 0.459441 -3.027940
16.652785 12.209230 -2.987438
16.414472 2.647069 -3.025886
8.335768 0.795616 -3.016139
6.418770 11.347258 -2.990408
14.927732 5.290956 -2.989429
16.041727 5.837139 -3.037107
9.838643 3.694710 -2.989121
17.856244 12.892438 -3.015500
2.895462 4.436175 -2.955089
17.626135 3.185543 -2.974490
1.920214 4.662077 -3.001924
3.039440 3.077308 -2.977424
10.676173 4.740325 -3.011724
1.313947 1.262945 -3.032066
1.061879 2.361077 -3.028534
0.015142 6.249117 -2.983236
8.700981 13.176857 -3.047753
15.448791 0.895325 -2.958328
0.698622 3.173644 -3.005969
13.062624 13.614897 -2.995247
16.462291 13.338844 -3.010524
3.365883 10.172225 -2.990965
2.927843 3.609651 -2.972321
17.212656 6.315555 -3.035841
16.453085 3.168869 -2.961533
10.739636 1.926903 -2.970866
16.368297 5.695719 -2.993365
1.858812 8.668639 -2.991031
7.916186 5.391790 -3.014811
14.751437 9.139186 -2.990330
5.141322 4.430385 -2.990027
15.023704 5.203168 -3.009567
10.106754 11.852249 -2.987362
15.008911 13.189599 -2.997801
9.260325 4.850687 -3.001754
7.373877 8.586542 -3.015466
4.365488 4.185541 -3.006065
4.186315 0.796456 -2.979532
15.038282 11.073617 -3.007480
2.382856 2.588909 -3.001084
1.730270 6.386615 -2.997508
3.560296 7.329717 -2.998412
3.511219 2.753036 -3.003459
16.468340 1.435343 -2.985016
7.947947 5.239735 -3.001775
19.788029 14.311016 -2.970734
2.749500 9.241210 -2.984651
13.098712 5.735715 -3.026554
9.014786 0.604975 -3.010190
7.837771 9.014195 -3.005565
17.508284 1.398733 -3.011329
19.489591 8.145877 -3.010668
17.460101 11.252391 -3.005044
3.860313 6.365899 -3.015767
4.392593 4.491488 -2.988779
13.129581 0.700520 -2.994044
5.811719 0.375771 -3.032663
14.698567 6.491278 -3.025748
11.329008 13.245652 -2.998082
11.022060 3.683741 -2.998304
16.596484 8.608479 -3.007003
14.197272 10.228246 -2.994484
0.572635 0.921613 -2.986265
0.980922 2.291619 -2.980307
12.071343 4.998911 -2.983895
9.724545 10.055592 -3.015070
5.174730 6.562991 -2.999004
8.367282 10.983537 -3.000746
15.151838 12.990511 -3.007404
16.525811 11.363251 -2.981467
11.186403 14.843992 -2.999934
7.709312 11.323500 -3.010779
5.395577 12.782542 -3.008832
10.469391 12.479011 -3.001064
6.344501 10.950091 -2.988877
11.294829 12.041655 -2.994210
13.536924 14.022255 -3.011520
1.328095 7.168684 -2.975786
0.027428 9.591422 -3.017384
4.240333 7.743053 -2.970257
17.874813 12.755883 -2.956372
12.927740 6.506861 -2.995863
3.444131 12.289792 -2.981149
17.832435 11.969619 -3.007049
9.417420 14.425701 -3.009868
9.542026 3.755880 -3.008993
18.715086 10.620123 -3.017910
1.192217 11.354421 -3.019338
4.289246 14.022877 -2.990899
11.676074 13.583305 -3.037259
3.918111 8.566833 -2.999365
13.623331 8.720766 -3.036118
4.287814 2.489589 -3.023863
1.980870 14.649006 -2.988007
4.125400 3.839363 -3.044874
8.439622 10.854565 -2.998434
3.518709 11.934096 -3.003494
2.694289 6.629035 -2.997013
17.199951 3.175941 -2.983478
6.396824 2.833218 -2.976762
7.193119 12.883534 -3.026783
1.098501 7.642344 -2.956241
7.137325 1.342038 -3.007415
5.298056 10.748723 -3.002658
12.139117 3.753709 -2.999644
4.128577 13.172102 -3.003754
17.783634 4.621545 -2.984653
18.581883 2.980369 -3.003712
2.024631 1.276497 -2.970070
2.133084 7.693924 -3.013043
2.311035 6.765397 -2.986770
12.396400 11.254898 -2.982394
2.474012 6.957363 -3.036705
17.057633 5.150616 -3.002622
15.096554 3.915696 -3.005377
16.394175 4.201596 -2.999399
10.496497 13.893801 -2.997215
19.910956 2.444933 -2.987289
0.897192 14.815284 -2.994127
8.029062 4.915840 -2.987905
6.426618 1.321044 -2.989642
18.964701 3.731080 -2.984986
11.538838 0.906374 -2.977460
16.121448 11.846486 -3.057006
3.400294 7.661228 -2.995575
19.575740 5.068716 -2.972067
9.972266 9.976352 -2.995351
9.847237 9.448456 -3.007455
19.429537 14.079136 -3.005960
7.611426 14.409945 -2.983772
7.963327 10.233588 -3.006621
11.719105 12.239959 -3.027768
2.536776 11.886561 -2.975952
6.409670 7.360019 -3.004320
3.875623 10.557322 -3.010668
2.038762 1.162451 -2.976451
17.324711 11.355519 -2.975277
11.774919 14.455894 -2.971928
7.174576 1.244650 -2.954210
8.181133 12.535259 -2.980877
8.644426 14.020919 -3.013247
12.669353 3.369116 -2.986673
18.534929 7.877788 -3.002927
18.650573 13.900509 -2.984191
7.859634 14.392257 -2.988929
6.593893 1.918398 -3.030532
8.994898 5.219444 -3.042780
11.386845 10.479524 -3.000599
9.192554 3.286900 -3.000047
13.214478 4.857587 -2.982724
11.078382 0.350471 -2.975706
6.407392 2.289023 -2.971639
6.915527 8.456767 -3.013705
7.599989 9.801824 -2.991304
1.895428 9.723568 -3.000034
3.312401 11.694598 -3.004061
14.432346 6.195633 -3.034534
7.794294 4.079331 -2.993998
4.293511 0.232416 -2.991232
11.256614 3.045253 -3.006473
15.119293 4.718623 -2.966271
5.121184 2.666108 -3.031322
16.566195 0.322424 -2.992988
18.553419 2.389327 -2.975773
11.971051 10.000627 -3.006985
13.394296 9.460102 -3.003813
1.044495 14.057921 -2.966718
18.895410 11.967257 -2.992981
7.859427 8.505894 -2.962330
18.486450 2.073973 -2.964822
11.570569 8.459309 -3.025066
0.088929 0.894147 -2.985043
0.779240 6.457732 -3.002008
13.623605 5.831164 -2.995917
11.267350 6.381562 -2.986301
0.497167 4.195037 -3.023268
14.897824 10.264314 -3.033004
17.045574 12.605893 -3.030092
9.938866 11.487925 -3.020725
9.303644 9.432326 -2.974091
0.131518 8.072107 -3.048546
15.740811 0.495674 -2.975324
6.623580 10.820220 -3.010506
17.613949 8.146410 -3.022957
7.480063 4.052493 -3.023635
11.332118 4.926852 -3.007636
5.383920 14.075050 -3.000489
3.239713 9.383306 -3.010418
15.487899 7.167613 -2.970750
9.894271 9.324822 -3.002424
10.709092 6.211370 -3.026992
19.298990 7.036765 -3.009996
19.270169 4.334328 -2.968536
17.122708 6.633691 -3.003202
3.741210 10.319052 -3.011561
11.881888 0.613530 -3.024755
17.577174 11.937078 -2.974613
7.507080 4.270693 -3.002208
2.004870 10.280597 -3.030534
16.190728 9.652182 -2.967500
9.639062 9.809407 -3.039916
11.277863 9.084455 -2.984392
19.611941 14.360971 -2.989719
12.165465 7.621983 -2.988597
8.510343 10.980478 -3.021894
7.410985 10.594002 -2.982120
8.358627 3.520644 -2.986193
2.367954 4.239933 -3.005893
15.881206 6.378033 -3.028362
16.734467 4.158893 -2.967725
5.709028 5.468330 -2.972973
6.102921 5.840929 -3.050429
17.485241 9.080417 -2.968175
0.461991 3.333390 -3.044559
10.401788 12.056034 -2.976953
9.299480 6.582130 -3.027011
13.819788 10.603843 -3.033425
3.226494 1.242397 -3.003602
13.340911 7.045317 -2.992719
7.533023 0.392253 -2.962289
12.394380 10.131942 -3.005902
0.809090 5.133059 -2.993546
9.207929 14.237382 -3.023371
10.422656 4.894778 -2.998815
4.290676 8.416861 -3.011940
2.801697 3.864696 -3.043081
3.773629 9.309021 -2.974325
6.869717 6.960794 -3.019935
1.914262 5.574158 -3.054335
18.937429 3.083856 -2.999856
8.117808 1.639984 -3.032040
16.208137 1.800211 -2.997935
19.465979 14.987616 -3.022919
1.638443 6.239218 -2.990321
13.020690 -0.021728 -3.033689
17.459279 14.273348 -3.007417
12.697795 0.329345 -3.003992
8.572429 6.280224 -3.012553
8.610051 10.770401 -2.996294
0.760610 13.727766 -2.976977
10.670589 10.703798 -3.014460
19.878769 6.968157 -2.999003
19.222297 14.645190 -2.976455
0.823270 0.625058 -3.028739
14.143346 14.783558 -3.011287
6.046525 12.765538 -3.023072
18.049532 13.935901 -3.003727
0.919376 3.890305 -2.991614
18.702778 2.110941 -3.006505
16.730710 9.959080 -2.990960
2.340824 7.777591 -3.014709
1.194098 7.860303 -2.982159
16.719705 13.877858 -2.978982
3.101851 9.319575 -2.981905
10.728221 4.632589 -3.018144
18.331360 5.947971 -2.990160
11.370158 1.990910 -3.008604
7.923183 2.874280 -3.009851
8.886664 2.135497 -3.005420
1.256681 12.191853 -3.007884
19.381929 10.561564 -3.011792
6.178996 7.923748 -3.024140
3.790944 5.637041 -3.035733
5.709965 10.000077 -3.005286
19.308979 12.184643 -3.000950
1.914826 13.227656 -3.015202
17.349239 8.188692 -2.991590
14.167185 12.270934 -2.996497
16.598032 7.680483 -2.983373
19.527500 7.111887 -2.981333
16.825632 12.955067 -3.063906
18.866244 5.779178 -2.992045
2.499281 5.925747 -2.990595
15.895175 4.581855 -3.011140
10.912858 7.792429 -2.980944
10.871762 8.156470 -3.009161
17.991171 9.886492 -3.003561
19.428359 6.455467 -3.020186
14.059728 3.277974 -2.980717
9.622924 13.010009 -2.978336
9.139995 5.181680 -3.018870
7.728449 13.849107 -2.998084
7.228378 3.088647 -2.991546
7.839554 8.404879 -2.997780
1.828650 8.036739 -2.974371
1.534041 12.451897 -2.975333
15.591536 2.115990 -2.990619
8.903912 13.641574 -2.977345
18.632151 7.950262 -3.002785
12.248491 8.781489 -2.952844
0.708193 7.651258 -2.976183
3.143163 0.560522 -3.033355
4.107323 7.477341 -2.968596
19.499255 3.935449 -2.988651
4.361624 5.134951 -2.982472
10.304231 9.697215 -3.026022
18.723738 7.428188 -3.005943
19.516013 1.431072 -2.956697
4.706045 1.100754 -3.019208
0.976167 2.820935 -3.009334
3.066316 2.844427 -2.977076
1.201304 9.115655 -3.000918
3.889263 2.684488 -2.975959
11.343154 13.267661 -3.028465
18.274749 3.149406 -3.010074
10.736190 1.366301 -2.995832
12.501388 13.131511 -3.015413
4.013044 4.413567 -3.022999
16.003269 6.389989 -2.997586
12.395265 14.341187 -2.990613
17.282865 14.181852 -2.985671
18.973562 10.727206 -3.014881
6.970289 0.996507 -2.984463
1.811118 8.890361 -3.004651
4.515395 14.862115 -2.935330
8.781229 14.192437 -2.987404
18.927340 1.571534 -3.025216
7.564931 5.955664 -3.032236
15.401046 4.744504 -2.999166
10.837859 1.917694 -2.952957
3.625416 10.381391 -3.001178
6.391993 4.106950 -3.001475
13.059922 5.156139 -2.991347
13.450721 1.377456 -3.003607
8.675902 7.435759 -3.003442
4.547528 2.345519 -2.989451
14.402582 6.509600 -2.996806
3.376584 2.129438 -2.984713
18.733336 14.294026 -2.996004
3.724416 2.142031 -3.022404
2.153238 7.828242 -2.979020
9.934554 2.966191 -3.002277
10.372131 1.153133 -3.001320
10.151276 3.035469 -3.002591
8.730276 0.813360 -3.026099
19.897793 2.074906 -3.020407
9.720798 7.416943 -2.996288
9.548309 9.765806 -2.987284
8.387387 1.326045 -3.037480
1.308207 6.604994 -2.956598
11.892681 8.732835 -2.992869
4.522110 3.516520 -3.010984
12.735846 5.584272 -3.009422
1.034055 1.038804 -2.998500
19.610160 3.293773 -2.993907
9.357755 7.004579 -3.004247
17.921896 14.847221 -3.003091
9.495867 14.944118 -3.005564
1.194391 14.726122 -2.991695
16.436617 6.349213 -3.020536
12.954939 1.203804 -3.024936
15.642888 4.843489 -3.007109
8.552023 3.624897 -3.013252
12.717361 0.179900 -2.984814
17.151309 1.414868 -2.974421
12.636141 6.794089 -3.005209
6.957090 5.112486 -2.992054
13.237056 2.701822 -2.960375
13.442108 10.758886 -2.989202
19.217206 5.358908 -2.982052
7.432619 12.783296 -3.013875
8.509347 3.613317 -3.006165
16.296035 8.045121 -2.980830
10.097993 2.764712 -2.948628
14.712214 7.415032 -3.000350
9.177245 2.304679 -3.010691
4.322983 2.397096 -3.036137
14.899497 9.151980 -2.969635
2.592507 3.936037 -2.991728
3.959946 2.555141 -2.959201
12.516467 13.942599 -3.004184
14.959602 0.654296 -3.016536
17.887241 8.472683 -2.985021
5.428364 8.264320 -3.015184
2.214310 3.735933 -3.025963
19.103445 6.772166 -3.008285
3.068882 1.329978 -3.015660
3.935463 10.811193 -2.980143
5.830887 3.323463 -3.028661
10.564973 2.875212 -2.973863
17.667123 4.705945 -3.011287
15.194415 13.517832 -2.990794
14.157400 11.988623 -2.974993
3.529801 14.216812 -3.008453
7.165608 9.772459 -2.967394
9.576184 9.949070 -2.997459
2.983324 7.171790 -2.963234
5.464871 13.549672 -3.015044
6.133648 7.676230 -3.020766
2.548897 5.348585 -3.013440
10.999432 9.579558 -3.007767
14.152044 8.207651 -3.005295
1.386399 1.859445 -2.997399
9.614081 5.901482 -3.019069
15.625056 4.707285 -3.023373
14.974383 12.702221 -3.036558
16.303652 5.648935 -2.986133
8.959838 12.360350 -2.978574
16.389928 6.595429 -3.015102
4.790636 11.339023 -3.000206
7.234880 2.023528 -3.003593
3.526459 13.891884 -2.993768
9.328544 7.240849 -3.005856
7.832090 3.840384 -2.987312
4.820563 3.624343 -3.008056
15.024110 3.968768 -2.990737
6.289718 5.496242 -2.981021
5.454507 10.752708 -2.996032
2.590619 14.248700 -3.030844
8.755879 9.995188 -3.003502
6.091485 8.205153 -2.987128
7.432503 6.737048 -3.015304
4.707394 12.422930 -3.012658
15.251948 12.764563 -2.979477
18.567129 4.379202 -3.009280
9.970619 14.324165 -2.945961
12.850655 5.918416 -2.988229
17.329801 11.998352 -3.008301
19.924160 14.504763 -3.003647
12.295754 10.554981 -3.025095
17.790427 2.381439 -3.024218
18.184875 8.787108 -2.981550
15.789692 1.776808 -3.009510
9.237745 11.850586 -2.987155
1.653908 4.212366 -2.973298
0.295227 10.406605 -2.984945
9.513918 13.662800 -2.997974
9.907728 2.713959 -2.998879
8.157433 5.879615 -3.014124
11.372836 9.706196 -3.008146
11.041598 6.326770 -3.008860
16.722820 2.588135 -3.000847
2.186280 0.452798 -2.997836
4.522670 6.113597 -2.977741
15.879786 9.769535 -3.003394
16.930196 8.623037 -2.984389
19.927884 2.369244 -2.961091
17.470637 6.764978 -3.027700
17.804142 5.531016 -2.995770
6.288049 4.122471 -3.001947
8.051933 10.884606 -2.996200
5.385752 4.682181 -2.985361
12.159686 8.105508 -2.999943
18.786695 13.848289 -3.015647
6.882513 8.066897 -2.989432
11.140263 9.248138 -3.011334
5.936094 1.114299 -3.022610
3.370246 2.691102 -3.027503
3.914660 1.546606 -2.967615
1.173664 11.486370 -2.954962
18.939183 12.529530 -2.983030
8.050846 2.821625 -3.000787
16.685053 3.283583 -3.010450
13.615647 4.853533 -3.015491
3.857487 8.879229 -2.978012
3.486666 9.292953 -3.000084
16.297740 10.326634 -3.011089
5.302724 13.592443 -3.027368
18.293096 4.422254 -3.001814
2.801584 9.904276 -3.015104
13.520033 8.402302 -3.040873
16.283455 4.611296 -2.988418
4.725975 13.623635 -2.951793
5.512382 1.440214 -3.008762
19.309514 10.678784 -2.965623
5.281336 10.946248 -2.988137
8.598492 13.740747 -2.994775
8.657431 7.774571 -3.014032
5.053994 4.790672 -2.983161
15.491118 12.411757 -2.987039
15.453775 11.526661 -3.001837
7.575555 7.505775 -2.973119
16.686080 11.476880 -2.983793
4.250757 3.982963 -3.003170
0.110727 8.817330 -2.953280
11.406590 12.979492 -3.024383
19.882388 4.767093 -3.029790
0.829403 7.243343 -3.009889
4.179342 14.301958 -2.977471
10.354269 11.977456 -3.037627
16.216849 13.272882 -3.016064
1.780776 5.787606 -3.005219
7.935075 14.962044 -2.987106
14.916928 2.322471 -3.016061
7.465615 7.822003 -2.989747
3.797369 7.127442 -3.003900
3.931960 11.994973 -3.024394
8.195101 13.578539 -2.991740
9.550675 10.989700 -2.976346
17.226801 9.412669 -3.004342
12.849887 6.388493 -2.987550
13.775215 7.618290 -3.002439
19.655519 7.644951 -3.012990
8.274583 0.308739 -2.995342
8.071033 7.565745 -2.988480
18.475780 12.854282 -3.036492
4.881775 10.637589 -3.003953
14.607901 11.936030 -2.988363
15.066551 5.857060 -3.026821
1.963497 7.897033 -2.993034
9.335248 0.494583 -2.982101
4.015797 5.712056 -3.013448
3.677478 7.082346 -2.997647
9.287768 3.836946 -2.987947
5.788356 0.463147 -3.021461
15.912407 10.329695 -3.016903
18.153876 6.523960 -2.938705
16.027496 6.232671 -3.028475
5.312862 3.742859 -2.983102
5.473695 8.063630 -3.008606
5.066546 6.557360 -3.007639
2.702238 7.120946 -3.004692
18.870924 8.678654 -2.989205
8.027038 0.109812 -2.973671
4.490031 13.594972 -3.000334
16.940395 1.060001 -3.011281
7.995177 6.773823 -3.006926
0.669255 3.119721 -3.015347
3.243118 7.859759 -3.037779
12.786628 4.213742 -2.987257
15.660453 12.860554 -2.974458
4.226908 5.921331 -3.015755
18.352536 9.594929 -3.009759
17.036453 3.697341 -3.020849
16.926328 0.273144 -2.969838
4.594379 6.067010 -3.012769
1.006287 8.056764 -3.031260
17.337021 6.921905 -3.020914
6.101024 14.430479 -2.994337
12.365828 10.604127 -2.987841
15.238567 14.932522 -3.000826
2.596414 4.414918 -3.026487
15.621772 11.857323 -2.992779
18.768289 8.304409 -3.001167
14.592162 9.151723 -3.004895
8.816705 14.773844 -2.995042
17.542429 9.818465 -3.019536
10.516233 13.487501 -3.010118
14.932185 10.923944 -2.960186
16.391317 1.922179 -2.982581
15.002224 10.484268 -2.974417
5.757107 7.267296 -3.030757
2.369773 13.776762 -2.990704
4.771473 12.106135 -3.000914
10.073231 1.558042 -3.029104
10.116918 1.992555 -3.026485
11.632442 1.049832 -3.001930
7.859383 7.391000 -2.976615
15.728802 1.208267 -2.979140
18.278985 10.875610 -3.055451
4.969172 8.298107 -2.950770
14.714818 12.503006 -2.999856
13.553930 4.210010 -2.978501
10.460064 7.782298 -2.989546
3.765478 1.755396 -2.979257
15.929841 13.290829 -3.003365
19.169730 2.622110 -3.015160
14.434132 1.522012 -3.000415
18.336414 3.050145 -2.975546
19.664312 12.093479 -2.980910
7.059300 1.603115 -2.993943
12.778951 9.243874 -2.991500
9.441911 11.182149 -2.986073
19.720033 11.298620 -3.001264
1.877861 2.873408 -3.003657
8.251024 0.942342 -3.029445
17.505075 6.748679 -2.998688
5.710373 3.005762 -3.033800
15.771251 10.506378 -3.003865
7.663671 5.365296 -3.016277
19.585434 6.744104 -2.981918
17.647278 1.698315 -3.004885
6.034766 8.513080 -3.010918
15.428834 2.772078 -3.005842
6.705301 10.170512 -2.989678
12.133669 1.079523 -2.988980
13.211370 14.623462 -3.032388
16.570897 10.253832 -3.019487
0.490890 2.750997 -2.969207
4.413244 0.254245 -3.007127
14.205706 5.038007 -3.036772
11.255365 2.302601 -3.002048
9.908283 3.252554 -3.000216
1.124272 13.091653 -3.016605
6.940567 9.031878 -2.992153
17.308877 2.630855 -3.044215
0.626257 8.331937 -2.986219
7.913603 3.816952 -2.996937
18.950120 14.657994 -2.997276
1.024792 0.456336 -3.022447
14.943896 11.019374 -2.969452
5.160109 11.597658 -3.031032
17.327791 1.043289 -2.997372
14.910067 2.542879 -2.972394
17.712702 5.729465 -3.018485
4.292945 13.019688 -2.995853
10.615791 8.070540 -2.998424
15.606645 9.822459 -2.939093
4.902705 11.727126 -3.020526
4.610707 12.387451 -2.994109
0.505537 7.147502 -3.027025
19.162680 7.643988 -2.953919
14.178778 10.767082 -3.014475
12.693810 3.935836 -2.983519
14.870133 12.862332 -2.991680
10.612058 0.304468 -3.016037
9.538678 2.903798 -3.026819
8.978814 12.016658 -2.975339
12.836395 5.114469 -3.001658
4.046592 2.224602 -3.036893
17.769907 2.781208 -3.001306
16.237440 7.966308 -2.981244
7.007914 12.696623 -3.008840
11.574341 1.047837 -3.003929
2.872909 0.460857 -2.990995
19.432815 6.997924 -2.984795
18.073201 14.347109 -2.979316
18.463384 4.190809 -3.002292
6.661152 14.369476 -3.014359
3.381628 13.280391 -2.983448
4.216185 4.237596 -3.004266
1.800814 12.247348 -3.001347
2.401020 10.279069 -3.015464
1.447720 7.635248 -3.004114
19.787083 6.352118 -3.029086
1.471158 12.230494 -2.978599
2.657485 11.872522 -3.009750
16.562813 11.330030 -3.001573
11.604622 14.966124 -2.946085
15.480089 7.186682 -3.015326
12.628795 12.121260 -3.011759
17.642407 12.919270 -3.022888
12.790086 3.162959 -3.048272
10.477809 0.614955 -3.004927
14.287812 6.068391 -3.003267
8.923292 12.818354 -3.003328
6.928533 4.342660 -3.009625
9.353454 10.463408 -2.990797
3.397510 0.149695 -2.999850
15.912581 5.329452 -3.006556
5.222770 9.233288 -3.025199
3.037916 1.951616 -2.972338
4.928632 13.465370 -2.979744
16.846739 2.327820 -2.996094
6.628167 13.657501 -2.985035
13.711746 3.241793 -3.002375
17.127166 14.937539 -3.046943
1.555504 9.069641 -3.027430
15.313923 1.250683 -3.007141
6.190285 0.999358 -2.988510
4.340063 1.120532 -2.960012
13.794072 8.833400 -3.028002
18.207269 12.142571 -3.028579
5.908956 6.039061 -2.989387
11.385511 6.660371 -2.987343
5.786724 8.830658 -3.010645
11.108331 7.989998 -2.972551
12.472910 10.306152 -3.058420
12.227598 7.069946 -3.017324
12.459153 10.699614 -2.974056
2.704794 14.985333 -2.990116
13.864625 5.246660 -2.988768
13.511416 0.203168 -3.005231
13.655267 1.896056 -3.007679
1.458712 8.286587 -3.004821
8.950021 5.189046 -3.027121
8.168756 14.092582 -2.984106
1.723667 9.403097 -3.028240
4.457027 7.802100 -3.013081
8.814062 11.993132 -3.020098
14.841293 3.903893 -2.998485
4.754637 12.304113 -3.000707
16.588032 0.062548 -2.976753
10.937649 9.271451 -2.973902
15.201275 14.006257 -3.003387
9.467742 11.828709 -3.005108
10.000638 12.807310 -3.011459
12.380227 5.962525 -3.001650
18.531902 12.380527 -3.009606
9.868094 8.234415 -3.003614
10.559151 9.258595 -3.009736
12.075351 0.886597 -3.015834
14.713730 2.988848 -3.010729
1.424333 8.259985 -3.045444
10.311915 0.902570 -2.967543
9.593943 11.105674 -3.017085
18.436614 12.576460 -2.966355
9.871002 13.802972 -2.968146
9.366090 1.534533 -3.015016
19.216590 14.083596 -2.956260
9.024190 1.019791 -3.019527
3.635914 7.083689 -3.031341
4.327145 12.642855 -2.962042
1.894726 1.041183 -3.032807
0.012923 0.276706 -2.984209
8.657127 0.370267 -2.988879
15.370839 7.679794 -3.010145
14.678518 12.181521 -2.998624
0.658873 1.879992 -3.021298
11.394257 1.840289 -3.008137
3.078170 8.554397 -2.997149
18.842114 3.520468 -3.010713
3.349974 10.967795 -2.976132
12.530138 14.211581 -3.034356
6.518239 11.443743 -2.964098
12.843165 13.144917 -3.022193
8.265734 7.771518 -3.020365
15.177542 12.487071 -2.987584
4.637436 2.764447 -2.999985
18.136247 1.011798 -3.036417
9.990770 9.823171 -3.012640
15.102675 0.770065 -2.987600
17.028909 13.352714 -3.025755
19.960743 10.388627 -3.004099
4.464431 14.297346 -2.980872
5.737473 4.691975 -2.994594
5.003996 7.287554 -3.010248
5.275926 11.130353 -2.979286
11.675621 3.650864 -3.010130
19.891257 8.137046 -2.947933
19.811764 9.905963 -2.994192
10.533483 14.676954 -2.994115
12.790968 11.193637 -2.993823
17.190153 1.765426 -3.026459
18.691893 7.119178 -2.980651
4.082744 8.837636 -3.002349
10.555079 2.179976 -2.965431
16.659020 6.501996 -2.972302
6.055825 4.268557 -2.999100
8.773037 1.778704 -2.988250
19.702441 7.674132 -3.003467
19.743165 2.447815 -2.989967
18.117069 8.845248 -3.005558
15.982314 2.559944 -2.996280
5.404465 10.879301 -2.983672
6.406078 2.938513 -2.990016
10.929344 13.412888 -3.040456
11.216945 0.399101 -3.023636
10.130977 7.833005 -2.973011
12.740816 4.780245 -2.990834
8.179863 3.365195 -3.028842
14.985489 7.054025 -2.977582
6.662855 12.664785 -3.042483
6.616236 13.757746 -3.017806
2.541335 4.540669 -3.013675
3.779137 2.287746 -3.002219
17.020737 10.797805 -3.020004
8.946250 8.744586 -3.020824
4.531474 2.996204 -2.989095
15.192333 11.420238 -3.006523
11.061128 7.802333 -3.011069
0.426851 9.769929 -3.011396
6.347417 5.375760 -2.983710
3.493408 6.575276 -3.003427
13.152308 2.681750 -2.986580
5.521759 11.333308 -3.007470
1.301768 2.325540 -3.009102
1.124222 11.684992 -3.003135
11.636807 11.981736 -2.984552
0.423341 11.229709 -2.973673
16.989387 0.274483 -3.020404
3.101410 4.098213 -3.035370
12.141221 7.050815 -2.988471
8.880240 8.917278 -2.994003
8.853964 13.797192 -2.987966
1.457781 5.611447 -2.995568
16.047776 13.123377 -2.982712
17.880512 2.479408 -2.991488
0.218133 5.564150 -3.034695
3.598878 0.777792 -2.989882
18.091664 11.112433 -3.018467
11.020813 2.265600 -3.011612
2.998265 3.877025 -2.981314
4.026487 11.661184 -2.980677
13.196675 7.996916 -2.978920
14.505865 0.180435 -3.004642
12.051060 0.033858 -3.014839
19.042798 7.695351 -2.983045
9.909421 4.579296 -2.974920
5.988472 2.707924 -2.994259
9.572307 9.210286 -3.012510
7.194607 3.393019 -3.046419
4.504945 8.875612 -3.005228
0.935884 5.716929 -2.989310
7.082811 2.811247 -2.993956
14.232995 2.045861 -2.980880
0.319847 3.541184 -2.999541
8.767775 0.438447 -2.963212
12.902269 4.608188 -3.009391
12.182542 13.543420 -3.004995
15.493639 12.472448 -2.991220
16.229657 5.578589 -3.007453
14.273842 8.637636 -2.985609
2.045163 8.524207 -3.029113
9.491208 12.406898 -3.012099
12.093129 3.532105 -2.985635
4.941666 4.445261 -2.980125
0.861658 4.529110 -2.984994
4.508605 0.600304 -3.019184
9.077530 4.740207 -2.977413
8.267866 13.125986 -3.013495
3.544297 13.678480 -2.996393
16.477844 1.664812 -2.993136
18.525463 6.874059 -2.989513
4.036138 5.701672 -2.992539
18.607288 7.363491 -2.991678
0.337914 8.304567 -3.008703
18.503039 0.301437 -3.022475
19.015981 12.591663 -3.062389
0.238402 14.651366 -2.964064
15.240821 9.804070 -3.029292
19.377789 9.882834 -3.004510
18.114395 7.924752 -2.986736
19.407466 5.014825 -3.021876
10.979580 2.204688 -2.987015
1.556365 8.723528 -3.001262
16.970808 0.707329 -3.011576
12.290195 12.389318 -3.019099
12.296256 6.324745 -2.997689
8.352294 6.194721 -2.988919
11.427116 4.914552 -2.981600
3.084972 14.547283 -2.987157
14.809169 2.653664 -3.000681
1.503625 2.288259 -3.009808
14.568910 2.492837 -3.004120
16.955418 9.887923 -2.971377
9.416779 14.898876 -3.050741
10.188602 3.568938 -3.006566
6.246084 13.599518 -3.034329
19.390614 4.180533 -2.962754
14.637775 9.710868 -3.018567
7.359083 0.630032 -2.999467
3.485036 7.424453 -3.011265
4.382116 9.793261 -3.005175
9.271262 8.029641 -2.996899
18.856166 3.556398 -3.002883
14.726099 12.469863 -3.021082
4.286586 14.530860 -2.978859
17.183252 6.892735 -2.960061
7.563801 9.552914 -2.989592
17.022679 11.877382 -3.016994
4.860790 3.610587 -3.009559
12.351442 12.948271 -3.008535
18.484783 4.198347 -3.010159
5.173680 11.645922 -3.014153
13.849361 1.676796 -2.970281
19.729806 4.311405 -3.022572
2.982325 8.010439 -2.995942
1.793701 7.894660 -2.952058
13.482426 12.751257 -3.026005
6.808651 14.944280 -2.986975
1.402107 1.615195 -2.995896
9.508893 4.057157 -2.976214
15.116420 5.341766 -2.985591
5.644891 7.197148 -3.037403
6.690438 7.382386 -3.004312
16.930764 12.805780 -3.007190
10.391171 11.590011 -2.991365
16.831095 0.273348 -2.968878
8.942077 6.806962 -3.005341
19.054801 9.260348 -3.034204
13.002339 6.933718 -3.007623
2.315912 1.962489 -2.955637
17.702037 5.983990 -3.011964
9.780116 6.175086 -3.015483
2.828705 2.833500 -3.016007
3.053804 11.358781 -3.016489
13.772587 4.822468 -3.003302
0.907287 8.827337 -2.992568
5.766782 7.747310 -2.977476
2.771570 13.158870 -2.975585
8.803794 1.849528 -2.985334
8.292570 1.707371 -3.019726
10.473036 4.517432 -2.993188
5.584470 6.468982 -2.996706
0.648869 4.492821 -3.015649
12.258390 11.449492 -3.034944
7.467887 3.668804 -2.990165
13.066352 1.232729 -2.954516
2.168678 6.213953 -3.028297
0.295485 11.601519 -3.001229
4.927137 12.759905 -2.983083
9.126221 11.023657 -2.977342
7.868618 8.400202 -2.999094
16.207046 10.864855 -2.998614
7.504150 10.217133 -3.027279
10.641350 3.547221 -2.982961
11.865543 8.241223 -3.013152
0.475481 11.545296 -3.047112
10.323271 4.786820 -2.966816
6.917392 9.833628 -2.998941
8.384077 7.222764 -2.987569
2.003043 7.543766 -3.019282
15.636377 1.387589 -2.962513
18.848032 9.998888 -3.019617
0.458228 13.020499 -3.030585
12.036733 2.132250 -2.989448
15.309738 5.532305 -3.004670
5.709615 0.731696 -3.012642
15.756528 0.457908 -2.995661
12.629477 14.835606 -3.009118
18.566404 7.408343 -2.991638
19.639687 5.315633 -3.011550
0.878014 4.119866 -2.999397
8.895253 14.722850 -2.976564
10.962020 3.784293 -3.017449
2.973369 10.902752 -3.009133
6.754193 4.245659 -2.971786
19.782515 1.038913 -2.988365
0.340253 10.301447 -3.014846
9.078809 0.024810 -3.024827
16.850693 10.136277 -3.021178
6.484269 3.774805 -2.995236
9.585133 11.188594 -3.000091
19.565261 11.568449 -2.994561
9.469483 10.850362 -2.996680
2.640909 0.393209 -2.964506
1.037042 10.571315 -3.029089
18.916929 14.830679 -3.001251
5.376785 3.645452 -3.017276
10.089434 4.103237 -3.019215
1.856098 12.224234 -2.993089
8.465266 2.399736 -2.969150
18.608242 9.847099 -2.951581
10.051921 11.332263 -2.978266
19.432011 0.572348 -3.008474
5.152117 8.312036 -2.971368
10.077949 8.623598 -2.975580
17.181471 4.543432 -3.007463
8.963747 13.113697 -3.010787
5.594355 2.445711 -2.976840
17.146295 5.493170 -2.981707
7.794815 12.717569 -2.999642
10.626177 2.876080 -2.987538
19.528118 12.336349 -2.974783
3.747269 1.185397 -3.016677
6.010861 7.324812 -2.994858
0.631788 1.101669 -3.010080
7.841620 10.150560 -2.991322
3.997520 11.844554 -2.998936
13.608544 12.730908 -3.004852
3.635783 14.703692 -3.033155
13.465524 10.071875 -3.026368
5.262554 11.569228 -3.027572
7.098705 7.629020 -2.991837
6.969859 13.687916 -2.991413
14.368950 9.645759 -3.015152
9.302609 13.255333 -3.028114
7.216702 3.513607 -2.978518
17.042286 7.459005 -3.032082
11.441643 10.923221 -3.008513
4.320840 3.059470 -3.002568
18.065804 3.151793 -2.976696
6.822352 14.665763 -3.026956
0.784733 6.520275 -3.006153
9.913846 2.715890 -2.993463
2.495172 4.942294 -3.014968
4.770406 5.973245 -2.971575
14.937900 9.339949 -3.017452
2.621636 13.839278 -3.005481
16.137007 14.809884 -3.011275
18.722703 9.784116 -3.060514
12.118568 10.475809 -2.975935
14.198365 4.816223 -3.000972
14.259825 12.849326 -2.998058
19.847718 3.258391 -3.020203
6.807690 1.596922 -2.993868
3.228568 14.614039 -2.984719
10.402838 12.968078 -2.987258
10.708697 4.548647 -3.020914
3.527569 10.162674 -2.964624
12.243696 6.990729 -3.006480
0.306980 4.821177 -3.039332
18.596718 4.307861 -2.990912
5.287383 2.049727 -3.030284
0.774386 8.241874 -3.045418
2.158938 6.691667 -3.006054
4.793957 7.662878 -3.036441
5.481018 3.224355 -3.027506
0.657451 14.073261 -3.009220
5.543958 9.592523 -3.024661
3.860100 13.477844 -3.007775
7.595464 1.649700 -2.977399
7.709962 9.350687 -3.035623
6.773804 12.737429 -2.975527
6.548353 4.969109 -2.995485
1.817779 2.924473 -2.983444
0.470002 3.943039 -3.045667
4.058006 4.107479 -2.982063
15.119441 6.696714 -3.002421
19.845069 4.923331 -2.984124
18.577144 4.095819 -3.005117
10.076568 9.725104 -3.019574
10.632977 0.773137 -2.979500
6.302505 5.134048 -3.032586
15.516823 10.314830 -3.023966
15.282717 2.663901 -2.995489
16.880571 3.298065 -3.027519
17.932744 3.025972 -2.972951
8.694921 -0.038950 -3.024892
15.346809 7.099122 -3.011177
16.105910 0.603334 -2.990876
6.179216 4.081425 -2.996474
18.558090 14.919455 -3.050559
1.855468 13.769497 -2.952498
19.849369 3.201266 -2.995665
15.437203 4.654080 -2.985957
1.858666 6.945356 -2.998356
13.111427 12.680689 -3.032125
0.701388 12.040475 -3.004294
15.370879 1.874026 -2.976027
15.980286 1.872301 -3.017591
12.047624 6.223541 -2.998002
17.144621 13.057843 -3.018072
1.950825 13.242019 -3.004229
5.512731 1.648557 -3.019020
8.305159 8.591366 -2.986904
0.863322 2.324921 -3.024350
8.924913 10.279637 -2.989476
5.282717 13.748438 -3.029529
7.850022 6.798599 -3.001560
8.492031 1.222434 -3.013177
17.569552 8.662534 -2.978345
5.399616 6.083706 -3.012466
17.893157 12.148254 -2.970045
8.502286 5.115235 -2.979267
6.565158 13.095968 -3.018849
10.073642 4.089414 -2.980486
8.346260 2.365593 -3.027722
5.135281 4.579700 -2.995488
10.055450 0.532990 -3.009810
3.017430 4.222344 -3.020592
7.060167 9.899474 -3.006523
11.325048 2.132717 -3.033161
8.246936 1.691629 -2.998322
16.444616 1.992822 -3.011185
5.116945 1.140378 -2.980001
19.356122 13.102781 -2.997597
15.726008 14.172804 -3.016920
19.382448 0.671315 -2.994693
16.772487 11.383454 -2.986048
2.831801 11.071179 -3.036792
10.535901 14.945399 -2.977006
3.398691 5.243045 -2.989848
16.361997 4.298388 -2.984119
11.692681 6.750386 -3.019651
5.296668 12.823509 -2.982351
18.606108 10.914390 -3.039905
2.292343 7.115918 -3.017266
11.261363 3.648491 -2.975704
14.415953 10.892718 -2.971731
1.188561 12.799517 -3.024472
11.980284 5.999604 -3.030981
16.282362 10.006461 -3.024790
1.309625 5.981190 -3.018382
10.235606 7.211260 -3.005337
5.167792 7.883841 -3.004746
13.266492 11.641500 -2.997548
2.428877 14.680812 -3.021634
18.748433 6.649658 -2.991075
17.867068 5.112570 -2.993122
3.739442 5.613918 -2.982918
6.472794 2.011786 -3.010074
11.768960 4.474579 -3.001262
14.358908 1.328539 -3.000408
8.854634 6.428098 -3.001956
3.109420 2.517918 -3.000775
2.119875 5.211870 -3.011910
20.009888 11.909824 -2.973811
9.096553 3.692688 -3.001982
17.451805 9.160715 -2.988482
9.655879 13.543426 -3.000201
18.438916 8.519724 -3.015884
1.776887 2.928546 -2.974854
2.287916 5.161763 -2.997816
18.600245 8.844335 -2.973338
18.961463 7.581323 -2.962343
6.296297 2.207415 -3.016605
7.133053 6.738445 -2.979810
9.075391 8.170333 -2.988862
8.329814 4.020788 -2.985280
3.786072 9.201322 -2.970828
17.963380 1.046137 -2.990469
5.053159 5.022769 -2.977046
14.096429 12.064521 -3.012203
1.368649 3.906336 -3.004815
0.751429 9.070714 -2.988597
13.078382 6.152628 -2.995766
6.795493 4.746065 -2.991000
13.089449 13.793052 -3.005677
1.884496 5.160255 -3.008216
18.997184 3.550052 -3.018281
14.979061 13.606535 -2.964946
17.541204 11.201948 -3.034733
2.713561 10.254783 -2.916975
6.427113 0.763763 -2.989501
7.349933 1.987978 -3.022024
10.719241 9.549629 -2.980486
5.936221 3.143510 -3.000308
1.190101 3.371155 -3.012409
7.349462 11.676994 -3.021626
5.102540 4.302094 -3.025873
7.712493 1.110931 -3.019615
3.947724 0.548590 -2.978142
5.243837 6.639044 -2.998665
12.540674 9.255095 -3.026382
7.787938 13.054607 -3.020884
6.901653 1.657564 -3.023130
10.640777 2.936681 -3.007128
15.408386 7.950549 -2.976743
7.594201 5.459092 -3.036808
11.764704 7.240990 -2.991513
19.362775 13.845374 -3.057496
10.418533 8.183096 -2.999461
18.171639 6.198415 -3.007092
15.848531 14.852011 -3.008229
1.161831 0.963070 -2.994738
8.582830 13.985741 -2.996397
13.964924 7.504265 -3.014608
19.726345 7.597649 -3.026977
9.159146 13.831430 -3.006067
1.877188 7.603690 -3.004691
11.256476 6.612321 -2.971850
2.528543 4.086339 -2.999066
15.033331 9.865305 -2.981268
10.157672 8.543779 -3.025423
14.469873 3.177317 -3.011633
17.375975 10.646934 -2.962403
12.590398 9.690271 -2.987096
12.271288 5.997151 -3.014637
15.075464 0.079390 -3.000074
16.853507 6.693744 -3.011925
17.413491 0.068875 -2.986272
0.739088 1.093397 -3.016616
11.110552 6.470440 -3.007341
4.323674 1.199645 -2.953482
17.208342 4.144962 -3.010813
12.954901 9.870624 -3.038334
8.410023 4.605000 -3.008100
3.749323 14.945009 -2.999291
6.729112 13.738221 -3.001806
14.048368 8.809913 -3.011889
4.082441 14.492363 -3.001631
1.897822 13.069720 -2.985087
17.782335 4.817806 -2.995023
15.315612 11.259792 -2.997120
4.002905 2.016048 -2.994158
5.815356 10.235766 -2.996142
19.419122 7.366085 -2.997231
14.167351 0.234307 -2.982026
12.208655 4.122269 -3.023929
6.149003 14.352679 -2.980596
5.966557 4.726561 -3.019774
0.777344 2.693835 -3.002764
14.582300 2.797271 -3.001812
0.859095 7.209301 -3.012232
0.085642 12.622818 -3.022750
14.600485 11.367324 -2.998904
19.002968 6.579422 -3.032925
15.143018 3.135416 -3.009232
9.439357 0.656446 -2.970747
9.731204 6.922151 -3.011708
8.688666 12.215351 -3.009655
6.466371 10.960764 -2.974464
10.433737 6.122899 -2.991300
8.622626 8.898896 -3.013054
11.957429 6.548662 -2.999813
17.966609 8.654745 -2.986696
19.900257 7.813633 -3.007753
1.581335 10.271083 -2.996118
7.692317 7.595894 -2.969435
3.590942 14.117707 -3.009471
7.038623 6.391944 -2.973137
5.743904 0.214443 -2.974946
3.480660 3.552295 -2.983172
15.291002 7.465170 -2.986093
9.923763 8.101997 -3.002181
18.352711 8.289615 -3.027288
0.646132 10.721407 -2.978519
1.323168 4.148754 -2.981063
8.056883 9.951380 -3.028876
1.610981 10.545738 -2.976013
5.241001 6.151198 -2.995327
19.706874 6.032707 -2.980280
4.181537 2.686291 -2.995897
3.928493 6.217647 -2.996801
11.490671 11.814361 -3.004039
9.980614 13.628742 -2.995057
11.602543 8.913433 -3.007530
7.567657 4.530902 -2.982521
16.566073 10.203561 -3.028428
2.765180 11.103018 -3.003964
8.535010 5.006224 -2.956916
13.820857 12.419928 -2.995478
17.347869 1.106888 -2.957888
7.384392 0.152207 -2.977854
11.378386 1.827604 -3.005230
1.372761 2.341519 -2.977926
3.390301 13.205729 -2.997967
1.429287 6.381102 -3.001938
14.569112 4.117232 -3.035905
5.756389 6.431001 -3.031846
14.473445 5.881271 -3.006954
1.332838 4.523865 -3.008221
17.249245 2.052812 -2.999784
16.711766 9.820727 -2.994646
1.783804 2.045742 -2.951579
0.472316 11.625782 -3.008448
1.106357 3.039038 -3.013725
17.061244 10.959805 -3.019699
4.659048 12.074533 -2.982533
10.969406 1.911102 -2.984981
8.535363 1.338840 -3.001943
15.911772 14.243362 -2.969124
9.778016 6.932737 -2.988246
9.996892 9.464202 -2.991723
19.778051 0.360223 -3.029756
3.005850 4.171397 -2.942755
16.617195 7.569037 -3.027566
1.061103 13.286274 -3.015827
9.559701 4.084586 -2.987321
17.727091 11.631054 -2.995359
13.311007 9.941692 -2.978111
13.705421 1.712725 -3.002886
5.281421 4.364897 -3.035615
8.389861 3.598363 -3.025304
7.333630 6.629923 -3.005217
10.434975 9.504156 -3.022144
9.238534 6.498389 -3.022519
6.553760 3.659697 -3.008436
6.115265 10.435603 -2.983250
4.998389 8.739119 -3.006196
7.302150 7.764893 -3.027755
3.002476 8.301138 -3.029050
17.461393 3.315874 -2.977004
12.042957 10.212361 -3.004230
2.622625 5.789772 -3.002514
13.884481 5.416224 -3.001072
16.930884 2.250706 -3.000388
4.765583 8.973896 -2.990820
3.029220 9.032959 -2.943538
0.147969 5.093955 -2.981973
0.960061 12.907499 -2.986494
15.203356 12.713654 -3.004078
19.768645 1.595144 -2.994869
0.886336 10.437018 -2.993659
14.968740 5.886343 -3.001139
1.433640 15.005629 -2.980214
11.845666 3.349831 -2.997848
15.173727 4.240783 -3.059488
7.185355 6.650237 -3.003647
0.209493 4.025388 -2.988956
11.880818 10.403674 -3.001120
19.806192 7.236109 -3.030903
5.141244 3.301749 -2.957121
3.776125 7.552512 -3.011636
2.487629 13.347498 -2.954469
11.133250 11.889693 -3.017828
11.961383 7.475063 -3.013163
15.837075 4.302343 -3.009300
15.056803 2.712910 -3.007762
17.825481 13.143668 -2.995809
16.116906 10.641418 -3.009349
4.953111 8.610260 -3.015603
11.119326 13.210685 -3.015522
5.947927 1.824594 -3.026226
6.599078 10.237970 -2.988898
18.615150 3.250884 -2.972365
13.679468 1.834264 -3.023541
19.500829 6.974465 -2.994322
8.322806 5.776624 -3.006890
10.763204 14.123364 -2.991941
9.746635 4.867784 -2.989410
2.140248 12.225192 -2.965135
4.736881 11.233256 -2.997942
10.548369 10.010151 -2.995826
1.337372 13.803097 -3.015810
18.631399 6.130553 -3.004238
2.436706 5.856875 -2.997596
3.939750 2.429677 -3.027969
15.327333 4.135284 -3.045377
1.942257 13.188523 -3.011137
17.990807 7.113188 -3.009704
14.476886 5.145741 -3.004887
1.357778 3.219112 -2.984585
13.810973 7.277083 -3.011673
12.622062 10.727909 -3.012406
15.147165 4.305087 -3.015712
16.562138 11.383517 -3.033253
14.366886 9.427801 -3.021054
11.728746 11.802533 -3.024336
6.475752 3.782046 -3.038646
13.915985 9.477291 -3.005697
19.169443 2.318356 -2.994011
11.729998 5.466784 -3.025515
13.313002 10.873844 -3.016497
8.758654 9.519856 -3.004352
15.133424 2.809274 -2.998293
19.923203 12.875129 -2.999128
3.243766 0.764365 -3.005618
4.073868 8.923400 -3.003427
10.772090 14.738655 -3.036517
9.614924 7.952784 -2.997639
11.415642 12.000485 -3.009044
0.980518 8.917144 -3.021236
8.087244 11.767674 -2.997431
11.647369 9.831449 -3.041013
11.701039 10.358973 -3.018669
13.131637 3.408963 -2.980151
14.426162 11.108751 -3.010362
12.821092 3.584839 -2.997090
15.806719 14.720329 -3.011928
12.522490 3.416773 -3.017118
10.745560 3.574899 -3.008503
12.142920 12.867590 -3.015313
2.037059 3.627308 -2.983549
5.470163 5.396070 -3.001429
10.537020 10.726582 -2.962244
17.452330 2.391904 -2.999511
13.581512 2.382772 -3.017148
1.814864 7.289602 -3.018096
11.865782 3.657432 -3.004562
4.461561 3.498148 -2.974544
14.662727 0.142814 -3.011761
16.530357 5.583022 -2.962876
11.864701 4.780468 -2.998860
11.861862 0.425074 -2.992458
6.757286 9.271378 -3.007211
8.961961 9.386707 -2.984185
17.306141 1.061753 -2.997591
14.432081 4.741300 -2.981860
10.396287 13.099430 -2.997337
7.408488 8.723896 -2.967892
1.010265 6.213505 -3.024500
2.863841 6.968655 -2.997211
3.884951 3.131776 -2.975592
7.454266 12.161766 -2.999678
18.882100 13.706353 -3.019173
10.127041 13.652704 -2.971478
4.697058 3.371984 -2.988846
2.098517 4.668448 -2.961433
6.771143 2.427367 -2.986135
16.320754 4.611747 -2.989054
7.682122 4.965037 -2.995054
15.446435 9.488756 -2.974081
16.039437 2.816800 -2.984086
2.188008 13.752395 -2.981835
12.176369 1.555946 -3.008849
19.154233 0.079454 -3.005444
8.017313 12.830318 -3.009249
1.022583 10.559650 -2.992264
18.476043 5.323520 -2.996321
17.678046 8.883918 -2.987069
10.445828 3.364442 -3.025737
11.038747 2.504014 -2.985108
4.206720 7.048664 -2.989314
16.376428 5.279250 -2.981866
9.990955 9.242892 -2.983026
17.821745 10.005933 0.021499
5.484205 6.005944 0.053150
18.443338 10.080022 -0.020980
2.817648 5.728915 0.016892
12.134106 12.683444 -0.005582
6.134565 0.845989 0.005627
3.644336 13.398069 -0.003858
1.902255 4.050353 0.028296
13.120303 0.665186 -0.008322
4.659342 8.459968 0.016868
11.450479 3.344388 -0.004079
19.574677 6.922537 0.015201
6.303918 12.013813 -0.015566
0.687709 11.869867 0.022291
2.837122 9.051575 -0.018866
2.358259 14.701845 0.026425
9.262024 6.963893 0.008131
14.895746 0.564896 -0.049639
5.911993 12.327700 0.037108
2.911619 3.300249 0.005562
12.824115 2.655597 -0.050541
6.086759 1.072798 -0.003957
11.489037 4.938245 0.009908
18.677574 4.901551 -0.002254
5.834976 4.556100 0.006866
10.255651 8.925751 -0.031942
16.120281 11.273664 -0.014597
13.826442 14.092256 -0.002979
14.992979 1.402284 0.001162
15.452181 2.266848 0.009488
10.795544 8.823777 -0.008823
10.708787 1.466332 0.013823
14.385874 5.577944 -0.007682
13.983133 9.381740 0.002245
13.413220 11.694660 -0.042175
7.630560 3.278938 0.001604
16.568116 10.002827 -0.039117
4.752555 9.683887 -0.008591
3.101206 12.919332 0.017627
6.883900 4.729503 -0.002901
5.064414 11.245506 -0.015666
13.237233 11.295521 -0.004414
4.632701 3.593662 0.010971
13.088877 9.300032 0.011387
10.238959 10.134893 -0.027814
3.049330 4.148626 0.015492
5.130910 6.793967 0.036445
10.490476 6.546167 -0.027288
14.670800 11.634564 -0.003742
7.985895 -0.006423 0.007447
4.606861 7.496392 -0.000122
5.894297 2.739100 -0.009993
1.908937 9.700905 0.001219
0.517629 10.198670 0.027184
19.442801 7.555458 0.022261
1.921079 8.124657 0.004135
2.509720 4.747764 -0.026812
17.428031 4.657510 -0.003546
13.299183 11.148404 -0.031985
8.725867 2.003719 0.006508
12.942376 11.538887 0.001955
18.676112 9.827931 0.003920
1.977751 13.303415 0.011809
4.898452 3.920582 -0.003001
17.202119 7.586733 0.013622
15.599780 0.619343 -0.014917
19.889424 13.683017 -0.009016
6.321623 10.122091 -0.006094
18.884445 9.343950 -0.002026
6.851392 10.981851 0.012194
14.322404 4.265413 0.001180
17.647639 9.047855 -0.018391
3.384509 11.999780 0.018081
4.104285 1.347496 -0.007310
11.644067 14.363686 0.005541
16.875126 13.379661 0.004887
1.580134 14.461143 -0.000585
17.052504 12.126117 -0.034069
6.875177 4.422508 0.000651
8.119341 8.681040 -0.038937
6.830172 1.790726 0.019312
18.197537 11.291564 0.013573
2.613837 2.315348 -0.000273
11.481336 12.988758 -0.023880
2.990216 3.639700 -0.020774
18.549811 2.399223 0.006809
15.954990 1.073556 -0.000985
4.674093 10.718738 -0.010504
5.988364 2.821994 0.010082
7.591784 2.965638 -0.010294
8.108755 2.524190 0.015125
16.366557 4.610327 -0.007644
11.269479 14.125205 0.035121
8.560374 7.308371 -0.004698
14.378824 3.926335 -0.002121
9.165368 2.566012 0.006950
2.575957 0.266461 -0.018281
2.148931 5.474518 -0.010446
6.523954 1.669086 0.023750
12.085650 0.378884 -0.023260
2.691034 1.546301 -0.004768
10.991631 4.771734 0.009666
5.365600 11.309823 0.000420
13.929285 0.993194 0.011487
0.567256 10.197245 -0.003973
9.411500 9.278297 0.018987
1.047657 13.209487 0.039041
6.647129 2.718328 0.003536
0.325616 11.922850 0.030311
9.408128 12.978282 0.045542
15.359054 14.640234 -0.011047
2.029268 12.112381 -0.008195
14.699662 1.863636 -0.003869
11.657566 14.230177 -0.008088
10.132504 12.230961 0.025344
12.002282 3.211179 0.011407
6.722646 2.499826 0.049719
14.201395 14.062111 -0.000105
15.603438 2.336323 -0.043155
15.560474 11.676542 -0.015304
5.407615 6.082561 -0.003830
13.096257 10.870700 0.008411
2.982233 1.381833 -0.032893
9.900830 10.839786 0.013147
0.070509 7.697505 0.009782
3.891094 13.474144 -0.002151
12.606384 2.818810 0.032325
17.509095 1.653587 -0.003632
0.960694 2.947045 0.022214
11.179253 1.146917 0.002092
12.697234 14.718342 -0.013860
18.623357 1.859208 0.011188
13.107524 3.056598 0.012700
2.047755 12.155670 -0.005722
2.960220 3.706935 0.007598
12.686435 3.335627 -0.001125
4.291909 10.080217 0.008715
18.566023 5.953236 -0.005464
18.404384 12.536058 0.001711
18.964885 9.565027 0.001344
5.878312 4.328794 0.028461
14.361662 8.998783 0.027373
13.291537 12.973861 0.012949
0.736442 5.495225 -0.015414
5.324449 11.048565 0.036941
4.107589 6.222109 -0.036213
7.419064 8.191378 -0.000887
19.063095 11.016505 -0.002326
16.919353 0.915755 -0.016911
5.866611 6.839081 0.018572
10.626601 1.434911 0.007116
3.860326 10.863188 -0.012716
5.546184 9.091594 0.008138
1.321047 4.889744 0.008703
12.839547 1.123891 0.041111
13.118371 13.861451 0.004294
16.775403 4.738400 0.040025
17.415494 4.119083 0.032176
3.219970 1.531076 -0.011797
14.883337 8.676362 0.003791
2.682454 3.986936 0.032970
7.452421 12.626800 -0.012556
10.302515 10.241187 0.019171
0.998627 0.059940 0.005540
3.147754 8.451485 0.021432
5.405794 3.468650 0.006809
2.549338 0.240245 0.002837
18.676139 9.321083 0.014161
5.772426 3.087566 -0.014107
10.066929 13.472784 0.002263
19.924956 8.594223 -0.009085
11.317419 3.161543 -0.024094
8.249587 14.699882 -0.007618
18.606500 8.193466 -0.022020
4.428146 2.495191 0.012071
3.594855 7.750802 -0.003809
10.700776 14.355297 0.001225
8.556484 6.364506 0.035383
15.919630 6.366961 0.002660
0.845076 6.878877 0.012054
12.359483 4.159165 -0.002334
14.197412 2.417688 -0.026762
19.446659 8.719151 0.005300
2.872076 13.418715 -0.003893
4.902844 11.043019 0.017595
18.635495 1.409936 -0.040233
12.599263 6.009625 -0.010320
0.747315 0.090796 0.009257
1.550872 4.635436 -0.013126
15.686920 10.030202 -0.011826
11.308464 4.342603 0.022097
11.324327 12.618878 0.002632
17.626291 7.139560 -0.019297
4.844444 10.038075 -0.013424
3.219658 13.249209 -0.016751
12.258812 10.248586 0.004116
17.678797 13.454091 -0.006143
5.333806 12.140693 0.002898
13.594667 8.489727 -0.021082
3.048310 4.448330 0.032058
3.406745 4.448909 0.004893
18.040630 13.078224 -0.034708
2.354028 0.835384 0.037755
0.478621 14.118140 -0.016737
15.511473 4.936468 0.025120
7.249611 11.066295 0.000164
7.960787 4.942436 -0.036309
15.989951 14.293940 -0.036426
3.603357 0.557231 0.037198
12.979891 5.314394 0.019337
6.280959 12.991780 -0.021299
2.087313 4.112652 -0.011189
13.775754 4.126277 -0.037874
6.368802 13.490883 0.006839
17.338767 12.488614 -0.022296
18.372239 1.617469 -0.039347
16.979961 8.727277 0.024280
6.460237 3.364637 -0.020820
4.759116 3.203073 -0.022808
17.863770 9.221200 0.004134
9.067555 1.893555 0.008674
14.142424 7.060215 -0.016635
16.561547 3.838619 0.008011
5.518120 12.763822 -0.030028
2.416864 8.294450 0.014646
12.483713 3.221832 -0.000894
11.836721 13.908675 0.007701
5.429935 12.330784 0.021367
11.712160 3.997181 -0.003100
15.798399 14.398367 -0.016144
6.981879 4.023421 -0.004567
4.854982 4.399404 -0.021195
14.478229 5.784877 -0.015502
15.699832 2.505992 -0.030667
19.126250 10.311020 0.019725
2.969083 8.372399 0.033237
17.763634 13.413810 -0.017057
15.268055 3.599904 0.037451
14.034529 2.593134 0.041717
6.320975 5.417461 0.047163
0.450362 2.196197 0.005897
10.151011 14.195259 0.015044
5.706071 10.734148 0.007272
5.782564 11.931089 -0.002855
18.535329 11.242855 -0.003335
3.082587 3.646408 -0.001771
18.687812 2.084017 0.006762
10.093118 6.461321 -0.027043
16.735206 12.424550 0.027693
5.676171 4.942236 -0.029059
12.664733 0.128413 0.018712
11.152019 9.879912 0.015063
18.496337 2.977352 -0.001676
3.592785 8.145792 -0.034211
4.094021 0.235926 0.031592
18.965912 7.621839 -0.004177
1.965117 5.906068 0.012086
12.671146 13.214117 -0.014844
1.208416 10.861367 -0.027965
1.534227 0.514929 0.003061
11.963940 11.846229 -0.002334
11.053927 11.875022 0.016391
11.474829 9.893618 -0.001533
9.451480 13.922865 0.029492
14.839691 12.086654 -0.028154
19.822097 3.298727 -0.006827
5.521771 5.720942 -0.002852
6.462709 5.252438 0.012833
6.493279 7.569567 -0.007873
15.254930 14.335100 0.013806
6.922329 9.195113 -0.016601
13.539344 4.693416 0.010296
8.914242 14.150714 0.015442
12.157645 10.526979 -0.032978
16.578606 3.993958 0.012041
10.246870 13.592483 0.008009
9.513007 5.186916 0.015230
5.338275 7.756669 -0.004027
10.321027 7.204239 -0.000906
5.255485 13.873689 0.014243
16.896074 4.031519 0.014059
7.768055 5.009838 0.009376
2.594423 9.932303 -0.033682
4.829627 13.336244 0.011361
10.703472 1.718428 0.000126
18.339709 3.160924 0.014414
6.023763 14.238485 0.015733
5.267237 11.676102 0.037172
8.130664 5.221036 -0.018346
19.354494 5.351699 0.027584
16.937203 7.041024 0.023421
3.026372 10.106334 0.002595
12.289738 8.398766 0.002202
15.880140 11.631799 0.017077
15.370683 0.809227 0.004433
9.811962 12.296683 0.014196
14.668645 0.864982 -0.020938
11.707099 13.217339 0.017872
4.013653 0.656587 -0.021939
1.122348 1.904528 -0.017553
7.383931 2.656898 -0.023198
1.254428 3.352715 -0.021484
7.911226 6.008867 0.014439
16.575267 9.825728 -0.001821
16.937074 13.373875 0.004531
0.697106 7.848294 -0.031885
1.378687 8.002535 -0.006840
13.392720 4.807792 -0.016127
9.998199 11.979930 0.006414
2.991758 1.673204 -0.022905
16.106755 4.490978 -0.004922
4.359559 1.448306 -0.027318
1.549388 3.180493 -0.025915
15.003563 8.770043 0.006247
12.163034 1.878775 0.004547
7.870102 1.526084 -0.013967
13.846797 12.378555 0.013789
18.238503 1.722053 0.005085
0.648757 9.113974 -0.002163
12.546548 5.290184 0.014402
4.347877 13.429311 -0.000719
9.451881 10.603711 0.026962
8.449497 0.884651 -0.011846
7.839699 13.421264 -0.009596
3.786507 6.208670 0.005403
16.035282 4.493186 0.005421
7.607450 10.085168 0.004864
17.739663 10.798762 0.002325
7.093541 4.539597 -0.010319
16.799021 5.291240 -0.013691
10.891858 2.348641 0.007167
7.678355 8.883159 -0.027317
14.081302 14.335616 -0.009925
15.709207 6.241302 -0.022482
9.668974 14.952677 0.003005
8.502370 2.605465 -0.009164
11.533150 11.946437 0.012394
11.709760 13.946885 -0.011366
8.497389 10.341573 0.003324
15.148318 1.676825 0.011555
7.990618 4.884401 0.026530
9.064107 1.285478 0.013526
12.123966 9.037219 0.017680
19.746006 14.983330 -0.014633
5.249929 5.596646 0.006188
4.612321 2.442213 -0.011426
3.540460 4.036438 -0.019127
13.788296 8.589903 -0.026245
8.964812 8.551642 0.001551
7.775150 3.467759 -0.015881
4.071421 11.247718 -0.006964
17.849558 1.286163 -0.023884
8.836147 9.373638 -0.012288
12.147333 6.353192 -0.005248
2.267922 1.912684 -0.002157
2.128147 9.509212 0.002938
1.327254 10.108839 0.017701
7.336349 6.614821 -0.002195
9.480675 12.010575 -0.021873
4.906953 7.665848 -0.019414
6.982048 4.274589 -0.002656
0.118073 14.300053 0.016760
6.983853 14.141183 0.013399
2.394482 1.413150 0.011194
2.594227 14.190239 -0.020159
0.107621 11.666697 -0.017723
13.928396 1.621466 0.002307
18.590730 7.798747 -0.019576
12.405497 0.489715 0.023808
1.907347 8.839523 0.011579
19.796225 14.003746 0.007621
19.514465 5.507943 -0.016987
9.362591 7.626854 0.008586
2.179417 3.420283 -0.016218
14.371163 8.098815 -0.026890
19.214757 12.043466 0.001688
15.611156 3.238536 0.038183
12.498360 8.324016 -0.007178
12.195148 5.310670 -0.000237
19.545799 11.198058 0.008337
1.442279 10.499910 -0.022442
2.986433 10.462026 -0.004562
16.628238 5.678536 -0.013217
2.876183 8.977677 0.013113
7.683714 9.773336 0.024029
5.664569 10.202545 0.029731
4.863683 8.649242 0.014171
0.474898 12.982747 -0.024426
11.289384 3.749565 0.041375
8.019637 0.854185 0.029693
11.035971 14.437046 -0.004914
6.100915 0.928500 0.009236
18.837766 13.543311 -0.031859
11.844898 9.158582 0.012388
19.239256 13.758297 -0.012156
7.042549 8.472719 -0.024404
0.061808 12.299677 -0.038410
15.635707 10.801022 0.006424
16.531323 7.890826 0.003670
1.122284 5.457494 -0.005795
12.535719 0.050789 0.015123
13.206147 3.747778 -0.000513
2.907465 14.303262 -0.003066
11.025995 4.115376 0.019301
4.860632 11.273372 0.021204
0.310739 7.582761 -0.017057
17.343064 4.622726 -0.031209
9.854225 14.869672 0.007780
15.642374 0.678645 0.006058
14.476010 8.753963 0.014425
19.884368 6.888025 -0.000299
8.739937 1.173540 0.022608
8.532002 3.210524 0.004970
5.653127 10.380117 -0.044192
12.503707 1.574301 0.003171
9.734094 12.040098 -0.012451
14.578446 9.388945 -0.023514
7.148541 1.518351 -0.012109
2.619722 4.299433 0.015601
17.241500 2.062210 -0.012419
16.542182 11.967450 -0.017935
7.036015 8.006239 -0.015302
13.811310 0.027055 -0.032086
9.836114 8.142548 0.010428
15.222432 7.260209 -0.019623
7.795113 9.679033 -0.038622
10.703746 0.501231 -0.003908
1.147633 0.543430 0.005110
3.472087 5.228758 -0.000002
15.650100 10.376731 0.014056
7.611060 9.996494 0.003620
0.691721 4.183359 -0.045428
3.363789 3.231485 -0.002194
8.261275 10.221654 0.005454
14.374141 0.410098 -0.032284
7.296709 8.347523 -0.010551
14.897505 6.353837 -0.023804
17.164511 3.574358 0.013418
6.833084 7.836985 -0.004233
15.991446 3.228120 0.043867
2.550855 8.450976 0.033863
8.332794 2.207582 -0.015069
1.948601 6.063992 -0.001932
1.064799 7.628930 0.005860
1.313918 0.483520 -0.001512
2.081679 9.177375 -0.023538
16.719374 11.255240 0.022512
10.861887 14.331149 -0.024837
18.956509 3.038419 -0.017241
10.744670 3.141173 -0.022059
12.553943 4.590390 -0.003322
3.708788 13.354273 -0.000023
10.814746 6.130603 0.026117
7.729116 4.514331 -0.019737
18.643923 11.145247 0.023256
18.678685 0.584409 0.014908
3.972951 8.236065 0.001964
12.386855 6.739129 -0.014030
12.731531 9.375730 -0.000811
11.265941 10.991709 0.026486
2.514963 4.859684 -0.028639
13.098921 9.573900 0.031120
15.991406 7.824996 0.007312
6.915629 2.034559 0.028593
10.309227 13.214148 -0.020582
2.337238 11.303004 0.029503
18.579683 13.836150 0.006391
2.186622 10.787567 -0.041236
4.156914 3.661821 0.022235
5.953912 6.466949 -0.025845
16.525410 5.758272 0.041906
14.010297 0.481439 -0.014355
0.122776 6.145106 -0.007293
3.657979 5.167214 -0.023174
15.019459 0.082880 -0.005091
8.076337 12.684322 0.001420
0.528870 2.153728 0.007921
19.284512 7.493200 0.023861
3.020505 11.803679 0.008408
10.248751 9.090726 0.004544
4.951860 2.526237 0.010661
14.752249 9.261386 0.016661
15.535297 11.380734 -0.019509
7.964398 12.831488 0.023951
13.188541 4.778107 -0.003307
18.217132 0.503010 0.014969
16.288555 9.081985 -0.024547
8.306073 3.400550 0.008184
8.852440 11.721251 -0.015505
17.749452 10.201618 -0.011511
0.696906 11.599390 -0.012100
0.452674 14.541239 0.027618
4.119670 8.769356 -0.028661
16.586820 13.585430 0.015039
3.018769 9.629219 -0.002543
5.719242 2.717145 -0.004634
12.593762 11.974151 -0.011481
3.688723 10.432249 0.016169
6.083835 14.670363 0.029902
9.303431 3.691925 0.043035
4.571318 5.013528 -0.000760
19.844082 12.310148 -0.000980
3.280039 0.951742 0.039732
17.000748 9.468220 0.032886
9.377578 8.020953 0.005435
2.590817 2.503419 -0.014929
2.340107 2.489260 0.023668
9.981484 12.172878 0.018616
7.057222 0.192026 -0.021425
4.680141 11.233455 -0.002366
19.158646 10.992965 -0.025907
9.277882 9.725646 -0.016650
18.583729 6.177770 0.043956
3.259197 0.412878 0.010311
3.692697 11.983368 0.001747
11.910811 1.847128 -0.026743
5.386157 4.212989 0.020162
3.705844 14.220695 0.000534
1.879609 4.524240 0.013910
1.546065 3.824130 -0.018582
15.070081 14.610118 0.024654
5.629688 1.275627 0.015123
19.560234 2.401362 0.025083
3.635002 6.615887 -0.012253
7.106268 11.812921 0.005427
7.492917 13.282516 -0.006946
9.991597 11.370803 0.000588
17.399203 14.612820 0.037312
16.684366 0.293929 0.007977
0.201984 9.295995 0.044319
8.141257 1.749480 -0.005304
16.554473 13.658427 -0.005325
0.007719 14.029137 -0.026271
10.680419 4.559744 -0.010841
5.226870 12.442339 0.016879
8.272007 9.454736 0.022827
8.437509 1.523492 -0.011406
7.834295 9.052996 0.016755
17.837453 14.629519 0.031684
10.707826 4.602584 -0.026543
18.056063 0.042059 0.025617
14.533367 14.661801 -0.000210
6.998562 6.254113 0.027495
9.878362 6.446874 -0.004499
7.783322 10.691133 0.006198
16.564663 9.036693 0.042641
3.756707 4.538931 -0.008448
18.697005 1.498002 -0.006464
11.622681 12.428559 0.015301
12.254925 7.286731 0.007797
10.358012 10.096992 -0.038001
11.086839 12.890216 0.004629
13.337688 0.277949 0.019621
13.124777 12.923164 -0.033520
4.258962 11.335485 0.020190
11.653292 14.202967 -0.001137
7.053854 3.488415 -0.002237
12.726289 4.824632 0.051175
10.951659 9.927744 0.004851
3.605388 13.877349 0.024940
14.703550 14.864297 -0.002150
9.136826 6.246701 0.010186
11.041526 8.098778 0.006778
13.454570 2.515241 0.015558
13.067203 10.389935 0.005612
14.991535 12.583981 0.010206
4.141467 11.998675 -0.006131
2.216065 5.175223 0.022206
13.351397 14.465295 0.000354
4.739007 1.789588 0.001800
2.293310 7.418228 -0.020951
2.637474 8.282039 -0.013357
6.224748 8.064272 0.008003
19.844862 11.397825 -0.006319
3.157398 9.145429 -0.001725
5.996864 1.198579 -0.008629
18.431357 2.704157 0.006622
19.271105 7.976924 -0.071700
4.607563 10.404319 -0.004831
17.604648 7.696942 0.004805
2.777473 5.318286 0.002986
15.230067 0.785575 -0.026808
0.244055 11.802719 -0.012795
8.114325 7.446108 -0.002020
4.944761 8.077638 -0.020571
14.095623 7.060896 -0.038209
0.290052 4.000238 0.031396
9.255451 4.161911 0.032758
13.917332 0.984105 -0.003560
0.940390 10.599601 0.020021
17.964693 4.112587 0.028812
7.223765 4.540588 0.027016
3.316127 14.882559 -0.030601
4.480389 5.768515 0.027546
6.787860 7.648191 -0.002717
3.962347 5.813098 -0.017576
10.218569 4.358868 -0.016977
12.690395 0.081850 -0.019855
8.685660 12.824385 0.008169
8.516949 7.113553 0.043449
15.608734 10.805439 -0.015706
6.074126 14.404643 0.005642
12.430819 0.022749 0.014925
17.831182 10.098972 0.000177
4.432956 1.787211 -0.008791
12.416418 6.852240 0.012533
18.963718 12.713744 0.023640
10.586798 1.059216 -0.033768
19.497574 14.840683 -0.002150
6.179199 8.695115 0.030469
11.303395 5.899670 -0.008847
6.228835 0.280125 -0.016174
0.067624 8.824159 0.023628
19.931453 7.432568 -0.000128
4.781037 3.223814 -0.025285
19.485301 7.387762 -0.008211
13.047675 0.212931 0.024323
18.056384 14.989203 -0.001179
19.328639 4.989436 -0.013999
11.345779 7.201305 -0.029781
19.952698 11.790038 -0.014806
15.389295 10.731112 -0.010130
10.523072 13.347137 -0.012906
13.047229 14.133649 0.000626
3.894054 2.833091 -0.022877
0.212112 5.870130 -0.007088
5.128579 10.271867 0.001824
8.677179 0.693735 -0.014682
4.555138 10.797453 -0.006131
10.271906 0.084964 -0.035705
13.183899 13.731206 0.010489
13.048335 10.767354 -0.025457
17.897771 8.503539 0.007760
19.302320 6.463400 -0.005245
17.850008 14.825679 0.010136
12.394293 11.075815 0.012169
4.144141 12.112945 -0.000941
18.880926 12.409626 0.020335
3.499972 0.290980 0.016208
2.999774 0.820966 -0.002315
6.323031 2.982925 0.043086
11.465859 9.843582 0.047114
13.646705 9.346341 0.004740
0.275469 4.906130 0.024281
15.505048 14.577857 -0.001401
3.480085 1.322598 -0.014512
5.929625 11.640296 -0.019939
6.442564 7.220019 -0.009372
6.676355 6.283667 -0.017430
15.184861 0.379216 0.022268
0.802413 10.928912 0.001891
3.970221 11.581438 -0.013965
0.461112 4.799763 -0.007940
15.542709 7.765164 0.001270
19.644116 9.101722 -0.012740
13.160631 5.507636 0.025658
11.826945 9.252665 0.005385
18.173240 6.513879 -0.022101
5.080970 13.158904 0.028027
1.350780 10.756101 0.001068
10.191346 1.654398 -0.010721
5.235088 11.993670 0.004323
9.026117 5.042029 0.002171
9.147243 14.062980 -0.022956
6.346264 9.051812 0.022184
9.733684 0.427275 -0.027205
7.591598 10.971518 -0.002850
2.217902 1.987669 0.031096
17.337327 13.128761 0.007514
14.062657 14.234469 0.023700
0.816474 10.411414 -0.001417
2.277194 8.038373 0.002793
1.947625 9.021715 -0.030862
1.263387 6.410346 0.006977
1.189997 1.255221 -0.015692
3.139254 13.913651 0.016184
16.968819 4.937370 -0.011367
16.606812 4.666675 -0.030892
15.661289 2.864711 0.021952
12.307052 14.886714 0.010007
14.479514 14.180538 0.005067
14.756003 5.245456 -0.052374
17.785604 3.921940 0.012044
14.652832 12.093528 0.022065
14.757691 6.348100 -0.006322
16.035353 14.536384 0.010304
11.130150 13.504490 0.019303
4.255431 11.391082 -0.001120
1.699847 1.325892 0.011251
8.366453 10.518200 0.017705
1.813813 14.826485 0.002027
3.353115 5.626678 0.006205
0.484683 13.243680 0.029984
6.008146 6.134473 0.007424
19.393099 14.538191 0.004298
7.606204 9.815537 -0.021348
4.839803 1.441318 -0.041841
8.089348 7.166778 0.035615
6.049726 0.741375 0.009187
13.526015 5.946136 0.004764
12.747118 13.733070 0.011636
0.528134 3.449539 -0.005756
10.227231 14.265102 -0.028395
0.737207 1.482238 0.012175
13.565964 9.964263 -0.019276
18.747040 14.502742 0.003040
18.179126 9.813969 -0.012410
4.094208 13.482903 0.015434
14.880698 14.865927 0.024262
15.857034 9.612020 -0.026126
17.277226 11.708585 0.040190
5.200759 0.477866 0.034440
8.990652 6.406913 0.039993
4.427208 4.372917 0.015712
0.512308 12.389478 0.000032
13.170488 10.161361 -0.019739
8.627953 9.216125 0.033785
4.974203 14.020633 -0.043191
16.917738 1.325910 0.029850
9.911421 14.278263 -0.004902
19.869202 1.483598 0.039977
15.860124 5.208726 -0.001859
17.379194 9.437292 -0.006213
15.473390 5.150516 0.018949
2.094117 10.257815 0.009509
1.288086 11.634921 0.011446
18.302517 12.437192 -0.017259
2.803800 2.651570 0.011557
7.831858 2.744009 -0.014167
12.221604 0.782551 -0.023724
4.216071 7.365272 -0.031930
4.541711 2.083983 0.036537
9.359255 4.771917 -0.017387
7.164346 12.598390 0.035313
13.514956 14.225686 -0.011091
1.509024 12.356861 -0.030784
9.748218 0.039458 0.014661
3.480011 8.554505 -0.027301
12.153124 2.498537 0.012131
2.276523 5.630990 0.014736
3.951371 6.443890 0.024436
16.058608 14.160591 -0.019853
4.704420 9.519204 -0.016706
14.757045 4.004719 -0.011614
5.475387 9.625203 -0.017737
4.721373 14.280153 -0.029082
6.000208 0.879255 -0.028060
17.568493 12.257883 -0.017198
7.918436 3.266251 0.016116
4.859469 2.314872 0.041098
10.759723 13.506825 0.006283
7.703954 0.026624 0.008815
15.778800 11.100898 -0.028555
19.813616 1.310087 -0.013054
10.547899 9.249037 -0.013797
9.050588 9.332030 -0.015915
6.865349 12.926065 -0.003947
19.469651 12.350305 0.006351
9.671129 10.255895 0.007766
3.570959 5.721993 -0.014390
19.402630 2.469742 -0.008616
19.212132 9.509996 -0.005814
8.718931 7.418032 -0.007894
6.928752 1.209965 0.004250
13.611266 14.338070 0.012090
16.598046 4.685022 0.026204
9.995559 0.030785 -0.002375
6.554205 13.500475 0.010377
6.051893 8.670340 -0.001514
6.570492 11.016014 -0.007877
2.404301 2.268070 -0.029437
15.563987 6.053912 -0.007299
2.115159 9.675239 -0.000166
7.967466 3.718224 -0.030305
16.691161 10.505626 -0.004636
8.110200 3.502735 -0.026443
5.879374 3.171129 0.030650
18.976992 0.143120 0.006136
2.538549 4.229112 -0.011400
17.689825 3.688258 -0.022901
1.268856 11.482995 -0.005699
8.277632 8.553443 0.046858
12.651872 2.684063 0.000760
7.392079 8.549566 0.013045
10.675538 3.390731 0.016748
4.038117 6.364086 0.007255
11.342201 13.287798 -0.005409
2.701005 10.799599 0.031648
15.923572 9.759047 -0.026147
11.668106 4.236402 0.015054
9.643935 1.879667 0.025528
1.094841 11.321581 -0.014533
9.994021 8.508739 0.015854
11.251099 9.334967 -0.037194
5.325238 14.651636 0.018214
13.568059 5.241602 0.013994
1.547591 12.024791 -0.013114
4.169778 8.385757 -0.006714
14.719644 3.504199 0.004600
2.962560 0.793512 0.055296
4.892581 9.249062 0.025824
13.038421 4.477343 0.021405
14.577942 10.465433 0.025663
1.012741 10.517339 -0.030946
2.562224 6.836392 0.026975
8.920173 8.008831 0.052747
11.858521 9.378199 0.022915
9.116342 7.025025 -0.001985
12.946161 13.138340 -0.013813
15.155497 1.136374 -0.016751
18.981836 14.718729 -0.039518
7.002707 0.551008 0.040621
3.273559 3.147774 0.026137
5.279163 10.643114 0.035772
2.938014 1.285937 0.007230
7.886976 3.932884 0.004633
17.457657 2.332022 0.009530
6.937640 10.836775 -0.009449
2.981677 8.669879 0.018918
10.461259 0.990050 -0.012776
19.822255 6.924735 0.002599
3.759574 3.141517 0.013229
15.532384 14.543172 -0.008208
16.501179 1.592098 0.006348
8.023054 8.931323 0.013164
12.352550 7.221875 0.022086
8.636868 8.653193 0.016007
5.241548 14.339292 0.025500
8.499030 5.110036 0.017329
1.881164 11.267003 -0.004337
14.156613 6.729446 -0.003046
16.574280 9.910565 0.014254
6.128270 5.460798 0.029684
11.314839 3.413915 -0.004044
4.639813 1.282853 -0.001703
2.542072 1.520874 -0.010069
13.258969 14.381466 0.033264
2.696382 11.819945 0.019633
15.607838 3.701902 0.025903
5.479818 7.957440 0.008745
16.396091 10.700975 -0.007908
7.368807 5.315446 -0.017118
7.357611 6.604552 0.014351
14.997394 10.789137 0.027368
10.229325 3.418881 -0.001812
4.054261 7.895473 0.018807
17.047337 3.168028 -0.019942
6.778284 0.040211 0.014190
2.064431 10.398098 0.008701
8.313472 10.586306 0.023609
11.479114 14.905718 0.000445
12.177792 2.706719 0.000124
16.694053 11.083952 -0.014882
10.813791 14.199351 -0.009655
4.456316 9.680437 0.004016
5.257221 14.484842 0.013547
2.025804 14.931422 0.009332
14.719490 12.023780 -0.020433
2.135609 14.988663 0.028990
12.134555 9.374848 0.024934
11.887733 7.494440 -0.026769
15.719973 13.773092 0.022474
1.486020 12.421427 -0.006546
4.053844 1.610697 0.000907
18.169731 4.553821 -0.004922
11.483958 3.904553 0.008608
9.149543 12.796460 -0.004094
14.968594 3.510720 -0.005865
18.021474 4.573561 0.008390
5.277061 7.776348 -0.033687
18.040188 1.141609 0.027834
2.174467 14.417535 0.008345
19.541722 7.353039 -0.001958
3.278628 2.851924 0.038791
5.345580 4.068472 0.031034
1.915381 12.021065 -0.009210
16.113606 9.550085 -0.035065
19.713983 6.963712 -0.011359
5.950023 4.953862 0.010040
6.493423 13.513807 0.026707
5.587328 11.581272 0.010828
3.068432 10.754903 -0.008605
15.764621 6.698124 0.010703
1.213849 14.701640 0.029762
19.341527 10.659435 -0.002242
18.557570 6.342261 0.021054
2.396347 14.428107 0.003153
10.581775 13.492317 -0.019832
19.874652 11.106134 -0.001251
17.056088 11.494738 0.008541
14.309011 6.407966 0.021416
0.459537 7.621769 0.036791
1.348140 2.869555 -0.038143
15.891517 8.947907 -0.019912
7.557599 5.534371 -0.006849
13.371029 5.243459 -0.017164
14.789457 14.238920 0.011369
8.455792 2.486982 -0.011094
2.901391 12.447381 -0.004877
7.760843 4.209417 0.006406
17.406512 0.480219 0.046173
6.619511 0.617343 0.000104
1.246017 6.440055 -0.000812
19.152215 6.822174 -0.000846
13.619782 4.802217 -0.007207
10.834633 10.042357 0.027921
16.592042 7.276190 0.012335
8.183601 1.153770 0.005488
19.746005 5.203681 -0.022353
17.158778 1.536692 0.006765
5.614611 0.931173 -0.029707
7.426623 3.098948 -0.027540
5.507247 10.517245 0.039755
13.206402 10.468689 0.013073
12.793976 12.970953 -0.026457
10.441853 11.339586 0.017871
19.297232 8.047704 0.011593
9.461773 4.705086 0.030766
15.673464 0.097776 -0.014731
13.142606 9.742359 -0.016242
10.376525 4.356319 0.023500
0.808738 3.769326 -0.001161
13.137902 14.617367 0.020735
12.866526 2.611044 -0.022782
2.476109 0.501582 -0.025555
15.915936 14.294477 0.009191
9.354727 4.568880 -0.024546
6.498837 5.895654 0.023472
16.482050 1.285151 -0.009446
6.875202 6.045095 0.022642
12.447826 14.566096 -0.004346
12.387733 10.437330 -0.026288
1.048800 7.145801 -0.001344
8.462341 4.634613 -0.024643
4.438781 5.486185 0.026092
4.013809 9.184818 -0.000783
13.123829 3.815698 0.013559
0.248441 2.315149 0.000874
19.376327 10.471332 0.029437
7.898953 13.021946 0.026381
5.945236 13.491228 -0.003366
18.401537 12.600079 0.004437
9.738772 7.949387 0.040669
12.295100 11.855034 -0.029124
13.887718 13.904537 0.037097
17.408027 0.353306 -0.024702
2.580467 6.185335 -0.009852
1.606953 3.035324 -0.037720
19.883747 14.963483 0.011851
0.159493 13.963609 0.014136
14.164041 12.029653 -0.012982
12.225150 4.470542 0.022757
11.045896 14.292306 -0.022029
15.731161 0.422139 0.013805
19.908840 2.809195 0.058456
0.947529 9.238114 -0.015909
12.337909 11.904960 -0.011323
14.331484 13.263078 -0.000174
6.125704 4.543101 -0.022559
17.870120 5.860611 -0.009981
9.161300 6.793183 -0.047329
3.294060 0.401844 -0.027057
17.053945 12.998151 0.009260
18.858905 5.113131 0.020441
2.025684 2.965578 -0.024348
15.045959 6.146246 0.024993
4.267669 10.672523 0.019785
0.153168 13.055600 0.010372
5.196763 3.224788 -0.020859
17.083023 2.584375 -0.009819
2.808502 14.130753 0.039222
2.603366 8.269995 -0.035179
14.808107 5.489923 -0.008877
8.118490 3.007180 -0.059062
2.953238 14.926336 -0.002612
4.650114 10.781012 0.019805
15.928272 3.281692 -0.013476
12.439686 1.383800 0.032901
15.229495 3.013904 0.051839
1.972212 3.694126 0.001021
9.189490 1.661309 0.030114
15.940786 3.451458 -0.007015
5.319046 1.755945 -0.032171
3.374948 5.641311 -0.008142
7.619775 7.313165 0.020468
6.678805 6.803922 -0.001963
3.682512 12.435205 0.012948
19.098741 3.819388 0.025169
9.667163 13.301736 0.017473
12.179657 13.611359 0.007580
2.416252 14.356824 0.008802
12.174811 2.721313 -0.030706
11.092061 3.677595 0.024034
18.627916 9.335985 0.007287
8.241997 2.129186 -0.020238
15.645459 1.333711 -0.004786
6.087354 1.072237 -0.017060
11.588002 9.085647 0.012289
18.547907 12.043812 0.020306
12.476573 3.867987 0.004590
14.254514 13.982931 0.002954
17.522811 11.892180 0.023681
18.500406 1.182143 0.026606
4.201177 6.119585 0.003149
3.907269 0.991043 -0.005559
11.011769 13.725723 0.011954
19.881244 11.138393 0.039895
9.822958 10.310501 0.007814
6.610791 10.205446 0.009143
10.696257 4.271226 -0.000073
1.278972 14.046515 0.036487
3.564792 13.823143 0.038428
2.990788 11.073493 0.000654
0.577482 7.021976 0.002811
14.450576 0.684719 -0.005402
6.488982 0.442044 -0.018161
3.376562 2.044212 -0.022669
10.221238 8.930679 0.003608
6.476183 11.936046 -0.003373
7.845344 14.237670 -0.005353
6.309020 2.615532 0.034493
0.053999 4.124924 0.002152
13.761550 0.796226 -0.036234
2.199979 14.816520 0.033584
4.428142 11.712710 -0.028095
3.821102 7.191090 -0.010983
6.614769 8.623470 -0.007094
3.177684 8.418576 0.020399
6.938371 3.817918 -0.044645
4.884243 2.767150 0.022479
1.227388 4.443395 -0.033556
17.454756 3.723368 0.017261
6.147999 8.367403 0.027048
1.896071 4.637794 -0.012602
10.420450 10.936112 -0.025348
2.472099 8.512857 -0.039751
15.452711 7.977055 0.017057
1.237263 14.298356 0.010402
9.281640 4.834976 -0.006961
18.886286 9.530244 -0.012571
3.179553 0.009983 -0.020128
4.033714 11.022281 0.022111
12.019842 7.570745 -0.022332
19.619750 3.144490 -0.003645
7.709182 0.000955 -0.026916
12.957877 10.579044 0.031914
3.016300 9.943488 0.008714
12.835093 9.990013 0.018928
5.044323 6.563573 -0.005871
12.291803 9.631457 -0.023879
1.732602 8.581404 0.021407
10.538520 3.598183 0.027916
4.781301 7.810816 0.017623
13.608530 7.718725 0.006001
14.951400 12.353581 0.031345
16.947714 6.518316 0.006329
19.830757 6.519750 -0.034026
9.196807 14.764802 -0.016516
13.374366 13.425612 -0.003475
0.354200 3.615009 -0.004772
18.111141 13.647797 -0.023771
12.313700 2.090411 0.000805
8.428268 12.794353 -0.017793
8.667797 2.716614 0.023625
15.169162 6.385700 0.005912
16.676191 14.744134 -0.006505
16.148589 1.505963 0.020404
10.215051 12.624137 0.024794
7.395322 7.416552 -0.000326
18.923018 1.660391 -0.001971
12.674764 14.308349 -0.028867
10.864521 8.201597 -0.020593
11.972722 13.216338 -0.006264
12.619810 13.063685 -0.001385
14.266466 0.210468 0.012538
11.039813 4.008527 0.022800
17.483129 5.038043 0.008425
17.187519 8.033853 -0.007188
8.875651 1.078156 0.048411
3.382776 5.807515 0.041730
11.555088 12.227175 0.012933
12.391010 2.561779 -0.000835
10.495167 10.527061 0.034183
17.837981 6.905353 0.023675
1.890857 1.058973 -0.004276
5.751179 2.612373 0.005609
17.330206 2.118351 0.006893
18.787397 9.255827 0.033252
8.511145 1.297511 0.027160
3.872454 12.351163 0.015387
8.383490 12.098269 0.025896
9.109786 1.180963 0.001572
10.393429 13.335909 -0.027563
5.436074 14.405837 -0.021660
6.240348 0.608357 0.020458
13.118759 14.261147 0.006069
12.394680 4.172229 -0.009035
13.227075 9.965999 0.004924
7.565828 2.592632 -0.000177
6.743368 12.243356 -0.003857
7.040105 12.628924 0.013484
19.025424 14.668884 -0.023454
7.909845 14.890001 -0.019857
12.134289 1.163224 -0.013202
10.442311 9.854171 -0.033573
17.564526 4.086715 -0.017169
7.359801 1.875907 -0.013904
8.711650 2.206957 -0.030771
16.866921 14.044414 -0.004459
3.230345 10.257473 -0.000936
11.857778 0.723552 -0.014009
7.976477 14.768835 -0.035974
19.706888 12.113722 -0.000793
14.435662 4.631159 -0.013350
0.236015 7.056600 0.028383
16.782975 10.898314 -0.002775
14.068217 10.132084 0.001923
11.249835 6.967191 0.021115
4.695731 7.662246 0.004355
3.001748 0.637732 -0.013952
12.595868 7.523216 0.021160
8.789976 5.093303 0.018978
17.227152 4.263551 -0.018264
5.237246 4.061838 -0.030193
12.762981 9.720039 -0.004206
4.973936 6.434449 -0.005743
12.717454 6.375608 0.026395
0.967394 2.385286 -0.012893
7.825990 14.415130 0.015307
3.438640 3.313968 0.001166
12.113092 6.079922 0.018231
6.279891 2.884596 0.021094
15.418091 10.538127 0.010088
2.302512 6.529254 -0.032336
11.166535 6.223872 0.003137
11.877073 13.138850 0.014821
0.400355 11.385180 -0.009097
0.716486 7.813542 -0.035802
6.137821 7.015221 0.003087
12.198151 14.431147 -0.005727
19.269210 14.361136 0.010833
1.815185 10.563572 -0.021308
14.040624 11.409161 -0.001088
13.846012 13.499690 -0.004010
13.371221 14.459301 0.016413
10.302477 1.238307 -0.001109
19.321303 14.954215 -0.031434
10.037696 10.518039 0.021449
16.764102 8.879737 0.023211
5.229775 6.182553 -0.036585
16.152360 5.083306 -0.033472
19.914599 12.064549 -0.010314
18.201093 9.814174 0.008151
6.062215 3.014431 -0.022323
16.914912 9.113931 -0.008091
1.893688 2.136363 -0.001185
13.556601 7.452673 -0.042582
6.802986 8.745491 0.005571
13.168704 9.517980 -0.004806
8.238438 2.194513 0.014460
0.169595 1.432979 0.005524
4.634024 3.913674 -0.000563
0.871100 9.082246 -0.012753
8.502682 13.978268 0.012950
16.750318 11.690619 0.012084
14.770880 11.161741 0.015462
15.778430 4.965306 -0.002517
16.151614 1.697795 -0.004080
7.444478 13.404086 -0.002665
10.098007 7.526323 0.028698
10.194799 1.521962 -0.046883
2.251454 8.012839 0.000897
11.996608 10.109543 0.044844
14.395949 4.783162 0.016904
12.237842 0.151733 -0.015389
14.929359 9.303433 -0.015945
2.375928 0.585034 0.021055
15.216616 6.487490 -0.017604
4.183554 12.358306 0.022840
17.557907 14.973796 0.000593
4.889152 5.565458 -0.003889
9.831498 0.302827 -0.031644
9.743809 7.406539 0.002761
5.396040 4.136585 -0.009186
7.211845 13.383510 0.039318
3.717446 10.660837 -0.020123
11.370043 6.048241 0.015184
18.252020 11.411260 -0.016964
6.345141 5.116463 -0.012544
10.155084 7.870571 0.024392
17.266985 13.806737 -0.003022
9.037085 3.013236 0.021196
16.631735 4.678421 -0.013220
8.940225 13.298303 0.002819
8.807445 6.929178 0.005382
3.159118 4.780936 0.000472
2.498596 0.557734 -0.015607
12.214074 6.295175 -0.014257
16.562949 7.507990 0.016392
2.720869 6.111852 -0.009527
18.210057 4.176646 -0.031027
7.211630 5.582272 0.018946
8.521262 9.648447 -0.006469
17.886865 13.388484 -0.019464
17.904715 9.737191 0.013125
10.479859 9.687928 -0.002134
5.515062 12.204328 -0.020530
3.444007 2.486865 0.009887
5.443792 4.503937 -0.016812
15.620049 0.754630 0.018142
6.499444 5.270243 -0.009311
13.912580 15.023050 0.001075
3.914003 4.921075 0.017881
9.592654 12.886706 0.011723
7.047734 1.294481 0.016240
10.082624 6.892906 0.016666
11.421143 5.260859 -0.000036
19.783325 3.035415 0.024462
17.992755 5.590263 -0.004404
13.909652 9.773815 -0.015685
3.070164 7.336530 0.011782
18.385356 12.656386 0.000742
17.847307 13.597077 -0.008820
17.746770 7.214288 0.016285
9.601083 14.747585 0.029420
3.419983 1.105070 0.032484
15.065623 4.133024 -0.029914
7.791524 6.220498 -0.035597
6.869418 8.705756 0.005443
7.793949 8.155140 -0.000837
11.181753 8.482256 -0.014274
6.668884 13.436624 -0.006590
13.821998 4.206409 -0.006266
12.928038 12.248115 0.003886
10.176187 8.382222 0.044238
1.045202 7.347216 0.030823
18.720413 4.506991 0.012618
8.258663 4.599299 0.006661
8.954147 5.813190 0.043721
9.092366 11.462593 -0.050290
7.273535 7.168732 0.000719
13.484229 2.291218 -0.039931
0.292222 11.392285 -0.030437
17.470770 9.962325 -0.004013
2.051100 14.239344 -0.014136
19.995359 7.955916 0.020693
12.577467 9.802830 0.012724
1.334239 7.175760 -0.009286
11.262335 10.239241 -0.036233
6.658957 6.565039 0.003982
19.056050 2.075656 -0.012811
15.105866 14.770748 -0.034830
10.186940 10.806717 0.004074
8.594933 9.112832 -0.006141
19.919201 7.217378 -0.015044
13.357271 10.675202 0.007858
10.292696 1.898213 -0.003378
7.988531 4.872821 -0.037473
6.502768 1.857903 -0.021547
14.126093 1.887481 -0.025271
11.796409 0.287999 -0.001734
16.925911 11.343814 -0.012822
11.087600 3.409282 0.027012
11.638034 12.448025 0.004750
9.542079 13.530133 -0.021108
15.237676 2.559599 0.014149
8.292889 10.642378 -0.040789
17.027494 6.912606 0.003308
6.530108 13.783651 0.006762
13.852314 7.283478 0.006374
17.869643 5.717379 0.016550
15.416296 4.405038 -0.031848
6.849357 13.549810 0.029188
14.104179 3.391112 0.008104
4.141698 12.412291 0.007171
1.184884 2.943527 0.000656
15.811318 9.681643 -0.021553
16.195994 6.792867 0.029788
0.472327 1.526880 -0.020782
18.962038 1.875482 -0.006306
8.930253 4.219238 -0.024380
18.123156 11.510073 -0.004980
15.777716 10.936001 0.026627
18.016095 3.103282 -0.037473
16.676697 7.135076 -0.017181
19.503077 1.472586 -0.040130
12.596330 10.751077 -0.014461
4.528471 11.867719 -0.006751
7.787713 13.418620 0.005388
15.016387 13.290967 -0.005081
3.120689 5.036594 0.012496
18.605775 3.829143 -0.014565
4.109000 13.421333 -0.019732
17.520169 2.195352 -0.032576
9.653328 0.882853 0.019170
16.796141 4.716456 0.004908
19.160920 11.409861 -0.026898
8.429833 10.441684 0.030095
13.948949 14.827837 -0.036518
4.515378 5.386782 0.048313
16.009453 4.152608 0.007567
16.405635 5.672644 -0.024001
5.850891 11.759481 -0.012330
0.445473 3.223258 0.008376
8.639463 14.238534 -0.018380
3.382511 7.681866 0.016433
16.328969 11.749739 0.018642
5.239763 12.423099 0.021260
18.818912 7.214496 0.006608
19.462872 11.097078 -0.035077
18.212446 5.451884 -0.006217
12.002839 12.179378 0.021568
5.353028 12.337459 0.014133
16.159619 8.456787 0.028374
13.982166 3.292906 -0.012682
19.557477 14.563552 -0.000742
7.554062 14.202969 0.014279
1.219065 9.270483 -0.063763
19.959413 14.748534 -0.007551
16.746744 7.559393 -0.027627
4.438809 5.645035 0.006329
14.522300 6.926531 0.001071
0.006874 0.698333 0.012007
11.173975 8.202580 -0.003671
7.235457 10.004706 0.014534
7.621173 1.628214 0.011939
4.887731 3.862493 0.035459
5.516919 10.822415 0.036511
9.098188 11.894269 -0.013507
4.948831 14.787878 0.009262
9.300496 3.789377 0.004257
11.559827 12.621074 0.004890
14.197458 2.563309 -0.001217
13.553124 1.967802 -0.016976
4.835054 10.968290 0.010885
0.780541 6.667569 -0.014267
16.653769 11.914371 0.011311
17.454017 4.231067 -0.010222
19.618730 3.186779 -0.025834
19.161457 8.224917 0.018800
12.664762 1.759207 -0.000146
17.907625 4.166084 -0.014844
8.961989 2.503206 -0.003579
15.752562 4.812479 -0.028410
19.099872 11.472107 -0.009402
15.933709 1.801039 -0.040102
8.310577 9.156746 0.009927
7.571299 8.727994 -0.015485
5.837923 8.043782 0.015653
7.362257 7.260474 -0.015478
16.365322 9.974190 0.040051
14.065919 12.773260 -0.021854
5.014336 2.428012 0.009563
14.236758 12.213830 0.020570
7.609223 0.911681 -0.018462
11.105468 7.224944 -0.021867
7.415769 7.665265 -0.004549
10.448826 2.971733 -0.002334
14.629806 1.359860 -0.008317
14.615188 1.139432 0.004057
15.041228 0.576404 0.025145
7.844404 8.634750 0.041384
13.844508 2.338932 -0.004169
4.737641 12.130789 0.010383
9.549439 13.446526 -0.005732
11.675045 4.365604 0.003314
13.738276 2.489356 0.034252
18.232363 6.147853 0.004301
6.108360 13.234301 0.028500
16.859092 6.005648 0.009748
6.217780 1.579764 -0.001220
11.023977 14.803580 0.007506
16.546087 7.454079 0.011812
14.476915 5.131257 0.012074
17.250428 13.425656 0.019854
16.264845 13.883149 0.040626
5.545589 7.426819 -0.031408
19.862889 4.577900 -0.006334
18.739023 7.237699 0.022531
8.640188 3.279651 -0.022613
0.951966 7.206201 -0.008064
6.086941 3.424724 0.000425
16.699812 9.333258 -0.002329
19.029571 11.433899 -0.007778
16.593445 14.537375 0.005986
7.938903 12.635409 0.029754
1.133454 1.289927 -0.015554
10.316723 3.179428 0.004908
7.506464 7.974490 -0.002877
2.446958 3.847999 0.008102
2.112551 0.203658 -0.017233
3.058138 11.340354 0.004133
4.111731 5.372750 0.027288
15.085536 0.996705 0.012771
7.630909 7.636228 -0.009779
8.707752 14.664987 0.006934
11.961872 10.198796 -0.014432
19.167242 2.367549 -0.030819
15.136142 7.699392 0.019694
12.933528 13.507337 -0.016162
14.887331 0.833252 -0.040252
14.391484 9.524446 -0.010970
13.826858 10.879290 -0.004776
9.903200 10.549906 0.001321
11.323537 2.234060 -0.008537
9.237741 13.605790 -0.017632
7.885769 4.825793 -0.019989
5.401219 0.789003 -0.004606
7.069194 1.268813 0.008334
8.542930 6.856353 -0.015842
11.601126 0.592297 -0.001455
9.993718 11.663685 0.028108
2.172226 12.972405 0.003837
6.818955 0.201712 0.031135
7.582226 12.147680 -0.011651
14.118731 14.673826 0.024963
6.650772 0.473030 0.021529
0.137497 10.855892 0.034894
1.685331 14.973205 -0.020903
9.937139 11.986937 0.013709
3.773545 7.612125 0.027916
9.899131 13.327867 -0.004948
11.506068 10.611126 0.018057
18.663790 4.396002 0.047803
13.130636 3.374334 -0.015494
0.624579 7.668006 0.017740
7.631848 5.591265 0.033271
15.899597 4.945013 0.011310
5.199480 2.663429 -0.021560
18.489895 12.677202 -0.033207
10.591750 10.595660 -0.000158
1.795009 4.964762 -0.027868
4.821218 3.594045 -0.048689
18.109657 1.938660 -0.014039
19.813626 1.728342 0.007568
17.279004 9.392066 0.003234
6.438814 1.670365 -0.033670
15.375674 14.402325 -0.008586
4.464174 4.192164 0.038509
7.712451 0.414367 -0.023983
13.927241 12.815472 0.026462
19.358683 5.495052 -0.022427
8.839026 5.141644 0.010598
9.893916 1.798494 -0.035473
4.383791 9.891703 0.004377
8.048593 5.412381 0.010064
1.246580 12.364870 -0.007866
17.159909 9.477191 -0.049056
0.481388 13.184423 -0.014292
13.709654 9.327793 0.019118
5.470019 11.696833 -0.005011
9.516134 10.478649 0.018609
5.621175 6.917969 -0.011689
8.021043 10.353684 0.011099
10.903222 9.969331 0.026072
12.821339 0.140150 -0.026419
18.819419 10.459165 0.021171
6.656275 3.968420 0.009994
11.689070 8.117521 -0.005004
18.024228 1.696928 0.025513
5.774705 0.346105 0.001250
17.285374 0.235561 0.029217
19.168938 2.399859 -0.014369
16.950604 0.283075 0.004789
11.403799 2.005158 0.026270
14.456090 8.370401 -0.027043
9.631718 6.034103 -0.000496
11.914568 14.752917 0.009788
19.492904 12.107056 0.000324
5.036149 2.211697 -0.013598
15.849801 6.239521 0.033283
10.142560 6.454075 -0.023369
3.543021 5.421895 -0.008366
12.848003 7.413619 0.003253
15.843201 10.098048 0.011885
11.352082 9.582633 0.007963
16.740719 5.383117 0.005637
7.277722 10.555296 -0.013506
18.284207 4.321226 0.003056
12.939679 12.532141 0.007401
16.092417 14.470492 -0.016335
5.489563 4.417386 0.015471
8.910308 11.772144 -0.016025
18.198793 12.217464 -0.009896
1.006891 7.368587 -0.016500
8.049275 1.323274 -0.002154
15.603796 11.803150 0.013215
14.873074 6.089720 -0.012772
17.044156 3.123797 -0.010995
14.772119 9.412110 -0.004433
18.956897 6.571658 -0.006257
9.984184 1.316355 0.005355
12.442022 14.735701 -0.018334
16.947742 3.672215 0.003105
14.039534 7.650777 0.013827
2.077320 10.002257 -0.013273
7.326222 1.728050 -0.010515
11.017209 11.062016 0.020404
15.119987 9.756330 0.004526
10.851533 7.397533 -0.029828
15.520387 7.930055 0.010780
16.791357 14.320264 -0.027157
5.300127 13.657818 -0.009825
12.328838 1.655460 0.002614
11.155239 5.559676 0.006208
4.567207 7.742694 -0.006086
9.824519 13.772206 -0.008063
10.993935 12.244228 -0.005712
16.341491 5.799584 0.021722
9.238272 13.293385 0.021848
1.625156 5.689549 -0.020567
9.780690 4.072298 -0.054966
16.792209 9.148490 -0.007910
11.412995 5.347316 -0.017768
6.365766 9.325056 -0.005845
18.409115 6.162317 0.005421
3.120888 11.948749 -0.001862
6.517147 14.350768 0.018551
8.774950 4.075328 -0.009207
14.712598 7.625569 0.012730
16.712901 10.858090 -0.049911
1.170947 2.356151 -0.014488
15.857718 11.918009 -0.018674
14.414280 8.762027 -0.008054
17.922390 2.220534 -0.029081
17.978074 12.990400 0.006731
15.530955 6.372315 0.007596
3.820533 2.670307 0.017506
6.259068 2.936467 0.009937
18.716896 11.785891 -0.025032
11.950914 14.043178 0.030151
10.798243 5.686966 0.001594
18.312684 1.153469 -0.016710
17.467914 1.523841 0.018899
14.564655 9.840831 0.001445
17.625387 5.560277 -0.014497
2.289857 6.384791 -0.001971
15.164752 5.040889 0.019280
19.285852 6.989210 -0.001818
0.996083 9.625754 -0.030616
4.475914 8.109269 -0.001816
15.866173 2.481878 0.005984
10.405757 7.345937 0.010030
1.712523 6.896025 -0.027307
5.356030 8.207348 0.004534
6.472356 1.662233 0.002072
6.422576 2.306454 -0.020800
17.555586 7.918558 0.011512
13.218674 4.155078 -0.048905
14.731834 9.402691 -0.023999
0.277383 5.603645 -0.005668
8.568092 3.295090 -0.007994
6.350371 9.835154 -0.038684
17.038015 5.906315 0.021564
19.051674 2.351399 0.024070
8.472683 12.143122 0.009069
19.470370 6.512802 0.001831
0.266957 13.738831 -0.011331
6.512189 2.908418 -0.016427
15.488418 13.154770 -0.010973
7.221460 12.218926 -0.019790
18.457368 1.528133 -0.000534
4.406328 7.974648 0.026935
15.926384 9.805099 -0.002613
3.991659 7.425851 0.004644
3.946732 5.903263 0.005619
8.927590 14.180931 0.010810
18.897091 10.510689 -0.007013
11.717983 14.484642 0.012499
12.680476 12.696392 0.031041
0.190161 12.293831 0.003273
1.131174 10.886817 -0.006228
1.299069 9.708792 0.043854
16.402452 13.313758 -0.003652
4.760198 9.200361 0.005344
6.545459 1.118739 0.007347
12.217200 8.757152 -0.031584
11.649531 1.554210 -0.014936
8.228482 14.206913 -0.001968
0.085319 9.709644 -0.020623
8.952716 8.338120 0.010529
14.797801 2.960146 0.015514
4.714502 7.762954 -0.001108
14.132562 5.136612 0.001769
0.313420 10.100139 -0.006241
18.177518 9.064065 -0.006115
19.038911 7.468206 0.024663
0.069655 3.786612 -0.000658
9.155639 7.889786 -0.011891
8.267876 6.918349 -0.006466
16.831452 12.724172 0.001953
10.803882 13.377724 -0.007001
12.219690 11.414242 -0.010785
4.063476 4.822256 -0.012561
1.540343 0.605916 0.004580
13.854097 13.871894 0.013741
12.412727 14.843542 -0.007105
16.622911 1.907556 -0.018337
16.903232 10.285136 -0.024960
12.610855 6.389609 0.022960
10.749179 2.205857 0.039020
18.279970 14.973349 -0.014788
16.029587 14.032735 0.005087
17.669799 14.739713 -0.020516
19.903153 2.136088 0.004356
8.094594 7.382088 -0.006156
14.322900 13.443721 -0.024763
13.738674 10.145380 -0.005555
3.476905 6.515646 0.014517
12.734282 7.735552 -0.014142
8.557883 0.585068 -0.000710
9.010222 9.173683 -0.000724
3.587152 12.917874 -0.009646
14.897371 0.000698 -0.004303
13.936828 2.379890 0.048444
10.650793 7.794372 0.017106
3.154049 8.410483 0.032128
11.154229 5.151112 0.005266
1.999934 0.420062 -0.000872
6.795071 11.188801 -0.024104
7.470004 3.636512 0.025393
17.661839 9.676915 -0.003177
8.276630 8.421981 -0.018855
11.971075 6.441523 -0.026740
17.491481 8.842472 -0.023376
8.514480 10.395943 0.002509
17.671524 8.534057 -0.010462
2.738594 8.341611 0.010236
7.305517 6.520812 -0.000246
1.911045 6.432989 -0.004116
11.241597 7.347337 0.009183
19.124057 6.777949 0.008935
13.090946 6.574682 0.008587
12.526029 3.145104 -0.022092
5.575742 10.866121 0.010907
18.629740 1.985339 0.021451
9.418810 13.654465 0.026426
5.361043 9.369082 0.050942
19.757036 0.738331 -0.000441
8.439883 9.910882 -0.011448
7.448372 5.445905 0.012066
0.685386 13.939651 -0.053542
3.563570 14.057187 -0.004750
16.172025 12.682971 0.024307
9.652815 8.554892 -0.011415
19.101839 13.778997 0.041490
1.681310 9.789684 -0.008403
12.349420 13.129296 0.016733
14.375289 2.407766 -0.021382
12.428804 13.532337 -0.001882
10.619463 9.934811 -0.024679
11.527999 4.559048 0.031624
13.771713 15.009151 -0.000130
17.226097 10.272042 0.015399
6.729484 13.655885 -0.023962
9.195452 0.083918 -0.002860
12.710540 8.277822 0.003493
6.290371 10.693041 0.024120
3.551632 0.169820 0.020339
19.304505 11.430799 -0.012242
3.881908 9.742558 -0.011391
4.667649 4.121316 0.010090
12.363800 10.352231 -0.010167
1.505195 1.969848 0.015348
0.669768 12.384542 -0.017014
1.293687 13.028272 0.000735
2.460743 7.280041 0.032566
8.591993 7.654517 0.005585
16.572137 6.019145 0.001232
6.798611 5.170510 -0.009056
8.555424 13.132311 0.001096
11.966569 4.554819 0.005246
6.044748 6.075239 0.019202
8.669360 4.494402 0.021982
7.708315 9.870057 -0.005648
6.808711 12.225140 0.027951
7.759731 2.496293 -0.033119
0.198418 3.818203 -0.007415
17.711871 1.564289 -0.010572
19.539756 2.408328 -0.013351
17.247803 6.090314 -0.024112
0.130120 11.672300 0.021291
15.024345 8.111438 -0.005738
11.483144 0.753514 -0.007265
1.898181 9.353536 0.008468
18.664722 11.900476 0.001740
15.511994 5.910339 0.013396
2.913905 3.676641 0.005777
19.257307 11.458451 -0.015930
2.544606 0.372258 0.013608
9.127867 12.227266 -0.010980
3.172443 12.031849 -0.030472
3.016238 13.291886 -0.021498
19.354080 1.333955 0.017713
11.443665 1.600408 0.019433
5.198074 13.063073 0.005045
15.513686 7.114113 0.037390
17.507373 5.880727 0.001699
18.369564 8.585371 -0.010617
18.672833 0.848418 0.019815
18.079533 9.650827 -0.031977
12.757523 14.202201 0.020889
6.872359 10.106819 -0.021021
18.518151 6.982333 -0.015990
2.438352 14.390588 0.033165
3.366497 10.328372 0.001673
8.698663 0.835357 0.023365
5.647724 10.074012 -0.034306
12.312565 0.927947 0.013945
18.114463 4.587480 -0.014696
9.847514 9.244699 0.017805
11.078888 3.228606 0.015333
8.467862 0.569439 -0.028280
14.170461 9.278106 -0.012125
2.037361 4.292735 0.005268
0.989476 8.007837 0.005873
12.822998 3.956857 -0.014676
10.712490 10.294756 0.009094
8.171829 13.429289 0.012037
6.685164 1.285646 0.025162
1.050373 11.786089 0.022072
13.594495 2.340847 -0.008584
8.444377 4.931553 0.015170
8.917250 5.352974 0.036594
17.853992 3.066470 0.017122
14.707969 1.158351 0.002035
4.360323 11.508328 -0.032682
13.150988 11.877875 0.010042
2.639010 14.942992 0.010187
3.893748 14.041980 -0.012676
14.282389 6.506930 0.003260
2.502243 1.992338 -0.008380
5.609746 0.160559 0.010126
17.959065 7.961168 0.003826
14.747966 12.919879 -0.005709
18.593281 4.022957 0.032031
17.644299 2.985585 -0.013847
6.267636 6.578896 -0.030510
12.643647 13.406822 -0.016370
7.571550 6.773678 -0.001118
13.966779 10.814462 0.040676
6.968484 6.949497 0.002557
-0.008173 5.573252 -0.010486
1.898639 6.585994 -0.017115
15.423544 11.535465 0.008854
1.660425 11.284131 0.010781
12.017116 6.469467 -0.022894
17.146973 4.022143 -0.004663
14.850169 2.105405 0.003687
8.229689 0.006700 -0.010960
4.157152 1.702680 0.004229
18.417268 2.485921 0.000322
11.335146 10.363963 -0.015339
8.133579 12.265902 0.030251
18.823275 11.082950 -0.018080
4.351331 10.829455 0.021132
8.838390 14.929110 -0.000811
2.151090 14.383029 0.050152
2.499066 3.973837 0.006052
7.985717 2.162210 -0.014167
13.992810 2.323525 0.001999
6.807143 13.456724 -0.004576
13.760549 1.530669 0.010530
16.105007 5.114851 0.017268
17.562175 7.949691 0.010398
0.939100 9.171960 0.009746
15.511273 8.912498 0.020022
2.965537 11.766579 0.014247
13.959820 8.574190 -0.006499
7.459503 12.763456 -0.009266
14.146938 1.262634 -0.021591
4.267042 12.886835 0.008088
12.923895 8.854867 -0.009489
2.490061 3.349878 -0.002347
3.393225 14.671398 0.010388
12.294633 14.092604 -0.016028
6.723174 12.702853 -0.008472
14.048641 13.697134 -0.018848
13.703894 5.741949 0.000064
12.383117 3.424883 0.026529
14.626541 2.701078 0.042545
15.852188 13.084831 0.015638
18.237522 12.401077 -0.011388
1.636934 14.713289 -0.031316
11.455626 12.728167 0.022300
14.986988 9.533321 -0.006199
4.339151 2.148623 -0.006076
5.288476 2.413765 -0.001456
5.337227 7.102709 -0.017539
11.464782 11.506844 0.004005
7.322668 2.609138 0.028619
13.325797 13.749591 0.002897
12.194673 10.254030 -0.005671
13.153600 4.686769 -0.015885
5.041913 13.255876 -0.003692
15.347454 9.015624 0.026969
13.260030 11.001413 0.004386
2.608384 5.778299 -0.007079
4.040911 5.894934 0.006819
5.968722 0.205735 0.023685
18.699790 8.058293 0.009030
6.527386 11.421279 -0.005745
0.434847 14.518973 0.053831
2.857353 13.400045 -0.020810
0.661630 1.316945 -0.042392
8.028693 14.714954 -0.002666
15.932738 2.263789 -0.017676
8.999611 0.603774 0.010203
16.745494 11.223994 -0.034455
0.944329 13.602758 0.014818
9.379905 14.257410 -0.003703
15.768729 12.372042 -0.059461
13.512338 3.064411 -0.005484
17.063229 2.281550 0.001493
5.487384 0.891808 -0.011979
10.036855 8.709586 -0.012510
13.534852 7.314227 -0.006491
3.394371 1.645160 0.001513
16.321337 6.987065 0.004815
6.193211 8.531644 0.002394
1.879843 10.836201 -0.036534
15.268448 6.194076 0.010346
14.126317 4.781326 -0.021045
17.657913 10.012404 -0.026216
17.883530 10.300875 0.042694
5.578130 4.049598 0.007127
12.845427 0.284331 -0.022024
19.976781 14.169912 0.024818
4.863802 11.331209 0.019661
9.483130 3.020736 0.007686
18.182987 8.505446 0.025270
2.024186 8.959472 -0.014013
18.576891 1.891381 -0.001208
9.758982 2.855005 0.010477
17.855095 14.324409 -0.020700
12.401579 7.609671 0.009702
13.414489 2.891142 -0.002384
15.453927 11.963957 0.027903
1.315295 7.091727 0.019203
12.554934 9.599842 -0.006449
18.484458 4.451695 0.019330
19.108329 0.867534 0.013583
19.387393 2.457740 0.015063
12.897018 14.552547 -0.014961
12.682430 9.353582 -0.010700
11.050411 12.466726 0.012438
12.118833 0.320746 0.002486
12.215051 11.454356 -0.007294
0.848336 7.274522 -0.011127
1.765479 9.971715 0.005970
12.413224 5.328668 0.012460
6.282106 9.323547 0.023711
6.013407 0.553183 -0.025081
3.871365 0.678980 0.000926
16.001619 11.991284 0.031726
19.267133 1.870772 0.017117
12.549225 0.236967 -0.008594
18.906072 13.666984 0.002532
17.677744 3.995694 -0.012724
4.344900 8.744982 0.027944
3.083098 12.620703 0.011106
4.242122 11.202192 0.029763
1.948939 0.677720 0.016012
11.662890 8.410350 -0.035459
5.622198 8.119679 -0.029292
18.251459 5.265489 -0.011619
12.269825 11.282046 0.005975
7.202374 14.431626 -0.015038
19.667469 2.217984 0.003280
19.062896 2.175794 0.006457
15.579162 11.011129 -0.012712
15.832494 6.812451 0.041214
19.537725 11.934077 0.009319
12.037135 2.099940 0.026793
17.597449 0.647890 0.007252
1.271976 10.465068 0.026725
11.082881 14.919473 0.014380
10.043427 1.417758 -0.018893
0.789054 12.940616 0.003389
1.748637 5.779073 -0.025077
0.416803 0.262294 -0.015598
5.838860 7.658066 -0.017450
1.082849 4.178781 -0.004996
8.464238 10.378277 -0.016509
16.249730 4.294572 0.014276
12.270449 7.196513 -0.011181
13.477822 2.999557 0.007996
0.641614 12.469560 0.023013
16.757800 13.874267 -0.005333
2.935309 6.031365 -0.010625
6.028129 6.721155 -0.011299
10.329618 14.716525 0.019641
18.609313 2.102756 0.000519
19.931678 12.156138 0.032282
15.652099 8.492126 -0.013285
14.577210 13.208880 0.027409
10.572759 4.405848 0.003412
13.289475 4.426968 0.001214
2.864462 4.893379 0.016102
5.394829 0.259570 -0.037326
19.719524 2.517046 -0.003055
19.604671 14.925972 -0.025557
6.437481 3.739970 0.010217
4.798827 0.306608 -0.030305
4.602849 4.160428 0.001610
9.695540 6.149066 0.004843
4.463350 8.224001 0.042848
12.984735 1.027307 -0.016672
1.484066 11.870034 -0.017716
2.073598 12.411271 0.003008
5.517103 3.240966 0.035249
15.558888 12.001788 -0.005340
6.480280 5.412933 -0.027108
9.468174 6.318522 0.005951
13.138158 14.056144 -0.001794
15.769213 13.381334 0.009597
6.142144 5.625293 -0.026422
14.659662 7.332369 0.004178
5.708859 4.277785 0.017200
12.886127 7.743935 -0.027043
9.048540 10.246646 -0.001621
18.541909 1.404836 -0.026740
19.675424 13.807282 -0.014082
15.460530 10.802851 0.004223
18.318939 1.451824 -0.020055
2.740257 13.030884 -0.000434
13.136819 11.172624 0.018535
4.021769 4.704594 0.002394
5.525786 7.812445 -0.040942
10.472273 12.876621 0.018055
14.838885 14.524446 -0.000847
14.457603 4.240350 -0.000578
17.371207 9.776851 -0.019491
11.154400 12.913671 0.024370
18.518751 14.830593 -0.008313
17.772212 1.082678 -0.005257
16.960598 7.525189 0.018514
4.567671 13.112427 0.015548
10.618934 0.044048 0.019981
14.708568 6.540334 -0.004688
19.547608 8.795195 -0.001976
0.218703 7.918637 -0.033386
6.547243 10.990712 0.025877
6.874905 0.963981 0.003354
5.759279 11.775384 0.012348
16.341788 4.251437 0.019145
0.931732 12.369214 0.002355
7.166549 6.324035 0.009914
14.236417 0.645480 0.007213
8.150230 14.476632 0.032216
2.886125 11.743323 0.021154
12.215847 5.183893 0.001711
10.483374 4.034905 0.001649
19.640081 8.853298 -0.007756
14.953137 14.820819 -0.014868
19.686810 4.389310 0.018541
3.764721 14.241547 0.013607
15.239291 4.952086 0.010242
11.021700 10.540082 -0.006645
14.276020 5.701367 -0.024330
9.362855 1.267482 0.009710
4.267614 14.052071 -0.012645
0.940392 2.473762 0.000537
16.765333 14.177852 -0.006240
16.263543 1.564606 0.013815
3.204773 4.014425 0.035130
12.881065 13.812387 -0.003640
14.787882 9.900532 -0.017568
11.159342 2.888305 -0.012494
6.344355 8.891670 -0.012201
17.654182 2.696415 -0.027781
12.838313 13.129691 -0.015963
14.410394 0.758680 -0.024179
13.031017 7.953645 0.014048
14.414998 0.955131 -0.005679
2.915900 10.435730 -0.007470
18.461457 14.028707 0.009147
5.725642 12.513418 -0.006725
16.728199 5.562973 -0.020656
17.858555 3.566876 0.014749
13.030386 1.809497 -0.009867
11.947679 13.093222 -0.025903
2.208121 1.253380 -0.038717
8.730210 9.437892 0.004176
12.221033 5.529462 0.008210
1.658068 14.921925 -0.027664
2.237938 7.613091 0.021092
19.827093 8.222493 -0.012318
6.638035 13.773554 0.007925
7.007444 14.559653 -0.003431
5.072757 8.782289 -0.006240
12.917658 11.936070 0.007266
9.442079 9.505710 -0.043347
15.800646 6.432302 -0.003042
10.247973 0.865294 -0.020045
0.308825 10.783965 0.006131
9.673311 10.529224 0.013252
1.089478 1.743652 0.038630
16.542011 3.454652 -0.017199
2.271332 10.996250 0.000297
4.328693 2.239932 0.023837
9.212660 10.374706 0.008818
3.880021 10.775105 0.021360
10.779181 5.319706 0.010905
9.230522 3.873746 0.017732
19.021159 5.596254 0.014260
1.773397 5.409862 -0.003142
11.523692 9.072516 -0.005459
14.418330 11.172945 -0.027984
2.576047 12.906801 -0.002423
12.717866 0.458229 0.001881
17.298340 10.935149 0.007957
15.739579 4.722012 0.038903
18.716541 12.598544 -0.031872
14.419452 1.130394 -0.013602
7.879290 8.269790 -0.012488
18.412797 8.226634 0.014049
4.511687 4.905190 0.019588
11.685145 14.554477 -0.041738
15.323433 1.585609 -0.001725
17.453044 2.072619 0.036846
18.312418 9.637577 0.006514
1.704362 7.690451 -0.000332
14.533134 3.942404 -0.019892
4.069203 4.559832 0.013879
15.575859 2.356456 0.044924
13.994668 13.003402 0.013562
3.646808 8.551079 0.036179
16.662953 3.632997 0.001940
9.224356 5.928988 0.019292
10.845329 13.627282 0.018787
19.421586 13.301049 0.027844
13.093082 1.045508 0.021868
11.769489 9.824460 0.002063
0.319575 2.278387 0.014239
3.971583 3.132759 0.002448
0.521047 12.939132 0.001435
6.681594 13.428258 -0.021325
6.899803 1.261082 0.044261
10.635438 13.088743 0.017162
13.800499 10.904361 0.005676
3.625277 11.659573 -0.020269
12.033363 11.887063 -0.034598
18.305617 7.611592 0.003354
3.663381 14.211374 0.021739
13.177395 3.006590 0.011428
0.920563 7.541104 -0.018102
10.615036 4.761072 0.029339
14.843475 12.314274 -0.004287
0.703443 1.227586 0.017032
6.700971 6.529500 0.003608
17.584160 11.591720 0.049718
4.514413 4.708050 -0.007240
14.467479 3.618014 -0.018577
12.225597 3.934147 0.022107
3.237125 10.696595 0.026197
14.809508 4.326818 -0.022556
10.623289 6.037309 0.037469
2.227716 8.150362 -0.028039
19.006067 14.084306 0.023759
9.840636 11.914568 0.005946
14.885598 2.781982 -0.023861
4.380983 13.225718 0.008778
2.722969 12.660847 -0.007477
14.885762 11.178079 -0.016431
13.467592 7.723496 -0.003256
5.519175 1.053945 0.018068
14.907470 10.668512 0.004078
10.085339 7.783133 0.012309
6.982802 4.643602 0.021818
15.732684 0.142094 0.028831
12.313516 3.431675 -0.017356
10.153112 9.111024 -0.013210
15.498439 1.685143 -0.002311
10.879568 9.870308 -0.003006
18.744049 12.344235 0.007873
16.377090 4.806306 0.012289
7.183249 1.230870 0.014675
9.297702 2.095078 0.002394
19.138725 5.378722 0.010037
17.920466 12.214306 0.040001
3.844763 9.510036 0.009061
5.514331 12.999315 0.040285
7.272918 14.934412 0.000132
17.595962 3.012435 0.018150
18.522579 10.393466 0.023194
16.082597 6.984406 0.020062
5.530099 7.400341 0.026716
17.738024 4.894072 -0.025075
0.633402 5.161064 0.011024
8.453220 10.182386 0.037946
7.561356 9.282931 -0.002232
10.688140 4.779344 -0.018726
11.188887 1.733462 0.003345
4.462114 8.667214 0.013888
4.076672 11.069249 -0.001357
16.054760 8.383040 -0.020657
1.521846 0.047832 -0.000230
9.898424 4.238729 0.010089
3.820432 11.683155 -0.005496
6.391938 11.151202 -0.010005
5.537927 0.146425 -0.010114
14.173909 7.047164 0.029959
9.173995 6.548414 0.005880
6.009597 9.778906 -0.019888
16.661803 1.888424 0.006374
1.744913 9.336633 -0.000959
15.307680 14.193904 0.024096
4.979897 5.572510 0.035331
18.357240 5.080097 0.004401
0.149841 0.439164 0.000923
11.129691 0.860618 -0.014508
12.417966 13.979761 -0.010670
11.535283 14.630751 0.001044
16.300453 0.119391 0.013248
2.285436 13.501415 0.015674
8.303452 2.598178 0.042911
17.259372 8.375746 -0.014159
17.734539 10.153087 -0.017173
9.967594 5.344889 0.023919
11.121822 7.932266 -0.006483
15.294676 9.420164 0.023737
15.584979 2.899600 0.008256
17.782210 14.930351 0.006436
16.881801 3.057502 0.008199
8.329165 0.150226 -0.007290
12.986245 14.172056 -0.042435
9.662004 6.454528 -0.010525
2.362963 6.021482 0.006632
16.388834 4.106872 -0.005020
12.019194 0.389547 -0.005892
1.183426 3.946696 -0.004150
13.541711 5.906328 0.002936
5.613795 7.806605 -0.003015
1.402586 6.879123 0.004817
12.138042 13.212591 0.023006
14.649680 13.712856 -0.012564
10.321977 4.757107 -0.007476
0.063659 14.380271 0.006872
11.536494 12.958483 0.000847
0.134643 13.928824 -0.012830
18.545643 10.573150 -0.010068
5.380083 2.953600 -0.013175
17.395070 2.911872 0.002767
0.256317 13.629401 -0.006494
1.919475 7.591139 -0.030921
9.042897 13.373131 -0.000809
15.180977 10.825743 0.002024
18.879106 3.167209 -0.006973
10.412541 5.784342 -0.028683
7.138174 14.528614 0.035006
0.890279 0.282735 0.013142
11.694801 10.704470 -0.039952
7.564350 14.686923 0.030804
18.156653 1.556757 -0.006969
9.639595 4.125067 0.008489
15.326900 8.222601 -0.025606
16.978181 12.636082 -0.003431
1.988347 7.599297 0.022050
8.842911 0.858802 -0.043554
17.897590 1.931813 0.005132
8.496950 5.657011 0.017488
11.297002 4.857227 -0.006929
17.466950 3.299180 -0.017189
4.637012 12.646613 -0.017838
17.899032 0.414821 -0.001084
7.953998 12.446743 -0.017405
11.871403 13.814308 0.034813
6.569372 9.437662 0.006846
10.523884 9.385412 -0.004514
0.969179 2.218477 0.048699
1.307027 8.516131 -0.012098
8.303879 5.614846 -0.021892
6.698390 3.434947 -0.008341
12.298010 8.742124 -0.009393
0.746036 0.023387 0.044525
3.380009 4.185030 -0.011354
4.225332 9.845176 0.019727
8.818989 6.818744 0.014390
4.946394 2.149244 -0.002482
2.770702 0.025320 0.009389
11.936445 4.061714 -0.001927
14.873370 8.222304 0.018297
13.712271 8.023074 0.041016
5.533078 1.990088 0.005459
17.081833 9.184274 0.004828
12.183174 14.989315 0.006308
12.288983 8.771156 -0.025023
4.284681 7.907828 -0.019442
4.855151 9.341712 -0.007167
9.485724 13.194951 0.026916
4.765812 14.189302 0.017049
13.762105 0.623534 0.003023
6.182886 3.066024 -0.022787
3.056460 1.766560 -0.021838
3.035863 11.576329 0.017668
2.549488 0.749992 -0.006029
8.825747 13.572217 0.010672
0.061542 0.310227 0.000204
10.870112 9.020749 -0.003220
5.960415 4.099119 0.017178
11.070835 7.045769 0.020603
18.676835 6.628768 -0.002525
17.382707 11.235050 -0.001541
11.520841 7.447457 0.027264
8.349832 6.363419 -0.012703
13.972055 10.965581 -0.005835
18.490434 13.898008 -0.004098
9.818367 11.888526 -0.011310
1.997406 11.066785 0.006452
15.319220 7.310802 0.022628
0.214391 13.485792 -0.018598
15.323039 7.280327 0.005455
1.725350 13.965129 -0.015153
2.112018 12.081232 -0.020823
15.623072 2.261354 -0.004378
13.801910 0.675527 -0.004208
11.251616 11.126457 -0.011449
16.391270 10.291862 -0.026249
17.053056 9.034481 -0.013936
9.129155 14.630928 -0.031239
19.935869 8.164989 0.007993
7.162350 5.237818 0.005037
3.452660 8.502210 0.005164
16.925899 0.415027 -0.019752
8.337047 8.701078 0.013737
17.478179 13.568932 -0.004572
1.207290 0.053478 0.031424
2.198821 12.664535 0.057970
0.824274 12.014272 -0.021629
12.006765 1.593489 0.014560
16.667660 12.664578 -0.026508
8.050825 11.508932 0.017718
1.821365 7.341198 -0.042400
7.470154 3.676222 -0.005356
6.953314 4.306539 -0.019553
12.897229 9.166393 -0.005523
13.042251 3.708686 -0.017037
2.080036 4.868742 -0.003238
8.436398 13.943192 0.014418
12.870383 10.946127 -0.002351
5.219738 11.040834 0.004082
8.134875 14.342068 0.019282
12.268393 0.044740 0.010271
8.035847 3.682125 -0.000026
0.636082 9.850643 -0.010704
4.445519 6.544427 0.022228
15.489110 1.714020 0.008488
4.966104 11.725408 0.006355
16.346220 0.712051 0.014624
9.319263 8.164691 -0.052527
9.419831 8.448256 -0.008357
15.393256 9.538359 -0.007919
7.646098 4.701614 -0.039363
4.784388 0.345564 0.019391
2.091995 13.341849 -0.002508
13.439086 13.939933 -0.008914
9.374258 7.245154 0.031871
16.221322 0.298540 -0.014663
9.142409 8.709551 -0.001049
8.276255 4.709353 0.000999
5.906433 2.735271 -0.018895
4.004161 2.555243 0.021425
16.601810 2.666129 -0.016292
1.909980 4.929698 0.027871
18.035942 4.219307 -0.035629
0.519663 12.508259 0.020424
10.441843 7.441147 0.001268
1.175941 6.407964 -0.004071
15.590308 2.195616 0.008642
4.286159 13.171994 -0.035575
11.315589 0.814215 0.025603
18.322607 3.602256 -0.046741
12.954907 9.363930 0.001005
3.546430 10.539544 -0.021061
15.927888 11.988296 -0.015774
8.821265 6.176784 0.009281
0.276305 5.200586 0.016457
9.717829 4.313620 0.008152
16.244111 8.521143 -0.003283
8.624222 5.255645 -0.012523
15.133364 4.907184 -0.017939
14.127153 0.271773 -0.020621
9.123156 14.195160 0.002688
6.464753 0.924696 0.009943
14.543004 4.032233 -0.012527
7.397346 13.810523 -0.032551
3.417902 11.018678 0.021253
6.416893 8.666553 0.027264
17.510731 9.940893 -0.012787
5.671030 1.459337 -0.008542
4.683968 12.122314 -0.020291
2.707641 3.741979 0.023179
1.124100 14.350468 -0.002714
19.537723 3.482062 0.002009
10.704202 9.344100 0.030180
14.540195 8.183781 -0.004700
15.462685 2.123747 0.007014
7.050460 5.499128 0.002600
16.005083 11.689418 0.020402
19.234210 3.194216 0.005671
14.869364 14.447962 -0.015682
14.222344 4.448597 0.008949
8.614066 9.411118 -0.021647
16.835168 9.266895 -0.005630
1.765851 7.092052 0.008037
15.018897 9.888311 0.000936
7.269911 11.139665 0.025098
11.303328 9.284676 0.010738
17.873160 8.374468 -0.017340
12.112620 9.092057 -0.027947
0.510211 6.026959 0.003538
14.462682 1.072411 -0.015363
18.572274 2.414031 -0.010864
12.832337 9.070475 -0.000574
17.235307 13.868099 -0.021405
16.477481 0.401875 -0.038247
17.224272 8.174885 0.003756
6.873209 3.787851 0.020739
9.481118 8.381320 0.022955
16.968675 11.244199 -0.039607
18.202005 11.014287 -0.024326
2.934101 10.862568 -0.009402
3.645440 11.688963 -0.009910
6.924144 1.080063 -0.004949
15.417638 7.622816 0.029169
17.511319 3.871919 0.001707
11.625618 13.826833 -0.008247
2.264142 11.746755 0.015392
6.046663 1.601072 0.032772
17.141119 3.679250 0.059712
6.941259 6.804358 -0.005311
2.078125 14.468407 0.045440
6.040633 1.654859 -0.014235
16.083987 8.518792 -0.023075
9.882458 5.081685 -0.014787
3.436809 9.702552 -0.000949
6.289994 9.761990 -0.013687
19.103814 3.644116 -0.002478
8.640058 11.786127 -0.012900
8.821072 1.395324 0.008748
3.050308 12.253563 -0.015162
6.087809 3.197766 -0.017202
16.311757 8.847629 0.002857
15.744495 5.226513 -0.028090
8.688296 9.142107 0.007119
17.900337 4.012569 0.034074
7.591045 8.523704 -0.006114
17.270247 0.146162 -0.055397
0.621240 5.639781 -0.006246
6.966064 12.439794 0.001608
17.124748 6.993482 0.008042
18.025230 7.506966 0.023684
15.127705 9.313976 0.034348
13.391904 6.537019 0.005257
16.346637 12.989170 -0.017020
14.168253 6.027263 0.002333
5.115387 14.102590 0.008043
9.348973 13.153552 -0.018542
13.208848 6.299546 0.001383
11.750521 5.476748 0.009323
17.733534 10.155977 0.026873
9.508469 11.317868 0.005497
3.551249 2.758280 0.007115
4.270598 3.625364 -0.031118
16.924551 2.162373 0.013477
0.166551 11.400582 0.022530
17.376176 10.718245 -0.003972
1.121910 2.856666 0.016713
7.823836 8.077303 -0.018327
15.988675 11.461034 0.020936
8.128905 14.223260 -0.001095
16.438289 2.699796 -0.016053
2.051690 4.561414 0.002997
10.261703 5.228615 0.023777
11.610417 9.365808 0.007935
17.839000 2.061677 0.013521
1.893649 2.910936 -0.042864
6.800858 11.689799 0.006273
13.190582 8.131752 -0.022121
19.559828 2.385746 0.016525
16.936554 5.808886 0.008361
16.909353 2.006552 0.001636
10.349303 5.419405 0.002819
11.293960 5.977525 0.004297
17.157270 1.684134 0.014462
17.388987 0.915770 0.015816
16.063648 13.232091 0.022015
16.379127 13.281376 -0.015841
17.588372 0.036939 0.007155
2.259500 9.658236 -0.002049
5.852634 1.391770 -0.020068
19.519745 12.152676 -0.001738
10.928626 13.190910 -0.001719
3.545583 9.245806 0.010787
10.035532 9.171909 0.002441
12.911051 5.556042 0.002437
16.568622 3.727837 -0.010376
16.247867 7.468641 -0.012081
0.995509 2.005282 -0.009544
9.052438 10.063109 -0.002635
0.451897 7.062619 -0.026657
17.777267 2.648845 -0.000097
3.466344 8.865169 -0.022682
12.503766 11.916211 0.014777
11.418237 8.857083 0.014362
12.496718 8.003245 0.011109
11.257319 12.719873 0.012617
14.323629 0.171251 0.019330
12.539563 9.234263 0.042161
1.845383 6.161402 0.000774
7.336477 2.897017 -0.003888
10.888133 14.724273 0.023549
6.470415 6.075007 -0.000154
15.202637 5.038799 -0.034856
6.357729 2.536716 0.001609
16.546334 14.975428 0.021196
2.942821 12.836187 0.053781
15.369360 1.065055 0.004865
3.709555 8.494043 0.012023
10.570420 2.189852 -0.017378
6.404974 10.755869 0.004662
12.742554 7.288695 -0.039649
4.228892 1.605902 0.024166
15.906260 8.374909 -0.002185
11.492141 13.657600 0.008198
19.150733 5.124674 0.033695
14.202918 0.760717 0.003960
12.148877 14.170149 -0.010694
16.613774 2.125573 0.048759
4.404217 7.119987 0.011054
12.657028 8.196997 -0.023354
7.772053 3.563532 0.016714
14.881538 2.674720 0.010509
0.459780 1.702708 0.026336
8.557677 1.023130 -0.006677
13.045173 7.657811 -0.039127
9.220011 12.611668 0.010155
4.771189 1.896719 0.012632
9.309783 10.505994 -0.026743
17.023402 6.205885 0.011275
4.122961 0.548072 0.040849
7.341017 8.041475 -0.021304
19.792320 3.758633 0.002616
18.249528 9.086267 -0.017838
0.676016 5.220774 0.003751
10.573993 9.999816 -0.005575
1.311880 13.744505 0.013094
18.472124 3.672511 -0.037401
8.806044 14.089804 0.027510
8.379286 3.067230 -0.018486
5.436795 1.065956 0.014014
11.380559 2.924706 -0.013649
2.903562 12.189887 0.004221
16.008487 10.142514 0.016843
9.853028 14.548718 0.009339
11.360850 10.652019 0.015734
16.780616 6.201412 0.010345
3.676451 13.367178 0.012080
3.497607 14.394167 0.006215
8.417163 11.871415 0.005854
15.738623 8.360271 -0.008460
1.195700 12.399641 0.007705
15.905238 2.695672 -0.036634
10.019958 13.538054 0.004400
11.236939 14.981467 0.009855
11.283817 10.003288 -0.017272
1.114302 2.926318 0.036692
4.991621 2.155588 -0.041812
15.087722 14.401774 0.010478
8.232338 13.058379 0.037197
11.264267 11.253178 0.031186
18.932801 14.281080 -0.006039
0.907870 7.587726 -0.019286
8.973035 13.296083 -0.002628
7.185795 2.413643 -0.012447
2.105070 2.763394 0.000133
19.027427 7.694496 -0.004135
19.248954 4.996688 -0.006368
6.196085 6.498202 -0.025226
18.941938 11.974533 -0.027207
0.708640 0.804938 0.003899
19.620860 10.799610 0.011832
16.704887 1.301947 0.013493
4.305333 12.724640 -0.004144
11.952154 3.058131 -0.039102
15.977708 11.066289 0.002989
6.391804 8.885777 0.003963
7.122048 5.767468 -0.019375
12.572905 4.047860 -0.011538
2.950487 0.883310 0.015580
2.384574 5.329063 0.006165
4.986965 3.010876 -0.006781
14.875626 2.028034 0.009663
7.301967 11.080128 -0.005742
10.160678 3.201760 0.028340
3.935763 3.346045 -0.018888
3.865571 5.113277 0.003156
13.014184 6.929095 0.028745
2.138051 7.693882 -0.021542
12.885278 3.947222 2.996725
6.389748 8.119339 2.990879
0.261402 7.039426 2.975467
12.635321 4.569208 3.022029
8.636264 0.939675 2.997445
2.922522 7.647794 3.011498
4.312949 0.162100 3.024393
18.727417 5.851291 2.962019
1.369575 5.551547 3.013034
15.741125 9.497544 2.995260
18.016084 14.761830 3.023194
13.777865 12.851701 3.009038
1.243312 14.612397 3.008237
16.937195 14.235289 3.010668
13.073067 1.149300 3.011141
5.532440 4.223307 3.040468
12.586011 4.466537 2.995232
2.752481 1.087922 2.999547
14.144816 12.691146 2.965455
18.061924 13.431548 2.983677
10.396929 9.078736 3.006652
19.050012 13.345065 3.007935
8.758328 10.732827 2.980504
17.174345 6.638509 3.002322
15.481042 2.263644 2.979486
1.758865 14.381134 3.040538
18.229129 10.416935 2.996135
18.207864 5.337120 3.040429
7.036774 1.952299 2.981594
15.858188 11.957498 2.989688
4.504054 12.034468 3.034542
0.648956 8.142408 2.986406
4.181943 15.024641 3.008825
9.693868 5.807288 2.980225
1.130979 14.129956 2.995982
3.205663 9.451307 2.965935
18.966516 11.061084 2.986744
9.872176 13.744996 2.981739
16.443214 12.487667 2.995217
4.145150 4.345400 3.006331
1.786475 13.008807 3.027276
15.627429 8.114760 2.981230
6.981941 0.635732 3.028020
9.183622 10.097575 2.972653
19.841855 7.490100 3.036454
6.347796 8.039064 2.966675
9.417242 6.152355 2.973376
12.703199 0.958379 3.000347
1.762397 2.706241 2.971592
14.326876 11.363424 2.992691
9.043493 3.473894 2.958858
3.506835 9.436841 2.995235
8.653741 8.099036 2.986400
9.216159 3.330265 2.988322
12.793554 4.220975 3.002665
18.735784 5.763491 2.997273
15.298517 13.199264 2.983579
7.630546 14.109079 3.000641
19.355539 5.820227 3.000369
15.795322 0.724596 3.000836
0.532333 9.044910 3.027097
2.313553 6.257177 2.990848
4.322434 7.391223 3.016903
1.683209 6.629911 3.018843
9.685837 9.854969 2.984558
6.801141 4.555097 2.987037
19.454655 13.384842 3.002593
9.438348 6.322072 2.978191
4.257747 5.139323 2.999884
19.401623 13.850397 2.982247
10.278327 5.369107 3.052598
1.436654 1.192749 2.987248
1.583182 2.315507 2.974048
13.487764 10.693127 3.019259
9.894947 8.456392 3.000810
12.503188 8.013214 3.031891
17.002620 1.214270 3.012383
13.628214 2.457093 3.001920
17.250822 5.900867 2.992981
14.867423 6.725050 2.977472
13.440640 5.682751 2.996258
2.724256 7.557063 2.984128
9.606524 10.993983 2.999255
8.670867 9.513347 3.003560
10.817460 9.189001 2.993864
7.831712 8.372451 3.017512
12.392347 2.952507 2.995263
7.844498 9.046397 2.969839
11.140864 2.374544 3.001909
7.851800 10.658652 3.022591
18.031555 6.784264 2.973335
7.468226 8.714396 2.987629
14.589413 12.924549 3.039440
12.267714 5.612252 2.996072
7.704228 1.483717 3.026913
16.160083 13.355163 2.992118
18.572862 5.417986 3.006210
15.220439 6.082858 3.003092
18.981807 4.415729 3.016839
8.732081 6.299483 3.002099
18.288945 7.860884 3.012199
17.540671 12.653540 3.038033
15.218426 10.767656 3.003061
16.717217 7.647721 2.999931
14.599063 11.472585 3.008575
10.210005 12.695272 2.983864
11.063162 0.879722 2.987586
8.356626 8.862272 3.040993
13.297341 0.664746 3.027536
6.516122 4.622363 2.996301
14.818955 11.436775 2.985020
10.141640 11.850561 2.965306
7.083614 13.242783 3.008702
2.980903 7.446072 2.999182
5.140186 1.275700 2.996404
12.851795 1.899872 3.007937
7.429973 3.684259 3.026434
0.645392 5.607304 3.003392
6.579845 7.902851 3.003805
7.364516 9.696686 2.984384
4.665789 2.436605 2.973073
5.711993 2.829644 2.991562
14.113087 2.580091 2.950600
14.891614 11.323699 2.988264
19.153246 4.570487 3.016575
2.360597 2.505337 2.994697
6.209424 6.491250 3.017027
1.501344 3.717275 3.006737
12.259640 5.581431 3.039775
0.320216 12.355754 2.993195
4.094900 4.990035 3.010137
11.778830 2.653893 3.015784
7.126631 3.449499 3.021283
10.919913 0.526434 2.993888
12.831796 13.532012 3.022749
16.741670 10.461382 3.035491
7.868053 6.969380 3.000727
5.580060 8.441023 2.986604
10.760750 3.801800 3.000469
1.361424 6.069942 2.996715
0.855358 4.755153 3.017150
9.071483 12.376922 3.000600
4.378879 11.176809 3.010459
0.156284 4.291346 3.015223
13.571404 11.459050 2.997526
16.323776 1.411142 3.019377
2.992548 3.039032 3.034625
11.281337 1.623733 3.003969
19.669851 3.612137 2.988242
5.362017 3.367787 3.025345
14.646364 13.515781 2.980323
3.241916 4.904791 2.979391
18.632082 5.338384 2.987897
0.014506 1.460733 3.033584
5.886775 1.007142 3.003774
19.536700 3.268174 2.984789
13.399048 2.018699 3.026523
4.245577 5.151143 3.001747
15.825699 2.783648 2.999692
17.976986 2.658171 2.993082
9.765066 9.722429 3.025582
3.149190 14.104378 3.005766
5.161701 0.163251 2.984216
18.856267 10.577451 2.987862
3.221783 9.936898 2.965496
6.260880 8.775449 2.991242
2.870389 10.399727 2.971181
2.128676 7.665319 2.974344
10.463868 13.904275 2.958116
7.910089 2.376938 3.008024
0.891755 7.103906 3.016471
2.923869 9.787319 3.008769
0.774616 13.647530 3.017829
0.494069 7.309643 3.005442
3.554127 14.677186 2.969392
14.862900 9.846518 3.009394
0.308550 10.517968 3.001555
6.075189 12.270208 2.993612
11.306160 10.987435 2.996491
14.906525 7.843001 2.978941
13.551042 11.544596 2.998823
19.801442 0.512262 2.970879
5.499480 14.009936 3.034093
0.011739 12.321530 2.999556
0.800174 9.558700 3.002809
1.955185 1.000400 3.019959
19.521829 4.383987 2.973387
11.381572 3.819390 2.984978
15.995398 3.851739 3.001423
19.711499 10.086982 2.999621
16.891899 13.146415 2.995807
8.143693 10.262063 2.991146
17.544969 5.817693 3.016203
8.710693 14.531796 2.986652
2.270776 12.938348 3.006437
10.961827 10.272876 3.039091
18.310938 5.949583 3.016610
15.707695 10.285661 3.038557
8.045469 6.114162 2.961955
17.078569 2.331976 2.976381
9.251947 9.283837 3.015535
13.686565 10.489470 3.012332
6.685688 5.283025 3.052281
3.908914 13.930420 3.001237
6.300873 12.796029 3.028953
17.499874 8.747331 2.983846
19.768945 0.897960 3.026060
5.264297 0.290488 2.988543
3.285904 9.603367 3.013581
1.425416 12.210107 3.032059
15.078289 7.495884 2.977341
10.585478 0.343805 2.993438
11.143042 2.213516 3.005027
0.901388 3.168561 2.990889
1.614023 9.409326 3.018215
18.290696 7.318079 2.997674
11.527276 1.558659 3.000431
4.381605 7.525787 3.029333
4.155347 13.067382 2.995308
4.839852 6.591479 3.017652
1.294491 2.227604 3.001439
1.014409 8.692448 3.025069
14.401802 13.971593 2.986856
5.245241 1.733104 3.023917
7.667576 2.316719 2.965590
10.761977 8.473689 3.010981
6.394720 5.084539 2.980026
9.579854 13.418326 2.999901
17.308241 10.703712 3.018686
4.885284 2.185315 3.009315
15.838318 13.057145 2.994242
5.328477 9.608520 3.009873
3.759873 7.397690 2.996630
1.445146 3.848201 3.017990
13.680066 9.807871 2.990945
8.260226 13.488166 3.002169
15.437954 0.545142 3.008504
2.639095 5.618530 2.990340
12.047735 14.001841 3.007776
0.258423 5.737630 3.015183
4.685638 0.532718 3.061018
12.213304 1.570558 2.991701
1.125768 10.336635 2.993390
7.532896 10.561718 2.986150
11.228576 1.696602 3.010674
14.533727 3.306611 2.964234
14.110689 8.421178 2.990190
2.957868 10.286014 2.989996
1.522830 2.395343 3.006786
7.509967 6.847017 2.992915
4.833909 8.436285 2.968444
6.135787 0.764890 3.029901
6.839364 3.362367 2.976304
7.942531 13.791376 2.987279
10.378855 13.203083 2.991003
0.214024 4.832558 3.002657
5.930709 13.030040 2.990462
5.306487 9.462057 3.008614
4.680820 14.736650 2.996504
15.780371 14.481281 2.981014
5.017270 9.257907 3.011531
3.025370 6.998856 3.036754
17.043176 2.121765 3.008484
7.663950 7.951754 2.994144
3.700377 6.009037 2.959280
15.048768 9.684502 3.004734
13.170519 1.289267 3.016296
18.931645 12.509994 2.972121
17.588710 14.471590 3.008373
13.906769 3.148373 3.011293
3.214522 9.501009 2.985831
9.652046 12.029787 2.969203
2.387315 8.266525 3.007256
10.997103 14.015663 2.975321
18.327508 7.690792 3.006914
0.054228 4.060324 3.005239
17.524687 7.054271 3.003114
10.804716 7.328733 3.008230
3.057844 3.809028 2.983162
17.100540 11.807812 2.971249
10.731707 9.275483 3.023423
8.932434 5.557508 2.998635
9.995113 6.327675 2.999367
2.975276 5.600397 3.042866
2.254552 6.710264 2.980645
13.220740 7.935710 3.017371
17.621748 4.950615 2.986819
13.928304 12.255712 3.028330
16.823795 13.910855 2.976310
16.881654 7.850357 2.981807
0.671900 10.666285 3.014009
15.431492 13.990526 2.991241
15.443973 2.851065 3.002063
7.022340 2.850228 3.046253
8.207374 1.078357 3.009115
14.880532 6.615565 2.975660
19.731417 4.966001 3.024102
19.754522 8.387960 3.031186
9.417964 6.766800 3.004352
15.790809 2.862910 3.002214
9.331223 5.855660 2.970819
17.318256 0.412922 2.985430
13.017783 8.091931 3.022854
18.751955 4.067101 3.020309
19.951916 1.724332 2.981638
6.617205 0.962567 3.013567
19.552094 10.692463 2.974348
13.855302 3.717198 3.049010
4.759898 9.897405 3.003217
0.076017 12.235501 3.021992
13.655716 7.450837 3.008348
4.411492 2.022025 2.989038
4.606808 9.272228 2.999631
11.039159 1.089072 3.016309
0.641301 12.230494 3.010722
8.321521 11.404683 3.000962
15.951245 6.049709 2.994186
0.535655 4.033675 2.996650
12.501645 10.621403 2.992356
3.163262 8.486844 3.003186
17.242310 2.148297 3.010525
7.844684 11.388775 2.997934
16.239957 4.999309 3.023402
14.478286 13.364140 3.023979
17.575779 12.454057 2.944892
10.337139 4.155066 3.007590
9.726363 3.846716 3.002786
0.772683 5.971578 3.001644
10.694130 12.059276 2.978055
10.439603 1.971618 3.018507
12.146514 4.739393 2.996573
2.608590 9.891617 2.967178
10.799813 0.559352 2.969923
9.083783 0.846059 3.010129
11.900187 11.442878 2.989310
13.182450 7.854182 3.013292
7.209137 8.353159 2.988400
10.048190 3.748208 3.015998
7.895304 7.976191 3.002294
15.314687 8.148135 3.009769
15.904964 6.220199 2.978702
5.832826 14.465788 2.998990
5.192994 0.721106 3.004056
13.572402 6.247235 3.003701
15.468336 12.835359 2.969395
0.223769 3.109911 2.982196
8.553825 14.021478 3.014365
6.171939 6.337038 3.020643
15.335453 2.338358 2.989931
2.871449 1.386419 2.981260
15.550774 4.885240 3.026931
13.229250 13.840916 3.007422
16.870370 14.065202 2.995636
19.806321 8.436222 2.990704
9.539505 1.781650 2.973261
13.993905 6.859947 2.988194
14.185380 6.275225 2.948538
16.891507 3.498708 2.948073
10.378961 1.151373 2.971238
2.163365 5.743636 2.976468
19.573115 5.578349 3.019553
1.125925 10.558854 2.986702
19.247981 5.934330 3.002118
5.100015 0.196351 2.983987
9.829791 0.324349 3.032754
18.977400 10.324375 3.017179
13.508977 9.902351 2.988459
11.749246 2.438335 2.981576
6.488672 13.008835 3.010879
5.873001 9.918160 3.014471
0.640918 2.323289 2.999258
11.764657 4.323142 2.993720
8.604784 14.602932 2.976911
4.524522 6.148171 2.996474
7.698280 3.592611 3.024738
18.812696 7.860196 2.965649
16.983498 3.108133 3.024994
8.622167 11.882800 2.980044
19.605455 11.901901 3.010504
9.227078 12.023024 3.026462
6.990381 9.265610 3.018261
7.793819 10.408528 3.010420
17.522558 4.834436 2.959952
5.340783 13.198340 2.991997
4.470862 2.199584 2.988195
19.190296 3.810083 2.991622
14.716100 14.869598 3.014849
15.303373 14.422335 3.008729
14.802564 7.651289 2.995095
13.677113 7.483441 2.963166
1.819566 1.749180 2.997132
15.060371 9.907265 3.014742
4.972322 0.459203 2.978986
2.653193 4.742755 3.027572
19.648077 6.315682 2.992757
0.536957 13.382542 2.978475
0.639397 14.521641 2.987360
6.181303 14.588248 2.982203
16.904349 12.018622 3.037303
19.572624 4.340112 2.986644
2.385677 0.675334 3.008238
7.947405 6.388602 3.045557
14.663499 4.469892 3.006275
12.890883 9.843884 3.030616
4.711587 5.574101 2.961998
6.593659 13.376179 2.995296
11.891795 5.600827 2.997326
0.728481 5.697723 2.974586
15.154353 11.355012 3.036766
5.525514 8.810384 2.998709
16.561255 3.814208 3.020726
13.693645 10.155732 2.987167
12.895625 8.445784 2.990857
15.347106 1.572053 2.969329
1.487527 7.008284 3.031307
5.216321 13.780489 3.008046
10.432719 3.198447 3.008675
15.568703 6.192152 2.983876
16.986606 4.149117 3.048007
7.605918 8.053143 2.998442
15.877710 14.661359 3.017526
4.373402 4.678489 3.030117
1.653966 12.460173 2.996968
4.941043 12.594369 2.964591
18.047581 3.913195 3.030035
10.889339 11.612070 3.009106
9.646244 14.824732 3.009599
14.842258 14.324759 2.974953
0.216279 9.077327 3.007400
2.347006 2.266015 3.007359
2.007141 1.812004 2.976999
2.403320 3.982809 2.978688
9.100344 9.046499 2.980068
5.647864 5.818994 2.967408
15.693896 10.452129 2.998268
16.781131 11.816987 2.959465
18.470242 2.711528 3.012444
3.880852 13.553789 3.020448
10.032547 0.908302 2.973609
0.990586 3.933583 2.993911
4.816969 12.234202 2.990718
12.287574 2.751325 2.974213
8.445846 3.300407 2.991641
13.833992 14.613436 2.965912
16.774041 13.687945 2.997865
1.187679 12.168863 2.980349
18.762492 2.595672 3.021962
0.853345 3.816423 3.021900
19.642300 3.500365 2.935167
12.726110 2.848764 3.017830
0.832796 14.569871 3.012415
7.900477 2.509430 3.027038
5.173936 11.209796 2.993254
15.987852 0.738573 2.997226
4.519901 8.185260 2.990441
16.543582 1.058805 3.019741
6.230801 0.940822 2.998093
19.759171 3.450421 3.026434
5.387798 13.854365 3.007975
13.665660 9.613720 3.030763
16.024641 9.770798 3.033293
4.356097 4.454181 3.028777
1.496881 10.850306 2.964131
11.027868 10.217397 2.990956
13.538268 6.913691 3.000833
16.371195 10.217844 3.017251
5.459584 13.014514 2.999386
17.431370 14.414608 3.010377
18.299324 14.922138 3.001706
15.598834 7.344784 3.024066
0.159365 0.486033 2.999957
1.719464 3.424019 2.998935
19.949414 2.954574 2.972503
14.655945 4.523593 2.983333
12.522309 5.409433 2.981376
18.049367 10.005022 3.000030
0.777858 7.888458 2.990051
15.147084 9.770594 2.986251
13.079636 14.571275 3.029480
16.962622 0.760763 2.996462
15.581877 0.224128 3.011091
9.669902 9.950899 3.021404
1.440524 8.242236 2.970281
18.197747 7.220761 2.985188
15.260000 12.807560 2.986719
7.128594 2.399777 3.022559
19.692417 8.613328 2.997167
6.210786 13.989688 2.978982
7.413595 6.666289 2.999174
19.472440 8.690724 2.986481
13.346290 1.048243 2.951524
17.547849 5.253820 3.002950
17.740616 0.640453 2.987216
10.717373 8.569977 3.038132
5.344038 8.861026 3.009328
16.911863 14.250725 3.009100
10.037669 9.620199 2.989296
11.305884 0.060865 3.002856
10.833847 12.492712 2.960537
0.198745 4.953413 3.011713
0.918644 10.733483 2.982680
12.357054 3.940670 2.997843
15.902365 11.393073 3.014980
9.133916 13.914723 2.996377
3.796630 1.234807 2.983205
8.086986 8.149357 3.002626
15.358934 8.126402 3.019644
2.166060 4.262921 2.974337
11.203334 5.093825 2.992644
14.072682 10.149268 3.000913
8.295843 4.392801 2.994830
12.030015 0.473950 3.017962
17.672117 11.548031 2.989760
4.278916 9.360151 2.995851
2.726395 3.747189 2.973184
1.208751 14.450950 2.954585
14.526309 13.463740 2.996647
18.003646 14.484848 3.001076
13.828083 7.709228 3.000598
19.521867 3.535041 3.011404
14.139149 2.612159 2.994929
5.761488 14.214034 2.987486
5.136900 13.355149 3.022875
13.336008 11.091407 3.003815
13.492475 7.669865 2.995845
10.493350 5.794784 2.965293
10.528559 10.527488 3.043165
8.324022 0.116631 3.044807
6.983899 7.831727 2.976832
12.683914 10.180811 2.983280
14.940645 11.307461 3.026478
16.274780 6.754954 2.995431
6.172131 11.210689 2.977908
17.176967 1.431370 2.967515
6.018400 3.525803 3.029067
6.086183 2.164948 2.964353
16.135287 5.097001 2.968954
19.391604 5.135107 3.011150
18.622858 5.615836 2.986939
2.174273 7.007297 3.021019
5.759097 6.550495 3.008764
15.207340 7.391591 3.008336
16.117719 11.297508 2.991401
10.064020 2.154646 3.010683
0.284823 5.246925 3.015153
10.005675 -0.013033 3.053230
0.616317 0.445092 3.030009
5.609739 9.101642 3.041176
13.146392 13.187334 2.987262
2.727990 4.588979 2.993450
14.262592 6.026204 2.998309
12.437429 3.111992 2.984027
8.608337 2.161826 3.007145
7.448618 13.269520 3.019156
18.264803 8.571611 2.998511
11.067329 10.530929 2.974852
17.777658 13.248635 2.991619
8.235507 8.836473 2.993439
11.910422 2.699836 2.977696
19.120586 10.724498 2.980890
2.489634 11.210557 3.012381
5.238100 6.226665 3.023899
18.314932 9.253564 3.024319
8.420061 7.254871 3.013235
5.437494 4.963486 2.993596
19.981723 10.127500 2.987258
2.025920 3.702626 3.036038
12.247702 4.941344 3.019974
15.735103 6.066354 2.986077
15.724340 9.205738 2.988761
8.849650 12.785777 3.024396
0.884257 9.210224 3.003769
16.790316 10.844984 3.012864
16.075116 4.391302 2.992174
4.720778 8.834564 3.009851
6.816372 1.557680 2.990609
10.229581 6.954134 2.989230
2.274395 10.382539 2.999038
16.362231 2.685129 2.979971
18.439215 13.502968 3.008673
6.157965 6.248376 3.002992
18.479056 10.064434 2.995516
16.016984 7.055281 3.004359
14.579046 10.972939 3.004763
19.431996 8.763730 2.999956
6.467736 1.824323 2.997873
18.323525 13.883700 3.006525
1.984154 9.880923 3.009778
9.560550 7.083583 2.992754
11.021165 10.124770 3.006413
2.466169 3.910848 2.999704
14.732676 11.544475 3.001213
9.496267 6.185703 3.012900
9.080091 12.076493 2.980835
11.631584 4.047761 3.003943
2.708473 11.851984 2.976706
4.039631 13.623496 2.989379
3.608468 14.672691 3.009468
19.011267 11.663977 3.020519
15.462392 10.538909 3.024980
10.583983 7.800994 2.981369
13.192964 1.581956 2.973430
13.026362 8.432991 3.020364
5.264277 8.484097 2.979050
1.710967 0.962720 3.005957
11.092923 10.338993 3.000113
5.258962 2.250963 3.000891
17.431342 8.956888 3.031636
4.721639 7.109238 2.989898
11.468544 13.110922 2.995070
8.397085 3.493200 2.983517
14.828759 2.577508 3.008651
19.017174 8.286224 2.995947
8.237048 6.896646 2.994828
0.893895 2.464796 3.014846
13.239600 9.221152 2.953044
2.590081 13.605470 3.001689
2.089167 11.085009 2.991332
13.214493 3.163346 3.030033
2.094948 3.559092 2.986632
2.560549 8.343047 2.979952
8.771305 10.180247 2.985643
9.067583 14.712281 3.005702
18.298869 1.545072 2.988836
5.526473 8.199639 3.028585
7.998725 14.799876 2.998300
14.140048 1.642599 2.990469
16.535488 14.617481 2.979595
6.998711 6.958112 2.989748
12.626746 10.772364 3.008220
12.485361 6.365496 3.013249
6.056663 12.616235 3.003516
2.389544 13.666327 2.985244
13.651393 2.470289 3.029629
5.362238 11.202642 3.001045
6.367703 0.296456 3.023759
11.459998 4.168586 2.986400
3.201497 8.282867 3.015999
4.840000 9.032522 3.013355
8.902134 5.465764 3.003154
17.546236 4.037302 3.031042
15.472448 2.620547 3.009011
6.364832 3.592591 2.992991
6.058816 1.980646 3.015733
19.730102 3.925323 2.984597
13.061195 12.351914 2.976008
13.754055 4.323825 2.990678
1.103851 13.601635 2.989062
2.100917 3.671858 2.981341
5.884644 7.353166 2.974564
16.814581 2.546975 3.008112
18.225304 0.256645 3.010126
3.844104 9.391260 3.032807
14.283192 5.078465 3.014080
17.464112 5.176981 2.963172
17.575421 6.110700 2.993221
9.167995 11.676634 2.982283
5.212770 6.007473 2.983941
19.138623 1.315998 3.007382
5.511547 4.226050 3.012789
5.028950 8.646120 2.995594
4.113786 14.878429 3.001087
10.634084 2.140214 3.007749
2.134154 4.845966 3.016405
11.395981 7.270931 2.974908
18.857329 14.172237 3.012789
10.083261 1.638525 3.002104
19.279300 11.910820 3.023887
18.076226 10.884424 2.987790
15.813051 4.599337 3.016622
12.155536 11.612537 3.042395
17.617670 8.682758 3.025293
11.100707 2.576234 2.993611
4.149018 4.297327 2.991917
18.475990 4.951530 3.019470
10.015456 4.848861 3.020541
18.173436 11.181601 3.019642
7.863219 9.912196 2.981610
6.629346 12.282281 3.010732
15.315718 7.674941 3.022123
12.682299 5.249396 2.956263
8.763545 0.989470 3.011133
17.565371 11.905202 2.987025
10.315953 1.140004 3.001867
0.275649 4.478101 3.010655
13.854401 10.027625 3.027057
1.255336 11.472393 2.979641
9.622768 0.995867 2.998854
3.849299 9.136393 2.983642
4.829091 2.044201 2.994920
19.577026 11.315455 2.979146
2.268607 10.944831 3.011042
15.170988 11.211872 2.968285
12.756967 0.956167 2.994831
3.925262 8.400390 3.002458
18.710036 3.629738 2.986209
4.010725 7.432436 2.976441
10.310786 14.843109 2.998624
15.803210 1.390154 3.018813
15.269480 8.912641 3.027527
6.382469 2.455681 3.004538
16.793725 7.660534 3.016556
19.227281 7.785333 2.988309
9.492033 6.824947 2.961323
13.049191 9.582891 2.965458
7.291771 14.605169 3.033520
7.083433 12.090002 2.999655
9.382367 14.368103 3.021619
3.957618 2.812022 2.975028
13.764169 14.919642 2.965373
3.327231 4.585424 3.002936
0.094160 0.536257 3.002269
8.760638 6.519315 2.967105
1.552412 3.721441 3.021726
11.245913 11.403281 2.978920
10.387604 1.303206 3.027749
2.772958 8.210281 2.955269
4.896598 4.364722 3.004633
0.481931 3.092490 2.984983
11.854987 13.176021 3.034370
5.840887 7.697501 3.003380
14.256744 4.894231 3.017092
12.573117 11.217373 2.992937
7.483910 12.792628 3.018450
0.387218 6.646084 2.983362
6.404758 2.756755 2.983937
6.478075 14.907627 2.991299
6.633098 5.386769 3.003163
19.078129 3.066174 2.981120
3.288821 1.544735 2.995483
5.387047 1.864410 2.981150
16.645536 14.139513 2.999331
18.526856 14.173616 2.952173
9.353828 7.595969 2.939750
10.835903 10.393223 3.013343
1.051458 12.498040 2.991547
16.177055 8.365600 2.999269
11.891986 10.034028 3.003347
9.559609 14.511333 3.009781
6.048617 2.587002 2.978676
8.877361 2.057463 2.994984
14.692854 11.315135 3.030999
1.592596 10.549834 2.993793
10.145573 2.791208 2.992252
0.694636 4.531929 3.031783
15.429186 10.283976 3.010193
4.229127 7.409522 3.027365
18.025976 13.380248 3.013271
9.504289 12.538550 2.990656
9.129562 7.319538 3.018088
7.208805 10.024059 2.972271
10.328736 9.678875 3.019537
6.789284 1.369379 3.018344
7.189957 6.395781 3.026218
3.896373 6.561104 3.036951
6.914052 13.458367 2.996760
16.192378 13.283385 2.989389
4.914866 0.865138 2.932445
16.435162 12.681314 3.006465
17.222586 9.176216 3.003456
13.332173 0.252901 3.005655
0.650673 5.710265 2.992501
11.254529 13.318265 3.018633
16.665688 5.368948 3.019725
7.326035 10.116018 3.003470
5.636545 8.510374 3.035072
6.465016 8.855052 2.990769
8.467963 7.193210 3.046910
1.427271 7.241219 3.019941
4.743868 13.517523 2.955735
12.940362 6.203080 3.010386
9.449946 2.880662 3.016222
4.917623 6.313337 2.991868
18.627935 11.014135 3.020582
5.913431 7.132202 3.017838
2.556334 10.962419 2.994415
3.960311 3.591323 2.993473
5.933438 8.740280 3.021387
10.462642 12.963463 2.993335
1.325462 7.938896 3.050375
17.069691 9.533763 2.978541
17.554918 10.186697 2.988539
6.384934 11.102587 3.018762
15.530318 5.211723 3.013712
11.968053 9.407689 2.998542
16.908276 6.218435 3.020610
5.513516 5.879393 2.971362
12.204358 7.164111 3.047233
1.421522 6.103126 2.989547
0.234142 0.386663 3.021493
17.499952 11.105942 2.962804
5.878694 8.811417 3.005152
8.929303 2.035332 2.993496
4.651165 3.897796 2.998721
17.518554 9.182048 3.007970
7.704352 7.787674 2.995447
3.602440 10.839523 3.012514
12.120439 7.323552 3.046316
4.121486 12.681767 2.983522
5.191914 1.156538 2.998657
13.494190 9.218203 3.002179
19.185703 5.588420 2.973624
15.057770 4.617510 3.001440
2.456605 14.112730 3.017877
6.240713 12.965118 2.994725
15.926614 2.743895 2.998470
5.514489 0.856041 2.993344
14.813542 13.022307 2.977250
9.435271 2.528979 3.000274
17.716850 13.930930 3.043285
7.187374 4.156469 2.999606
18.694282 6.181265 2.980161
8.144030 0.660271 3.020592
14.486201 8.066109 2.969637
3.912536 2.823061 2.963664
10.634634 6.415812 2.999372
6.216524 13.818620 2.967797
0.244211 3.810264 3.023025
8.771090 9.575015 2.989826
3.457376 3.022928 2.960498
19.169905 9.107814 2.989583
16.142412 4.346091 2.984429
14.754798 10.240767 2.987925
9.057999 11.539783 3.022982
5.187507 13.197881 2.961719
6.537474 13.818514 3.028862
4.073220 3.609510 3.008013
11.019896 1.915119 3.029171
16.224425 0.705360 3.019053
3.736740 10.765781 2.977304
0.080619 2.807784 3.003435
2.536686 11.997757 2.990687
9.243544 14.491846 2.995731
0.377761 2.209962 2.976757
8.109302 4.239124 3.005900
2.192855 7.875700 2.975883
2.188888 6.494187 3.011313
14.254518 6.385376 2.999049
19.998129 3.258379 3.019634
3.871266 13.368787 2.991547
4.576865 10.231092 3.008531
5.893631 2.298402 2.956559
15.688673 0.053933 3.005949
10.102119 11.429223 3.026078
11.454824 0.219446 3.020385
10.937899 13.171473 2.984177
18.686870 7.947868 2.978464
0.699738 14.002705 3.031863
3.142972 11.557672 3.025860
7.622164 13.434976 3.054717
9.774128 11.180946 3.021361
2.267596 8.655058 2.980871
17.889192 2.574202 3.014020
13.579813 10.904865 2.985580
18.641473 8.866763 3.003128
18.797685 6.802984 3.010938
10.263012 8.372999 2.967072
17.083582 3.474878 3.041246
14.732444 6.069124 2.991365
7.215032 1.932496 2.993021
13.172512 6.148357 3.023476
19.016311 7.042885 3.006821
15.274826 12.884648 3.002878
14.165285 7.859232 3.036521
4.432973 13.620770 2.989296
16.651859 14.508965 3.012887
7.786602 0.709718 3.018026
12.503618 8.943565 2.999245
13.556482 4.497408 3.039426
10.298351 12.763283 2.996494
3.292861 7.376726 3.002675
13.959671 1.171327 2.998746
4.926872 3.230147 3.003397
5.316789 10.114796 3.007876
2.562206 1.205670 3.009612
12.363995 5.707246 2.994043
2.349699 13.048870 3.041797
6.854852 0.467783 3.008503
17.752338 10.483734 3.010275
9.014154 10.123813 3.010690
17.924359 4.802869 2.947062
9.883520 1.700714 2.955349
3.583530 1.545080 2.993506
15.161768 14.526226 2.993493
7.076043 10.169512 2.957043
19.333332 5.649627 3.003383
5.234487 12.531578 3.026888
16.435624 1.548382 3.015437
9.902860 1.887608 2.979076
16.848129 2.940973 2.961100
3.644317 11.461779 3.031072
12.659194 6.130950 3.003111
2.250741 9.624101 3.006700
16.086368 3.471419 2.995948
4.719522 11.629169 2.997384
8.525692 12.011294 3.015773
13.118032 6.232250 2.998556
9.583653 3.155128 2.999736
15.551626 9.448652 2.989345
13.751982 3.845147 2.971009
2.590638 2.204156 2.994916
15.453893 9.222915 3.002709
8.460733 7.693728 2.977686
11.938586 11.792675 2.986052
4.289335 4.391485 2.985841
8.466709 3.377746 3.010998
16.341230 9.603312 3.022958
18.480865 10.489393 2.983498
18.740060 6.190865 2.988438
14.021271 6.633631 2.995740
1.570611 1.832135 3.017816
8.876868 7.017043 3.032401
3.848004 14.404870 3.009456
13.963532 1.704042 2.993074
3.250870 8.507053 2.998625
19.585400 0.249122 2.990827
3.911216 4.891169 3.017880
1.027817 11.423587 2.994296
16.916386 8.523607 2.999554
4.051144 1.218071 3.013980
0.463129 6.804775 2.973505
10.965652 1.169652 3.000857
19.404436 5.568695 2.996610
5.321158 11.528728 2.971152
8.177695 3.865221 3.014942
4.767909 6.801053 3.017873
11.187348 7.486645 3.028700
6.455045 12.779570 3.005969
11.825829 1.794410 2.977979
9.593165 8.261850 3.029636
18.569974 0.445817 2.966334
13.419709 1.408269 2.991849
13.636028 3.333381 2.996454
9.726005 10.783699 2.991851
6.073904 0.588303 3.001615
6.298376 14.174342 3.021085
10.106642 6.433089 2.989255
3.837515 12.586695 2.990605
2.638474 3.316870 3.050871
7.441880 5.088534 2.982612
2.643545 10.897666 3.001060
4.578577 5.710290 3.026664
10.676730 7.635815 2.973254
15.814537 12.133024 3.026725
4.500416 9.785057 3.024755
15.827469 12.537562 2.977776
0.304832 1.335835 3.015116
19.919563 9.153685 3.007780
10.355388 9.027875 3.008395
9.477793 9.128617 2.954913
13.031437 8.834145 3.016709
9.506686 10.878446 3.000323
8.166064 12.668641 3.037573
7.431671 3.417632 2.988720
19.568620 1.593652 2.985556
17.274732 1.113142 3.008411
10.023130 2.398729 2.991084
16.714135 9.832947 3.027656
2.991102 6.229694 2.989392
10.617091 5.237617 3.011208
9.019528 13.580889 3.025288
6.480596 13.495426 3.030786
18.397737 8.093229 3.014569
16.669425 6.906109 3.031148
18.143873 4.041864 2.994897
12.706883 6.897469 2.979756
7.533160 6.132432 3.001708
15.139241 0.106582 3.017024
2.185712 11.423103 2.989646
17.067178 6.582904 3.003364
0.550289 3.319070 3.000129
16.332730 9.987241 2.987049
14.072851 6.737671 2.978433
1.786604 4.694525 2.991065
2.949268 3.456678 2.982151
9.040424 0.851592 3.007624
5.935461 7.563092 3.012305
17.377882 5.675305 3.018715
3.844124 0.648390 2.976121
8.303545 12.223149 3.012031
5.171904 12.097157 3.011026
2.526244 7.335861 3.039328
5.237792 12.586441 2.996990
17.217791 7.203851 2.955389
14.254772 2.532070 3.017638
18.285120 7.780172 3.018197
8.133307 4.692230 3.005518
4.807518 6.780301 2.968559
0.549790 14.552373 2.991179
9.892326 5.306155 2.998289
0.804895 3.224242 3.020752
0.078132 1.897620 3.027474
12.098132 13.276181 3.017737
3.277597 0.213638 3.020686
11.232281 13.613072 2.987456
11.504101 0.914048 3.006579
14.468228 11.295272 2.981091
7.655080 4.392218 3.013245
14.106374 3.766215 2.983485
7.315140 2.711532 3.017174
1.926826 2.024083 2.983735
6.217988 1.030730 2.947762
0.138228 2.330944 2.999923
9.268019 8.828741 2.989405
14.785817 8.521408 2.985145
15.683649 4.223795 2.996865
4.628917 10.178042 2.985947
2.101582 11.529473 3.013462
3.735962 14.679103 3.022385
19.688124 6.600137 3.030533
6.238650 5.626874 3.002474
8.586676 14.606803 3.000928
1.521854 14.118892 2.987228
15.773119 13.896922 3.020266
8.960563 9.144835 3.005309
1.739129 9.292160 3.014722
9.458874 13.918080 3.001875
14.234902 7.180787 3.009250
9.429099 3.187177 2.992149
19.430728 14.792356 3.021947
17.417172 12.638287 2.964797
10.289528 0.850914 2.971648
18.818017 1.696497 2.987950
16.211060 13.217458 2.993061
7.359065 4.526492 2.989312
15.460239 10.477684 3.004724
10.110154 1.756663 3.006335
10.792069 2.553985 2.992137
10.419475 11.211881 2.988558
16.075832 14.677270 2.984967
18.371389 7.521489 2.985340
6.411268 0.635898 3.036867
12.850954 3.498341 3.023195
12.553845 3.229981 3.004524
17.760796 14.029702 3.005318
8.939652 6.268734 3.006794
3.823707 14.191279 3.030809
4.073740 12.885031 2.990904
1.062813 6.780871 3.022801
2.009549 0.384011 3.006988
6.020898 14.596443 3.022201
2.083250 0.146042 2.973739
17.454700 12.875068 3.008008
7.276224 6.205030 2.981819
7.343104 4.493200 3.000091
15.140803 6.112932 2.997862
6.043912 5.342701 2.985692
14.294025 10.355207 2.998600
16.454058 8.621907 3.056865
7.216369 3.864400 2.976309
9.563609 7.913757 3.017845
6.436742 6.078266 3.012105
8.501255 13.840969 3.025321
11.629485 13.377044 3.014531
6.977349 9.256064 3.035567
9.293419 14.485057 3.007114
9.922597 5.583789 2.974712
0.502421 1.301143 2.997848
3.248430 0.700412 2.999915
10.845964 12.524165 2.985307
0.059147 5.723851 3.001128
14.102939 12.902766 3.026314
18.126038 6.885854 2.995006
15.080696 0.138445 2.974097
6.302923 7.960000 2.978379
8.998183 8.886703 2.980464
13.019533 6.762259 2.961676
13.643116 12.569531 2.977912
19.552499 9.658505 3.008437
9.852820 5.477374 3.018873
4.964333 10.771171 3.016785
7.232809 4.792568 2.990592
18.440699 12.568356 2.974826
12.663375 4.222802 2.996470
17.304017 9.989345 2.988998
14.489926 6.234928 2.997745
19.322139 1.492010 2.993921
10.043897 9.464814 3.016721
19.018520 5.738356 2.965896
17.712629 9.526671 3.015989
16.851364 8.079193 2.982630
18.770991 0.585984 2.989457
10.511710 3.072717 2.993395
14.842797 10.494860 2.988898
11.120825 7.014819 3.063337
15.518572 7.005799 2.993799
15.268363 0.067226 3.019951
15.132990 4.521522 2.997275
8.558640 10.011823 3.002316
15.888195 13.307356 3.014600
17.547241 8.607220 3.030216
12.731733 8.126596 2.985275
9.123491 7.054662 3.031535
17.092128 10.182370 3.008114
15.565408 11.955584 3.011904
9.402883 3.277882 2.998344
11.614741 10.738961 3.014506
13.686160 3.636733 2.993080
13.794408 0.464743 3.021172
6.208280 1.130851 2.981199
5.849957 0.675491 3.028862
17.733041 4.171660 2.967474
18.738514 1.898438 3.012974
8.036600 1.301380 2.992292
18.288068 2.194757 2.969933
9.397378 0.550400 2.975187
3.352321 5.147988 3.002836
14.668160 12.308526 3.011399
0.893598 8.295142 2.962157
2.291419 0.940718 2.975998
18.797560 5.621274 2.996815
10.368673 6.445429 3.019315
5.335114 2.567262 2.986656
9.638401 5.619727 3.016482
11.582662 5.060628 3.006702
12.779304 7.441102 2.990707
6.969252 10.425217 2.971386
7.784362 7.194890 2.995746
10.996831 1.082148 2.991438
12.504128 0.822524 3.013606
18.436195 13.351174 3.005895
7.795953 10.460474 2.983186
17.496987 9.859725 3.004818
19.865324 13.699333 2.973567
6.831809 8.135617 3.001038
0.582527 1.084411 3.017368
12.076321 10.723817 3.008489
18.026224 2.405451 3.031729
1.062736 10.032949 3.026203
3.938591 6.004445 3.032968
13.565069 0.417655 3.030763
16.213658 0.856994 3.002023
1.719356 5.868421 2.973915
7.312975 8.918366 2.977104
4.794819 2.553881 2.986980
19.338889 1.574634 3.004701
13.637558 5.628446 2.970723
9.513962 12.045233 3.011828
17.246106 11.753830 2.982629
10.781861 10.276816 2.986373
18.199498 6.342592 3.022747
4.794351 6.649995 2.997594
0.562888 3.409702 2.998604
8.567607 2.037612 3.008523
4.096729 0.229481 2.994225
16.710276 12.918075 2.972513
10.636367 7.421054 2.997029
5.779578 0.024267 3.018180
15.500731 7.945877 3.022456
10.519404 3.857031 3.010292
10.055126 6.392575 3.028501
3.621771 10.100209 2.986515
19.937903 12.143045 3.020381
13.168705 10.510600 3.011157
17.136378 13.435685 3.004051
15.206484 3.492895 2.956513
10.038761 9.940121 3.034328
0.176172 13.323135 3.030695
13.322096 4.620063 3.029183
2.040780 12.010455 2.965771
19.204132 14.125644 3.006358
4.969745 9.651262 3.022220
7.377211 2.463849 2.986262
11.025679 3.939764 3.026471
10.056174 10.189114 3.021655
13.135418 12.963561 2.995351
15.692072 0.357824 2.990228
15.156583 4.902385 2.977463
18.163528 3.510896 2.990183
9.382740 6.320158 2.980582
10.700465 11.507494 3.003781
17.474060 7.527959 3.027427
5.644007 7.760973 2.984698
4.925185 9.151921 3.025415
0.179117 7.730551 3.002619
14.772953 10.308479 3.029248
13.752158 1.616255 3.008489
5.542485 0.321935 2.999872
2.643924 12.433592 3.003140
0.843281 7.139263 2.990053
9.755689 4.470761 2.995046
3.882094 6.794570 3.005453
15.865737 9.733728 3.033482
19.015631 1.809815 3.010345
15.509399 7.840903 3.026551
17.038938 1.666046 3.019739
19.828072 12.888219 3.018728
14.782430 8.422409 2.998061
11.357428 12.156394 2.964319
16.161735 10.813719 2.990444
11.258834 12.207289 3.002676
8.676347 5.129788 3.026312
0.642620 2.100808 3.027041
12.856450 13.374592 2.992510
17.962211 13.287639 3.007026
13.858441 13.219098 2.999031
8.079086 14.843796 3.002336
12.369436 8.928584 2.968495
16.236273 7.674776 3.021640
15.258858 11.936689 3.008278
9.840555 1.621033 2.964559
7.217808 11.758853 3.002865
7.922276 12.198176 3.002486
18.156031 8.625593 2.984590
3.436212 5.812071 2.980864
17.251947 9.845788 3.017667
3.918096 13.711733 3.025432
19.634089 2.360563 2.997436
8.978872 4.688036 2.969627
14.670018 10.070684 2.988587
14.575973 12.519344 3.010694
15.492754 9.769640 3.002743
15.794111 8.880559 3.027168
0.783367 1.264222 2.985782
5.469542 6.528204 2.971072
4.570790 13.367764 2.974127
13.949364 5.447341 2.995574
13.660393 5.742450 2.978740
5.915390 5.395947 3.004666
15.884433 5.435006 2.997868
6.218336 6.077744 3.016627
6.862624 11.621681 3.013248
7.956048 6.823046 2.991032
14.906863 9.115516 3.002548
0.255830 6.598991 2.987937
18.118939 13.112546 3.011056
13.841073 2.654939 3.008135
11.734529 1.814161 2.994092
4.754113 6.148955 2.978219
15.726069 14.592786 2.974588
17.431531 10.509046 3.002598
10.024641 9.253204 3.000816
5.851427 5.848948 2.979449
7.644893 4.455288 3.031803
8.314234 14.335032 2.991711
6.139790 6.403790 2.989136
14.251048 10.651545 2.972892
6.846071 12.146251 2.999726
16.370647 9.845002 2.999099
9.243493 3.459439 3.000775
12.593235 4.301921 2.994757
18.954266 0.313497 3.023678
8.917414 14.537234 3.007460
3.375724 12.538194 3.021012
11.001257 6.069417 2.993478
9.950776 13.369853 2.999352
15.652211 2.304432 3.021383
17.247753 0.628370 3.009407
14.236347 2.050038 2.989650
19.491997 13.217875 3.042949
5.403718 2.384917 3.046389
4.765343 1.015608 2.974068
5.822807 2.782149 3.016601
13.466912 6.215679 2.944947
4.663790 7.435462 3.036369
1.767657 3.523575 2.979741
19.566901 12.080246 3.029354
6.288003 14.425959 2.972397
4.413121 4.379126 2.990711
7.169709 13.946070 2.978290
3.181216 12.268415 2.978796
0.731167 13.313802 2.997823
6.127735 0.875445 3.011544
6.760494 12.494798 3.041061
16.224980 8.777060 3.000392
8.695341 0.550741 2.991012
14.727411 11.288672 3.025022
14.698937 3.607082 2.976286
15.754202 11.976685 3.005163
18.383984 9.410205 2.993334
10.002071 7.372439 2.978085
2.086538 0.353643 3.002859
0.793565 13.347245 3.006261
3.765383 2.218799 3.009885
16.555879 12.519806 2.968183
11.476203 10.311046 3.042160
2.790353 1.052429 2.988745
2.631923 8.144634 2.985621
17.834211 14.438840 3.038135
10.375364 13.839076 2.997771
3.437972 2.245852 2.996533
17.884541 2.593783 2.997632
14.409723 2.290139 2.973574
9.598564 11.348983 2.996155
9.343861 2.393936 3.012048
13.428055 0.983737 2.977310
6.775593 5.894047 3.001869
19.954352 14.504057 3.009609
15.709111 4.653370 3.030491
12.816578 10.850352 2.977630
13.738250 2.168947 2.973027
19.903140 9.328434 2.987070
0.223033 8.701203 3.005756
0.441056 13.524558 3.019119
15.686640 10.743385 2.986177
4.198729 1.818435 3.010842
13.692340 6.071004 3.008341
10.097713 0.014476 2.979933
6.378760 3.611653 2.960025
4.589897 14.568562 3.000356
15.529023 6.853805 2.981297
3.391914 12.997151 2.987804
3.173257 0.339983 2.957165
8.787266 13.203331 2.977420
2.345429 13.353440 3.030904
12.828348 9.806858 3.005538
19.793153 1.761537 3.024798
14.995002 13.131489 2.977298
12.091870 13.507937 3.017493
7.879828 3.021132 2.978932
19.759688 14.095497 3.046871
17.609838 13.172583 2.999969
16.419179 3.063667 2.977945
4.613344 5.888083 3.011509
2.450696 5.039504 3.019123
3.568605 7.474024 2.999402
5.175593 13.319173 2.969666
1.645360 13.145812 3.012085
17.773530 2.610920 3.017543
3.713650 8.282195 3.020678
4.563912 7.988218 2.974220
17.766130 6.737524 2.978086
19.187266 10.700466 2.999779
4.402994 9.690807 3.023656
5.907944 4.147513 2.998433
16.024288 5.231173 2.991221
19.412912 13.343238 2.973446
12.972314 4.883706 2.975565
8.826973 6.652868 3.019840
13.511054 14.599872 3.003606
15.647420 12.848426 3.004821
2.241338 10.458696 3.023698
8.699863 4.574237 2.995077
17.170974 9.411305 3.023278
14.126378 9.594411 2.989663
3.095903 6.206179 3.014310
15.096333 0.522411 3.011333
13.340302 5.490256 2.995517
5.310611 7.658131 3.020538
6.880249 14.234149 3.013352
6.321439 10.932511 3.004155
19.855190 1.625803 3.023092
3.679074 4.519266 2.986255
16.640095 7.807440 2.980333
10.615990 6.762691 3.020466
17.631576 0.052554 2.984889
19.619714 14.042191 3.008567
19.214232 13.564925 2.977475
17.070210 13.830168 3.002910
8.274278 6.408635 3.008424
5.446581 12.480023 2.993474
6.400220 10.627932 2.972559
13.053945 7.666695 2.996592
6.834654 1.188303 2.995830
8.663411 2.519603 3.034955
1.591386 3.564735 2.993898
15.431915 13.432473 2.969688
2.215952 9.979230 3.010712
6.728877 14.739541 3.000899
11.793131 8.494645 3.009344
10.599767 1.276700 2.978194
17.841205 7.153192 3.027308
13.139459 1.667488 2.999471
15.804239 13.559408 2.991559
6.079706 4.174624 2.997981
2.650612 2.927339 2.999042
14.875615 7.657279 3.009148
3.037010 12.108174 3.026844
16.678952 7.635657 2.971497
18.868159 0.591809 2.998878
5.649283 11.105715 3.002481
15.206315 0.498435 3.032328
8.710734 9.032321 3.004627
5.972241 9.243626 3.005453
8.627985 3.108318 2.988166
12.936337 6.701972 3.009665
19.749702 0.099819 3.019007
6.001812 4.253134 2.995289
14.106516 9.271509 2.994037
6.706418 4.244758 2.998492
5.024053 0.750021 3.014456
12.650974 10.132362 2.989086
15.253296 11.139111 2.999107
14.323426 12.936762 2.964681
18.846750 13.121663 2.992033
2.119664 7.458824 3.011851
10.847069 6.143616 3.003124
5.837344 8.793204 2.991453
16.333579 11.902815 3.081758
1.263869 7.134911 3.009676
3.525566 14.925696 3.015129
15.437462 9.542504 3.009633
7.105133 4.618682 3.006197
13.655220 11.904600 2.991060
19.955927 2.256419 3.030698
9.193015 14.043996 2.993510
10.651480 5.087693 3.002005
19.496220 10.301188 2.997850
14.926979 9.376019 3.007421
3.964958 1.417301 3.005556
16.054629 10.848760 2.997837
10.287270 4.651765 3.016278
15.714096 5.723279 2.991429
11.967155 1.434390 2.980943
4.536880 12.162704 2.994148
16.297216 12.899237 3.012225
0.048830 2.003195 2.980926
17.779717 12.172917 3.010016
16.372806 13.460733 3.008589
19.430157 1.471924 3.002586
0.743184 14.927933 2.977756
8.743401 0.096642 3.018857
3.348305 12.627358 2.973523
7.478982 8.392397 3.019513
7.201188 14.350754 2.998092
11.964887 5.118445 2.976298
8.780377 5.417601 3.016405
19.315168 12.633752 3.006594
5.542500 10.669292 3.022536
8.375013 8.966295 2.997701
14.015057 9.664871 2.990090
5.557327 10.192112 3.001880
14.478382 0.759522 2.999711
14.183162 1.769251 3.001889
14.280024 2.696619 2.986656
13.516612 2.656941 2.994335
16.347796 12.661879 3.009702
19.884375 5.922403 2.999004
1.116138 7.334939 2.975834
9.956380 1.351923 3.028306
16.235294 13.057488 2.995392
-0.006980 0.123133 2.978674
10.908475 1.239447 2.983472
13.224572 12.229115 2.998871
3.804810 1.966884 2.958293
7.989407 11.908639 2.972325
15.783103 5.226591 3.001125
1.356119 11.629212 2.999612
2.681018 0.740414 2.983373
16.377108 5.090660 2.993363
16.192306 7.237304 3.008812
11.806615 9.374190 3.018506
8.306389 12.526257 3.027050
2.120240 3.674942 3.011971
16.226849 9.854573 3.005023
4.834543 2.259375 2.978219
18.262886 11.900364 2.997132
15.511479 13.995935 3.008053
1.631156 0.694962 3.017396
12.705475 1.232937 2.988292
18.380293 11.829785 3.008512
17.607397 13.209643 3.046800
12.263280 9.744192 2.989491
3.449016 6.931368 3.016651
13.620363 11.471270 2.998626
13.311339 4.488082 2.994332
11.794244 14.880365 2.989850
5.285492 12.750562 2.987054
18.003322 13.349773 2.987598
10.046024 12.827884 2.967881
5.907869 13.983658 2.991060
5.107126 0.947860 3.008680
5.577222 13.628011 3.007204
9.228452 3.725786 2.986793
4.613193 5.412273 2.988011
10.367854 5.581300 2.965282
3.837907 3.466953 2.969963
5.434879 6.585854 3.005269
2.371599 7.587009 2.973791
7.149438 2.216731 3.021016
8.112131 5.397407 3.004667
8.072836 5.224304 3.006076
14.479822 10.128115 3.017277
9.675170 8.704674 3.003488
13.852831 10.739263 2.976246
0.690403 11.797863 2.985921
8.747496 10.034249 2.980847
1.752787 3.649001 2.999794
9.231650 7.532740 2.992618
12.363179 6.988009 3.006547
15.960633 1.136501 3.021920
10.995869 13.414182 2.956511
7.588556 1.372186 3.014834
5.325158 14.660865 3.021413
19.148507 0.501874 3.000223
3.988521 10.961273 3.007855
0.817513 4.335484 3.007563
2.531639 13.577023 3.009719
19.976115 12.351000 3.009353
18.106852 0.386697 3.005026
6.392538 0.331133 2.988626
0.069424 9.054962 3.005368
15.305711 2.251284 2.993933
6.002439 0.189836 2.999092
0.432526 14.541901 2.965011
9.112813 9.472305 3.005173
8.506582 0.172553 2.978107
7.226587 7.341613 3.010155
13.058357 2.334796 3.011694
14.545552 12.074158 3.002408
11.153549 0.389047 2.963018
0.278841 5.557581 3.010925
0.444367 3.590180 3.017445
17.628426 14.693027 2.961677
3.757524 1.152824 2.970071
7.963885 10.768586 3.002577
2.063820 7.188892 3.016734
4.608086 12.251473 2.982833
9.686335 3.203054 3.039885
4.705948 12.832647 3.030372
13.186745 14.240536 3.014603
7.337599 3.202395 3.010243
15.759449 3.644900 3.032001
12.026478 14.481351 2.988190
5.115343 6.494801 2.992123
16.197824 12.559691 3.016369
18.620104 12.638091 3.000025
2.383770 4.676725 2.984466
13.367458 2.649359 3.034246
12.605700 5.488164 2.979387
13.421613 8.850937 2.975917
0.617278 7.455855 3.013173
0.549005 11.082840 2.986624
5.876058 8.210059 2.984522
1.581291 12.097740 2.979983
7.318903 1.538477 2.976511
17.470545 6.618473 3.025380
7.059299 0.214290 3.039568
7.851838 1.784611 3.021645
5.351788 4.983999 2.955242
8.425539 13.541671 2.987193
15.974943 5.675994 2.997748
16.650725 4.078985 3.005430
8.432881 10.063657 2.994999
7.919685 10.555996 2.997947
3.872584 7.241926 2.981799
19.483827 4.315868 2.982146
6.214742 4.502308 3.008959
6.880474 2.785309 2.971114
8.578865 5.443266 2.960661
1.584015 2.490852 3.002309
6.613996 9.618622 3.016327
18.600417 13.393943 3.031283
1.531832 3.822033 3.007250
4.810951 3.630262 3.006802
4.368542 13.505557 2.989545
4.703938 8.518728 3.020481
19.140317 10.967800 3.015965
14.189267 13.362365 3.048289
18.362127 9.986584 2.948376
17.171239 11.147904 2.989063
12.441521 5.803917 3.004457
11.194911 14.060095 2.982064
10.180962 10.542462 3.016186
13.789089 1.040926 3.003534
14.044780 8.960608 3.018563
11.971176 1.448367 2.972279
8.979392 7.846867 3.029174
13.545049 1.352806 2.997268
3.145277 9.413104 2.985811
11.028361 6.881444 3.012923
10.427185 8.274537 2.992369
10.701802 9.749106 2.997664
10.232385 3.771080 2.972242
15.020336 4.814282 3.005923
15.113059 7.225484 3.008759
6.574341 8.513038 3.014592
7.017746 13.855042 3.003858
0.329640 5.252836 2.991398
2.267372 8.904327 3.013841
5.275948 13.810079 2.992876
15.355684 10.752541 2.984741
15.952352 4.965490 2.986570
4.971452 6.228433 2.961430
17.394792 13.170703 3.013559
7.548741 6.558408 2.993108
16.011396 3.766425 2.973140
9.364627 7.845046 3.005666
14.296641 2.761913 2.996091
7.101536 8.737382 2.988940
1.388672 14.887171 3.000207
5.055998 14.515390 3.004156
13.908366 9.211542 3.026791
18.372481 13.281726 3.005487
12.540800 12.230018 2.993463
15.358283 14.272509 2.960451
0.258752 13.075131 2.989904
15.227248 13.512571 3.002106
16.711913 3.442977 3.027436
8.216711 2.385712 2.989836
9.887887 0.669733 3.014665
1.079135 9.862168 3.020109
3.491436 13.993370 3.040675
1.143581 14.899406 3.019146
14.626446 12.776481 2.987878
16.003372 12.452880 3.003109
2.191077 7.785452 3.039530
18.432185 6.806353 3.019526
16.821039 9.644189 2.964773
11.531003 0.338375 3.002229
19.557814 11.903985 2.978008
17.651300 9.880935 2.990126
4.446266 2.536774 2.980113
19.075991 9.542317 3.025147
8.835346 8.991434 3.023563
3.073741 11.845340 2.991221
4.016022 12.557801 3.009175
13.716071 3.798864 3.019930
19.756661 12.201444 2.997088
8.901272 2.703201 3.009181
11.475854 5.929439 3.028596
6.023870 7.377640 2.992196
16.925926 12.081763 2.999643
2.285625 13.505598 3.011656
11.605930 0.211450 3.013868
11.713740 11.068038 3.031533
0.002533 13.129425 2.994472
18.797552 14.314073 3.010761
19.493382 4.019263 3.021163
9.362883 2.590778 3.012705
14.481919 7.505448 3.000444
16.950225 13.506717 3.020751
2.318746 4.742415 3.017576
1.692867 7.558619 2.998722
13.758009 14.923551 2.977855
11.188908 6.815098 3.001668
13.610531 9.447672 2.975091
11.426608 14.950991 3.014081
14.515531 5.499149 3.001645
3.061519 4.104457 3.021661
4.304581 4.212709 3.028252
4.744852 9.269378 2.973577
8.304052 2.448840 3.020551
15.168622 2.465765 2.968256
16.613905 3.896860 3.009776
7.983817 8.140439 2.996589
12.066883 12.676611 3.017046
5.943974 7.923429 3.002709
9.495724 11.737578 3.014402
18.840757 14.355711 2.975904
5.387184 11.082979 2.988442
15.772308 9.651541 3.016684
0.837140 0.143096 3.000287
6.899176 6.704194 2.958201
13.144347 4.025052 2.981850
15.487114 7.677954 3.005596
11.852006 14.265690 2.998783
17.373675 4.819390 2.996464
16.414190 2.432488 3.015838
12.346403 12.381902 2.993303
6.922035 14.880683 2.986304
7.291303 11.701897 3.027833
12.312528 2.094122 2.988158
13.105326 8.263373 2.961656
7.882376 6.054065 2.983207
7.962262 9.512090 2.996761
3.541995 10.018367 3.048533
0.011767 12.094547 3.017507
9.254634 3.585813 2.971629
16.592416 14.456779 2.998915
15.298242 3.211972 2.995841
19.885304 1.873706 3.008031
13.423959 12.454951 3.004439
4.658850 6.935228 2.971427
13.550043 7.360081 3.017858
16.574922 4.802112 3.021490
12.799378 0.685837 2.999779
9.620363 2.899150 3.006025
12.367788 11.424521 2.981147
0.526181 3.374760 2.984750
5.276386 14.914594 3.034964
3.159440 11.786168 3.020926
8.277716 12.724638 3.019361
17.844538 13.085394 3.007273
3.761274 10.796313 3.023867
1.388643 6.993521 3.038022
15.526508 13.740890 2.955180
17.360095 6.409514 3.011571
10.607155 1.437112 3.004431
7.532374 8.924747 3.001546
8.594408 1.546034 3.013626
13.182635 9.842664 2.989311
16.637560 14.983344 3.035080
3.805086 10.135816 2.972402
18.043036 3.129828 2.983622
13.186903 2.047432 2.953148
14.782074 5.332332 3.015360
1.714843 2.177959 3.023918
18.340453 8.542014 3.005826
10.549507 11.751316 3.000313
7.252833 9.908919 3.053504
7.988014 9.255770 3.008818
5.856036 6.502350 2.999068
3.281091 2.561643 2.980308
0.681539 9.574142 3.047540
5.271977 6.292041 3.000116
9.926209 4.580968 2.990705
13.390072 9.904288 2.990877
14.690602 5.683175 3.001159
11.908441 2.519955 2.975601
2.287770 7.260118 2.996158
8.648520 4.319943 2.978041
13.363636 10.996424 3.017115
14.864183 0.743558 3.015115
6.498332 12.808658 2.994542
18.535969 6.927413 3.038832
15.861822 0.248540 2.969296
17.034153 2.002026 3.014937
13.335103 14.209078 3.023328
8.271276 8.076988 2.993744
18.673673 11.504092 3.026239
18.022904 13.193228 3.010841
16.560828 4.798608 2.995320
17.815812 8.258311 3.033254
18.346199 9.759686 3.022575
14.932019 12.640094 3.011164
4.009291 6.320147 2.991597
10.772115 14.256703 2.982721
12.269296 9.115942 3.014630
15.489177 13.086036 3.008798
9.902930 1.265122 2.986972
10.250697 6.919065 2.985662
19.911362 2.691024 2.966282
9.033876 13.681453 3.028161
2.583297 3.534611 2.988769
14.184761 10.677151 2.979113
7.241337 0.964001 2.984901
4.952564 3.016852 3.000104
12.567874 4.802867 2.979808
19.069375 11.747825 2.997081
6.268106 3.791982 3.016915
7.418029 12.250936 3.020817
9.320256 11.832840 2.967209
13.747559 14.884437 2.971482
7.934850 10.154755 2.960407
8.490463 9.555838 2.997403
14.046500 9.034608 2.972691
19.672912 1.638951 3.002524
6.349929 7.732930 3.035684
11.697703 12.790934 3.008513
15.866268 0.275094 3.002882
4.212655 1.882798 2.986303
16.370758 9.033851 3.000255
7.087835 12.663868 3.009167
2.221030 4.598983 3.023322
0.474239 13.058476 2.995099
0.650493 5.073914 3.009278
15.973867 6.991922 2.997693
13.491976 14.304566 2.996194
15.870747 6.274075 3.002771
15.065128 8.976400 3.026994
7.597373 14.040770 2.990283
18.682018 3.983407 2.999959
17.590006 1.375291 3.017634
6.952508 14.378548 2.981351
15.459210 8.396416 3.017571
16.379749 14.549075 2.972358
9.773947 13.006925 3.010762
2.398070 8.924233 2.988711
6.718599 7.057408 2.997040
19.762959 7.187748 2.971978
14.332149 2.476791 2.984057
15.474954 6.809518 3.000433
18.239011 12.310752 3.008705
4.042011 14.833227 2.997205
19.334311 14.445707 3.011496
10.366444 14.439440 3.041047
14.916308 0.292139 2.985834
6.353196 7.700516 2.992634
6.601375 3.014639 3.012323
7.181687 9.240284 3.016484
6.916639 14.193642 3.041621
1.244235 13.099330 2.983747
6.155196 12.986050 2.975519
12.966232 5.501346 3.006860
18.063984 7.506262 3.001471
0.877195 4.240870 3.011656
0.317216 8.299483 2.979941
11.881601 4.519654 3.018283
14.005108 12.098902 3.022848
12.159597 6.939872 3.007290
19.444417 10.501883 2.989885
4.559783 13.066240 3.015937
9.631393 4.501450 2.992715
18.319066 9.316652 2.984934
12.384150 12.704889 2.988771
11.512516 14.226967 2.987316
18.658987 2.448367 3.002966
6.784741 10.200536 3.030155
3.139569 6.534179 2.986876
2.590848 4.324386 2.980213
16.415134 2.348652 2.993337
17.128540 8.759896 2.999007
4.708790 5.008321 2.998071
9.148286 10.032109 3.027465
11.701836 4.214899 2.980169
2.795481 -0.008018 2.982490
16.980075 11.539247 3.014529
8.376814 2.400276 3.030442
17.268343 3.781746 3.011103
15.192572 3.515253 2.986858
5.885890 5.111068 2.975222
14.350925 7.293506 2.983544
14.831869 12.192969 2.993524
6.200745 9.760129 3.037308
5.075003 2.209948 2.995766
16.486992 2.752137 2.951893
13.544226 12.708585 3.021652
14.788395 3.748428 2.988255
6.292324 3.310260 2.986475
14.413552 0.017408 3.012068
14.288836 11.595500 3.005437
6.640892 11.092676 2.992354
5.387572 5.206872 2.991970
8.635198 0.133043 3.022283
14.785037 11.779886 2.988627
3.836389 1.490094 2.982980
17.509615 6.903005 3.014942
5.095870 12.588705 3.012096
16.798227 3.670676 2.998124
3.131979 5.707926 2.956464
14.783665 9.933139 2.979609
11.194051 10.094666 3.010415
13.219970 6.966455 3.036872
19.444230 6.498609 2.954363
1.064378 6.279041 2.990484
3.005501 7.263923 2.968409
1.536147 5.225086 3.020764
10.386861 3.820712 3.016682
16.111238 4.736057 2.975942
1.121330 7.143859 2.992667
15.535359 5.726048 2.974434
8.686293 8.763547 3.015596
18.826474 9.469625 3.010444
7.652853 14.929200 2.983759
19.702139 9.189507 3.033563
11.133067 11.012750 3.005322
19.787978 1.466916 2.977366
12.645221 11.405163 3.003749
6.956378 7.617468 2.997422
16.035145 13.009372 2.999650
9.739549 14.560484 2.988436
6.226081 3.456248 3.005930
9.543920 13.947829 2.997531
17.447168 10.092660 2.997922
14.632608 11.040150 2.992256
3.461728 7.062555 3.029062
16.791612 5.285307 3.003074
8.612027 12.007846 2.984007
1.646590 0.348838 3.016387
2.973632 8.104595 2.970887
1.341700 1.125988 3.012565
13.516881 3.798106 3.010719
5.133572 10.871827 3.058130
1.969559 11.336933 2.986755
7.298947 13.349966 3.029940
17.329090 10.722423 3.001754
12.546782 10.094022 2.976480
9.735470 14.182199 3.022739
14.629149 8.030806 3.009114
1.500460 9.792236 3.020255
17.644375 13.012225 2.994998
3.550935 11.469126 2.975800
0.423870 11.572131 3.042655
7.220075 8.057957 2.996198
1.166971 7.901880 3.015116
3.355666 9.781058 2.973578
14.745014 10.549290 2.998962
8.085526 8.195292 2.972103
0.145494 2.780399 3.021476
12.892285 3.744981 3.003817
14.174309 7.407652 2.989338
18.023085 3.047042 3.011777
3.065420 6.355413 2.983343
17.118252 2.185282 2.999524
14.189434 2.179968 2.958480
11.335542 12.670584 3.018646
5.267957 8.135597 2.997300
9.183970 11.733504 3.012304
3.983061 0.148315 2.994851
14.387964 4.300551 2.970760
14.061174 0.296029 3.009104
3.834236 0.054971 2.998329
5.041849 0.463574 3.020206
18.026988 7.837005 3.010934
9.461872 1.371424 3.016472
11.025690 11.956661 2.995488
19.184304 7.756368 3.029021
4.131278 3.684816 2.997417
12.575091 12.587386 3.007912
15.479586 7.640064 2.971027
6.363569 5.265562 3.001083
6.180025 8.538087 3.001859
17.929420 10.084931 3.004878
1.980519 8.403343 2.999775
3.152146 13.975448 3.021298
8.247883 5.282343 3.008018
15.965661 6.154922 3.009042
9.055133 12.898007 3.022248
5.435815 9.543421 2.999381
8.395122 14.455696 2.987589
8.887527 11.889160 2.967371
14.520913 7.683535 3.015403
17.430557 9.526837 2.979358
6.411439 6.104427 2.973080
14.192727 1.920152 2.997499
13.994070 6.125066 2.984768
15.342025 4.219144 2.968324
11.500599 10.146992 2.986960
0.302626 10.052008 2.999635
13.099668 14.047570 2.986705
12.203210 1.193327 2.966678
12.231913 6.984338 2.975875
5.639344 5.980079 2.962303
1.946533 7.916815 2.987614
3.780189 1.798328 3.000894
4.304257 7.371844 2.994253
3.506673 9.853103 3.002699
4.895934 4.700348 2.985602
1.383029 9.765991 3.041652
5.401365 4.000261 3.014355
19.943898 5.514422 2.979928
10.241384 13.637757 3.014680
6.885119 0.409409 2.991127
14.386781 4.097411 3.025837
9.372333 14.001788 3.000754
0.605388 2.146351 3.019547
10.920458 5.975614 2.960066
6.051834 6.823809 3.024315
11.423495 9.837617 2.979548
3.443653 9.170555 2.993004
9.656667 9.386578 3.011350
3.883676 14.138429 2.990191
5.983048 5.903891 2.999855
13.739062 7.305917 3.001668
4.564965 14.458456 2.984354
8.309163 1.931349 3.000663
1.490571 14.194188 2.990594
13.716819 14.244713 3.024781
10.817315 14.312553 3.015785
16.284530 1.016898 3.000982
10.713886 8.706295 3.004374
19.884755 12.576539 2.997018
4.827566 4.701863 3.022880
14.863011 8.901742 2.999529
8.652306 3.851617 3.003992
7.541890 1.911702 3.009214
14.670502 12.811105 3.024971
19.127982 14.706390 2.985003
15.096697 1.023427 3.018932
6.631822 1.828502 3.016096
10.203702 8.840479 2.957659
4.349093 1.286158 2.999197
12.409292 9.453168 2.978488
8.036823 10.763319 2.976896
4.542304 6.190740 3.010576
0.403844 11.306384 2.991975
18.484222 1.733617 3.002658
1.547007 4.529920 3.001700
6.581416 12.146076 2.980490
3.829776 1.317029 2.999633
9.867549 4.262561 2.991279
3.860882 9.324375 3.002298
14.694267 3.724079 3.029141
4.483099 7.197446 3.022268
3.717198 12.555154 3.016291
4.343187 4.073566 2.999665
5.959796 6.559724 2.951043
12.859313 0.263683 3.009999
4.225850 10.619424 2.990890
13.935911 5.296842 3.043982
8.602567 12.933716 2.993336
3.940852 1.347309 2.977956
4.798839 11.751591 2.995739
10.537015 12.229229 3.028022
7.603780 11.627533 2.988414
10.265035 11.030062 2.976064
16.228785 3.552553 2.981236
0.934315 6.267327 2.990366
7.868335 5.738491 2.990851
8.333735 3.605335 2.978150
5.045868 7.353067 3.030921
8.895342 10.460808 3.024876
11.299283 7.146643 2.984065
11.715613 14.617001 2.996272
13.370850 10.628830 2.987128
1.516927 6.620339 3.003839
9.185744 6.059233 2.964620
15.162314 8.758914 2.995373
9.104137 6.495143 2.971024
13.131055 3.302972 3.001752
11.803800 7.815191 3.016968
9.310749 10.112453 2.992072
1.592634 5.386807 2.992576
12.666844 4.247212 3.027898
10.706464 3.254172 2.991891
0.132844 5.469126 3.006311
4.150305 3.691576 2.996504
1.229661 11.456215 2.991420
11.438666 9.571954 3.001226
0.341287 4.266748 3.004319
16.835208 14.877473 2.975882
18.941662 9.685578 3.004766
19.529493 2.090617 2.997483
4.528195 12.438774 3.000646
9.886215 11.274591 3.004342
17.803490 7.508485 2.981256
13.760555 3.500864 3.000299
5.969994 12.155010 2.995340
16.702671 1.837086 2.987037
11.499857 6.286924 3.026871
14.598506 12.233473 2.977843
19.382214 12.036826 2.994906
19.943553 9.456322 3.000554
10.087623 0.096104 3.018939
3.153207 4.975681 2.991948
12.404524 12.775216 3.007304
12.870540 10.796152 3.035547
11.436069 12.169416 2.977577
8.472024 0.983666 2.969956
11.627914 14.138099 2.990631
10.688992 3.402141 2.984234
18.899953 4.972606 2.992789
16.721697 12.621827 2.973208
7.904596 6.079634 3.016014
11.431375 9.626449 2.988485
11.311909 8.277661 2.974047
10.225041 12.977370 2.997717
1.181438 2.353289 2.987574
14.272709 1.480178 2.985883
14.615131 9.505316 3.015574
9.653645 12.649514 3.013908
18.007972 13.862623 3.038716
19.685909 5.980425 3.003530
16.278948 11.024827 3.009677
18.541273 5.847324 3.018121
9.735812 4.731406 2.993873
18.291110 0.384354 3.032916
18.702230 3.764830 3.002413
12.478423 2.548847 3.007729
2.999824 4.068791 2.952175
3.057571 4.337298 3.007426
9.422460 12.850079 3.012116
14.738430 3.055046 3.016105
10.018721 12.296113 3.024513
15.990725 12.913850 2.967309
15.383509 6.967562 3.038056
4.072448 10.847055 3.037602
2.652767 4.792410 2.993312
14.119536 0.255322 3.045153
6.431434 10.680135 2.984231
18.591437 9.090333 3.050329
17.363717 6.941490 2.979503
9.008181 13.478755 3.042194
11.632121 10.867804 3.013335
16.919104 6.370087 3.010208
17.455353 0.827668 3.006631
11.146399 13.168210 2.968489
19.474810 14.754922 3.005212
10.409448 9.494695 3.009232
0.826884 11.520901 2.996947
11.284422 7.634229 3.025058
15.545686 3.516897 3.012543
19.712131 13.696439 2.977180
2.124373 10.356491 2.980348
8.824437 8.212210 2.997915
11.714024 10.224251 2.993141
17.637517 7.695728 3.024324
14.304760 0.882965 2.978037
4.622712 9.907472 2.981549
17.198966 0.075138 3.003087
13.309356 3.296633 3.017004
17.931996 2.367321 2.996237
16.668024 5.087635 2.968266
2.598970 13.639696 3.002348
19.181890 1.188219 3.027605
9.098122 5.376755 3.066161
19.657612 11.350256 2.977978
3.746254 12.946749 2.996560
15.863272 11.026248 3.007476
6.125719 14.512821 3.034080
0.876987 10.438358 2.993723
19.892648 11.170359 2.995487
6.099798 6.332984 3.002484
1.618650 4.544323 3.013639
17.240986 6.902418 3.006489
8.638358 11.512737 3.015156
11.554979 9.742111 3.033739
19.668241 11.590290 2.982186
9.601346 9.415000 2.992024
1.284705 11.008750 3.015595
13.820501 2.330243 2.992542
14.177761 4.818532 3.016073
3.905459 8.429813 3.007585
10.923893 0.262533 2.984297
7.388868 13.678537 2.994343
1.021236 3.623841 2.953073
6.226947 1.321384 3.023229
18.161645 9.903962 3.016419
6.024206 2.870406 2.997512
4.491866 8.407460 3.002021
18.828416 3.706097 2.988723
7.612720 2.485832 2.984180
18.815335 11.037638 3.027773
17.651333 5.829746 2.993669
9.401797 8.597276 3.008963
7.689336 3.252228 2.981339
2.745038 8.294865 2.997502
3.773923 6.318153 2.983965
4.672492 0.787789 2.954341
9.423108 10.908163 2.970319
7.459835 8.259867 3.022908
15.994763 13.879737 3.042415
5.902593 12.103129 2.987802
8.481281 8.580764 3.001158
2.474235 0.653332 2.966540
5.435397 11.283455 2.987507
15.701877 8.247830 3.018835
14.161540 12.517072 3.012668
8.050728 8.655035 2.975568
11.549949 0.042151 3.000325
9.163027 12.224229 2.994260
17.935397 11.994513 2.990271
7.857655 1.487096 2.988464
14.430010 10.276204 3.001595
4.336934 7.903886 2.968359
8.695809 8.839255 3.001738
10.586130 13.337336 3.004190
2.094573 3.780923 3.004479
11.753313 0.183208 3.007618
11.472828 3.151434 2.970313
3.158185 13.694308 3.008393
19.964513 3.185066 2.980488
1.860495 10.129256 3.004236
17.906687 11.848029 2.981786
9.808808 12.209032 2.992626
4.463167 0.187576 2.990857
2.243973 0.134551 3.000779
14.000685 14.834584 3.041571
15.097425 7.927018 2.999263
13.489050 0.951445 2.987116
8.415524 0.400987 3.004905
3.471112 12.164348 2.997015
15.780050 13.595560 2.993165
17.423587 7.873126 3.005656
7.857692 5.574315 3.027528
16.819376 10.542764 2.996325
12.753868 0.328812 2.994796
10.541861 13.478401 3.006290
12.236688 3.844304 3.003685
2.150435 2.853530 3.001931
2.508132 4.685351 2.980818
14.563168 0.952978 3.002971
19.377645 5.854645 2.980790
10.163551 10.726732 2.993488
1.038709 7.516308 2.978916
1.366922 10.005089 3.020960
9.339704 3.191540 3.011903
13.127852 5.960091 3.013805
3.127670 7.772973 2.987769
0.667741 8.548429 3.027152
14.569396 2.787199 3.005217
2.923655 12.095765 3.034429
8.712097 1.330803 2.987265
14.663729 1.498700 2.966833
2.537049 3.739948 2.972781
8.813045 9.809807 2.985961
2.233832 1.147296 3.019116
6.947312 0.107406 3.019465
18.253229 7.098216 3.022973
13.716788 5.200621 3.016876
0.412850 2.349159 2.995503
2.697017 9.822836 3.021909
5.861656 9.612291 2.986712
17.935582 1.786681 3.035738
14.971194 3.435723 3.020538
12.352461 5.507748 3.019013
3.095759 14.819356 3.003827
18.543012 11.518484 3.044993
16.171947 5.077171 3.010279
4.797523 14.471120 2.985827
8.075535 6.769374 2.998359
8.572473 5.692595 2.997386
11.760628 14.181983 2.976044
7.480312 11.057691 3.011780
4.227418 8.243722 3.048297
13.333935 9.042020 2.981600
13.598982 14.601252 3.010840
8.867509 2.266416 2.978505
9.735363 5.213796 3.041651
0.994420 6.346049 2.994688
9.116386 14.767214 2.993894
16.017696 1.255012 2.971791
11.824294 1.683900 2.971953
18.425617 6.554166 3.029599
14.337021 2.502562 3.012952
15.572084 10.258522 2.998546
9.177985 5.445908 2.994883
3.486813 12.699438 3.003989
18.270311 11.212530 3.004608
13.184473 7.031964 3.024652
18.206073 12.675368 2.994772
12.350454 1.526430 3.001058
9.076269 8.706143 2.999758
2.676131 9.083661 2.984140
7.935009 3.754179 3.038797
11.953949 0.761340 3.020419
18.613776 8.033640 2.994757
16.611265 7.730544 3.031238
10.268153 9.847532 2.998473
9.000757 3.184665 2.974051
0.706024 2.707858 3.010382
7.016559 14.651835 2.984995
19.629126 1.702323 2.961188
14.854382 14.982735 3.024768
10.480868 10.802748 3.019446
17.262678 9.434474 3.010186
0.474636 5.093794 2.977726
19.139993 13.009462 3.000521
14.025222 13.669074 2.983679
0.303013 10.826683 3.013446
14.091856 10.639284 3.020759
1.644980 7.398423 3.009418
12.771487 1.131972 3.018148
6.074980 14.994613 3.013015
4.224163 0.262724 2.992465
12.584904 7.443107 3.012634
8.692682 5.518243 3.005668
1.309846 11.627464 2.995224
16.476219 11.040164 2.993481
5.343152 9.437494 2.974004
12.378804 1.123825 3.014238
12.187427 3.562028 2.963380
1.105324 1.427178 3.052429
19.953677 14.670789 3.002708
8.935342 1.941740 3.000962
4.128197 14.504822 3.022839
8.702482 1.691172 3.010792
12.055872 12.940645 3.006851
0.081772 8.631883 3.007859
6.020260 12.448824 2.984952
10.698900 9.521481 3.008276
13.917246 11.539591 2.987366
6.268799 10.924666 2.991835
8.031251 3.909375 2.994414
4.421923 14.007093 2.986623
5.874659 9.625970 3.010114
13.730924 2.997642 3.024527
6.771821 4.579841 2.989015
5.587375 7.979564 2.987323
5.980200 13.268879 2.992906
12.273323 11.958355 2.966555
11.215847 4.527719 3.029291
8.168131 10.334831 3.024285
12.643399 0.047240 3.002007
12.877839 5.013604 3.014329
0.247360 12.585517 3.015045
6.799059 2.271186 2.993754
4.889605 5.295359 2.994542
16.621632 0.006140 3.010156
5.511780 0.322460 2.974780
6.344299 2.151231 3.036608
10.748517 1.519082 3.024461
10.945172 7.358961 2.988548
16.220379 13.519435 2.982764
7.769120 1.221295 3.025310
5.612157 13.045840 2.998041
12.145369 10.001335 3.010427
14.576988 2.515718 3.010821
19.863108 4.338483 2.974130
12.365226 2.920054 2.998823
9.802822 11.848816 3.025306
2.645954 10.870545 3.054863
19.744279 4.540804 2.990448
13.684698 0.822623 3.006155
3.287619 2.568238 3.001703
9.184431 9.423723 2.982105
11.181126 1.351781 2.982301
4.353226 8.035294 3.016804
14.659458 9.206845 3.017935
13.046618 10.299324 3.016920
4.682909 1.901602 3.002216
19.818648 6.869756 2.979914
18.961986 6.949454 3.000927
5.295622 12.509422 2.986894
8.802057 7.024992 2.998832
17.904580 6.105274 3.035868
8.142164 1.866653 3.007294
19.107125 10.412550 3.001992
4.046582 9.295441 2.973363
14.494382 10.771752 3.003090
11.952554 9.869981 3.004598
6.917494 13.153019 2.959507
14.358088 13.149376 3.029843
0.489068 4.597956 3.022765
4.568216 2.746339 2.974734
5.216662 13.892349 3.018202
2.393476 10.660008 3.008926
0.723271 14.553202 2.987300
7.063669 7.470912 3.013152
4.358319 14.417600 3.026323
2.641848 1.802458 2.970932
3.134692 8.885319 2.976233
16.555768 7.477166 3.004505
1.847076 0.015993 2.987329
14.531719 2.882097 2.984541
1.082854 2.273892 2.999508
0.796669 0.965894 2.981648
8.883459 14.199433 3.005256
7.647067 14.483343 3.001608
10.932200 13.384597 2.996542
14.039373 14.829898 2.996438
6.192259 12.461487 2.971814
3.867595 13.999352 2.954992
16.466277 2.953289 3.033389
3.330663 3.846710 2.995526
16.000920 12.956456 3.019455
11.765821 7.170205 3.004106
5.771992 10.732322 3.003278
6.276904 8.425311 2.989999
7.387500 4.618517 3.003117
11.792751 4.276162 3.030428
19.611710 11.212320 2.990106
6.346319 7.966582 2.986782
18.807993 5.381906 3.006880
4.094657 9.259943 3.032439
2.295876 6.297705 3.017604
10.638943 7.116365 2.977663
19.531350 10.190333 2.974512
9.691534 6.862771 3.004938
16.003557 14.259854 3.037940
9.433517 7.259380 3.004947
17.029091 14.398095 3.006627
16.250788 12.732408 3.012564
13.724820 13.373661 2.986834
12.324216 11.476860 3.002003
10.354697 9.064982 3.015794
19.134341 7.966022 3.019042
11.127940 8.283317 2.962673
6.744924 3.020455 2.960659
17.650998 3.193896 3.001695
13.192463 0.482816 2.979085
11.144146 11.203053 3.016716
13.687302 1.862715 2.989119
6.980140 8.725132 2.988349
8.418148 2.082919 2.957757
3.900451 0.970145 2.996923
17.109069 8.026254 2.991325
13.313967 13.062796 2.982791
16.489378 5.313036 3.024740
6.358282 13.770321 2.970357
19.894360 0.136621 2.975660
7.116067 6.981477 3.014645
7.060039 2.210364 2.993445
19.224956 4.720978 3.005620
13.103700 0.383222 3.011175
18.673967 0.500815 2.989495
12.446830 10.675761 3.000310
4.934313 9.823700 3.025229
7.824401 3.100475 3.004051
17.189935 13.542478 2.996916
9.786349 10.341232 3.003572
14.147624 5.006339 3.036816
3.296301 6.111453 3.017662
7.960080 4.366706 2.975065
16.825166 12.499336 2.985317
18.831797 7.415560 2.994384
6.453478 2.075763 2.963680
3.455698 3.012754 3.020161
0.485336 4.429110 2.984197
2.516686 6.051194 3.014218
16.704525 8.884702 3.038157
9.132404 14.489430 2.955159
5.843373 3.933957 2.974960
15.492323 4.921685 2.973160
15.852944 0.350048 3.011470
7.229073 5.579335 3.020487
17.992068 10.130708 3.007788
9.270583 14.435891 2.978703
5.255014 11.085713 2.977659
17.995522 1.755165 3.021016
3.053726 13.374189 3.008975
19.911106 12.602467 2.986983
12.258642 2.845920 3.004532
18.293476 13.984416 2.999627
3.562174 10.712079 2.991581
7.767874 11.736897 2.998532
17.478919 6.895559 3.041888
16.744846 2.996797 2.996674
17.448389 12.006647 3.026829
5.588843 7.187255 2.999080
12.333821 14.507380 3.024215
7.801116 2.275777 2.975909
6.390842 5.316422 3.001549
10.380028 11.024639 3.028041
14.333415 8.615234 2.964102
10.403831 6.500960 3.001559
4.630536 10.538227 2.962626
16.137603 10.992945 2.973395
19.575717 8.688264 2.999789
7.263544 4.786325 3.001983
17.007410 9.246082 3.009722
17.277493 8.164368 2.989933
5.247072 11.938290 2.996629
14.138732 9.776465 2.990877
18.769190 7.459829 2.998394
14.779212 0.289519 2.997988
0.612990 2.522579 2.970275
12.111047 5.043822 3.016504
15.578906 9.057761 3.000125
12.354665 11.875122 2.979258
0.590959 14.377283 3.015987
2.398912 8.961816 3.029765
15.964929 10.931025 3.004679
9.714946 9.330443 2.986604
19.154567 6.481026 3.002854
8.292621 9.141741 3.035522
16.442258 5.992419 2.990234
0.686049 6.795557 3.032158
16.816968 13.638318 3.008619
17.173303 8.469123 2.995152
7.270422 1.487951 2.976697
6.207793 7.816414 2.996561
18.214188 14.255015 3.001293
15.524176 1.463746 2.978681
11.955307 14.553692 3.022141
8.728546 14.804826 2.973802
18.246215 8.451875 2.985942
14.932731 4.965367 3.023684
8.355258 0.120595 2.988019
9.915526 0.226789 3.020398
1.969464 5.847184 2.985597
16.168646 11.798184 3.004292
16.849616 14.119853 2.972749
7.115940 2.281841 2.994659
6.213521 7.325258 3.005098
5.079558 7.533391 2.961911
3.466193 5.743057 2.993811
18.992984 8.119814 2.991830
15.159060 13.882131 3.025410
8.636537 6.580345 2.959172
2.196618 2.033601 3.011245
2.774962 10.004904 2.989190
14.183137 0.438315 3.007821
4.071463 14.120524 3.013104
6.965505 14.110232 3.013937
19.158336 1.351588 2.990764
11.591497 8.269945 3.032599
16.184872 11.948714 3.010108
2.084606 6.973340 2.973933
6.634027 7.158013 2.992665
17.931324 14.545532 3.001586
16.211654 3.458940 3.002301
14.473278 7.896147 2.982090
11.717097 1.744485 3.020876
5.385551 4.543185 2.981696
11.660839 12.758593 2.962053
1.018887 10.772815 2.987677
4.034710 9.159940 3.000885
10.364641 1.687946 3.018251
0.093594 12.784275 2.997788
4.642086 4.461368 2.989317
3.064124 8.044777 2.976609
6.917582 3.524343 2.992996
17.162834 7.824968 3.014488
18.956963 8.437178 3.007772
3.295614 5.084672 2.968868
4.633403 7.590989 3.009110
16.920968 6.092837 3.001573
3.479104 10.479466 2.985201
14.836420 8.143432 2.947740
1.744088 13.163643 3.020789
12.952875 0.728482 2.989068
5.319055 0.403103 3.009954
14.981297 2.829049 2.983137
10.416851 1.752369 2.983561
3.569432 7.936215 3.015337
8.027509 3.018455 3.010317
10.292532 0.254646 3.001161
19.922951 4.208272 3.028862
9.598298 7.613301 2.989914
3.015513 10.697803 3.015553
11.124040 6.536738 2.989704
4.395389 14.437272 3.034126
17.575041 3.023038 2.997076
16.712798 7.704711 2.991438
2.572490 3.823601 3.003166
11.771691 12.112753 2.982406
13.936878 2.803814 3.029425
5.041663 14.437871 2.959213
12.541637 10.745547 2.971257
9.255672 8.322610 3.012221
9.670253 7.949410 2.999400
11.022513 5.397262 3.018330
11.415263 0.355913 3.009923
14.178381 13.737143 3.025696
9.039260 11.941108 2.952902
14.482214 2.038879 2.949113
9.726365 1.791464 2.987778
13.269906 4.618790 3.025132
7.755765 9.979562 6.009435
10.134921 6.287466 5.973043
1.742931 9.810860 6.016304
18.184582 2.538664 5.970633
0.035332 7.058480 6.012668
2.751680 1.389374 6.015154
0.159753 14.099268 6.016248
19.739741 6.016991 5.992974
8.220596 9.272398 6.004178
3.922927 7.335113 5.989066
2.369994 0.383041 5.978439
7.406443 0.960491 5.958542
19.510153 3.973794 6.021446
11.010501 10.118869 6.039450
7.093462 9.637805 5.978692
7.299885 2.837186 5.986213
2.294619 7.332178 5.995701
10.367029 5.495152 5.985900
8.460416 8.515562 6.053339
14.545291 4.993589 5.998914
3.878444 13.457802 6.031047
2.739050 7.058477 5.991016
11.626719 6.398887 5.995720
14.851964 10.535656 5.981457
9.925913 11.714417 6.002115
15.822490 6.594230 5.975853
16.822200 1.630296 5.969265
18.322030 1.307668 5.987346
7.547601 4.902073 6.018234
18.080811 10.991288 5.954308
14.192524 9.809004 6.017694
12.460897 4.309981 6.019284
11.064347 0.066922 5.991807
0.386692 9.663432 5.971532
11.205604 8.471040 6.018762
15.577385 11.606715 5.998907
19.769743 10.294114 6.013106
8.673128 3.681243 6.004340
19.813970 11.022725 5.979827
3.432542 7.288759 6.003837
19.142530 8.621384 6.006379
11.773700 5.383873 5.969116
13.262143 11.810271 5.994900
11.483196 2.955567 5.997893
19.652095 3.079440 6.019013
0.913539 3.535575 5.995987
8.165429 11.815933 5.985918
17.521947 10.911940 5.994221
3.347857 4.030403 5.960106
11.376962 2.155855 6.009369
10.467425 0.431882 6.018494
16.171013 10.260814 5.977257
18.340159 8.060059 5.978502
5.178688 10.572464 6.004238
13.861201 10.643064 5.983429
10.974600 12.690999 6.001180
13.297602 6.261800 6.000908
4.004683 12.400474 5.997385
5.451432 6.530123 5.995721
10.973079 10.605958 5.968055
0.067200 8.268730 5.997548
14.346230 13.804100 5.985783
3.201740 5.572387 6.012111
18.652629 10.379058 5.991513
17.197921 8.935515 5.978040
12.460525 14.939021 5.978453
17.819497 1.176795 5.985658
19.747461 9.008908 5.963879
15.520847 3.494263 6.025331
12.551987 13.249525 6.000036
8.956424 11.907026 6.000585
16.277318 9.943379 6.031659
14.080005 7.228124 6.005346
9.426651 10.216367 6.002318
9.983960 8.294253 5.978517
4.567848 4.292193 6.024608
15.722779 12.293558 6.010566
17.547359 7.684003 5.993158
0.328124 3.870045 6.011468
2.225979 9.935171 6.003301
19.811581 0.269072 6.004469
3.553449 10.807475 6.050257
14.744286 7.081923 6.010218
9.618397 9.525235 6.009546
10.444280 2.359452 5.973834
2.138188 10.783006 5.977476
2.770683 10.875914 5.995587
11.582437 11.129037 6.000518
7.554052 6.991381 5.980827
15.916361 9.592934 6.042788
19.409695 8.215298 5.983888
16.231164 3.501584 5.987764
8.114350 0.328353 5.990496
9.642419 6.200961 6.039615
3.133197 12.219561 5.950061
13.918632 4.794060 6.011034
8.950017 11.250985 5.987311
17.148214 9.608498 5.981409
13.052793 5.310245 5.997303
3.442435 0.018945 5.966517
8.239433 6.451931 6.015954
13.544890 5.839918 6.012097
17.154013 2.071951 5.991556
7.031907 12.262489 6.022266
13.359492 14.338154 6.015449
3.486815 1.822326 5.995864
18.083255 3.439669 5.986287
11.484168 9.464946 6.036074
15.337616 14.285440 5.975270
7.916586 13.989220 5.977790
18.829281 13.981931 5.995348
14.456284 6.601840 6.001198
3.059436 14.772447 5.989338
11.020745 5.481372 6.025812
5.420698 1.312281 6.006110
16.675875 10.549312 5.979225
15.667271 8.360223 5.987634
9.903085 12.015684 5.992764
6.009756 9.290341 5.986470
17.044819 12.308981 5.999684
17.004239 5.171955 5.984785
10.130011 4.337855 6.017336
14.331948 11.356366 6.014457
5.706015 7.451798 5.985215
6.963187 2.667712 6.057407
18.842074 5.605672 6.011920
14.711909 12.002830 6.007904
1.463058 13.853364 6.018441
9.120720 11.392715 6.009896
7.954361 10.752571 5.977171
4.626613 12.175783 5.985631
19.874502 2.997676 6.010425
2.709156 8.717141 5.997280
6.297370 8.918355 5.991927
16.991034 14.164648 5.988929
2.637216 0.237199 6.012617
7.506474 14.538723 6.001571
12.653098 10.911266 5.995523
6.714524 0.312790 6.006263
8.182136 7.766820 5.997723
10.979684 1.041596 6.029511
19.096349 9.046686 6.008637
17.425985 6.739687 5.977003
2.192945 11.595375 6.038908
11.409907 8.692323 5.998070
13.058887 11.816899 6.004313
6.516486 5.509726 6.012022
5.280941 12.861245 6.019982
11.921966 12.988681 5.991188
8.288988 9.809243 5.985450
18.079329 3.972258 6.007548
3.277250 14.832923 6.038977
0.813507 12.300897 6.014983
17.987693 12.815640 6.011348
17.917931 0.165447 6.020639
8.324673 12.384597 5.988061
15.062670 3.252519 6.035449
16.934454 7.628550 5.989050
5.086777 10.556951 6.035779
13.094700 6.169334 6.003997
14.725286 3.656402 5.978483
7.173751 7.487756 5.988562
18.936159 4.482527 5.995619
19.290298 9.223358 6.011886
9.722029 1.656789 5.999677
1.541755 6.110063 5.995169
18.349980 8.872198 5.991569
10.478691 14.845327 5.991525
2.763039 7.432410 6.039770
14.571991 6.387333 6.023488
13.732781 14.848728 6.023548
2.791643 13.867723 6.018708
5.507016 10.093254 6.012225
17.304433 8.170539 6.006109
19.402154 4.054193 6.023759
8.084423 9.355167 6.015350
2.670596 12.527028 6.003806
7.066105 14.736055 5.996744
10.156978 2.569913 6.040466
6.010172 4.108089 5.996091
12.229782 13.243702 5.992345
0.138228 12.896847 6.016082
16.330054 10.735045 5.996994
16.888202 1.557023 5.969858
15.648277 10.565001 5.982008
6.054239 7.015196 6.015288
12.684237 5.585279 5.988692
7.308506 3.758968 5.987824
7.811987 4.809854 5.970600
14.210811 8.025075 5.994754
16.876466 2.460201 6.005625
16.628082 7.656649 6.020223
4.631974 0.743396 5.988042
13.125885 6.196055 5.979246
5.330713 14.393766 5.989922
12.554291 11.093899 6.009485
7.356496 1.040175 5.991666
15.790808 10.339927 5.989572
18.738540 2.960287 5.999628
5.789521 7.102553 6.022478
17.388007 4.417258 5.976673
14.804827 14.008159 5.981751
11.308432 0.830526 6.024848
10.478251 13.195745 6.013883
6.377925 10.531735 5.991547
4.077241 5.414363 6.010987
1.625739 13.213145 5.999320
14.257804 6.099285 5.965883
4.476161 10.482240 6.015127
9.891771 11.822798 5.973802
17.799283 4.277073 6.100145
13.434231 1.110454 5.995008
3.392676 13.039995 5.978545
14.675625 3.488759 5.995639
4.281724 13.964486 5.975551
15.559002 4.691673 6.000914
1.567677 6.273816 5.999172
2.808584 6.454084 6.014059
18.704411 7.037000 6.011455
5.607597 14.456173 5.976304
2.972553 3.718167 5.999060
4.308835 9.068075 6.030898
7.245112 4.380655 5.993654
16.757642 1.938677 6.009775
3.071338 4.338065 5.968676
0.294280 8.283586 5.995009
17.295244 9.099556 5.963920
6.009287 3.968365 6.010447
1.546937 14.804034 5.987859
0.534982 5.471996 5.999590
17.958335 12.479985 5.958315
10.467768 0.528368 5.989162
12.191193 10.439520 5.998340
12.282288 4.576016 5.981203
10.417513 8.080511 6.021192
15.376815 12.524002 5.981806
18.112970 10.896992 6.025900
12.824866 5.407506 5.995813
16.860226 10.957180 6.006458
0.210324 6.199749 6.023750
9.596066 0.953971 5.995579
12.105681 9.993627 5.998833
4.026163 14.028465 5.955331
3.195308 1.250904 6.010625
2.721612 10.304995 5.941049
5.706945 12.600230 6.016277
16.468767 8.972426 5.988989
0.552164 7.285844 6.013198
12.056884 3.567731 6.005376
1.359223 2.925798 5.966514
11.851343 5.976285 5.986548
5.042594 9.647076 5.997478
3.130171 4.744049 5.994213
9.312235 7.286481 5.997453
4.635786 8.991223 5.974373
7.555733 3.137390 5.994927
12.650661 11.154221 6.006047
18.689795 9.431162 5.999201
12.380318 8.874389 5.996305
10.178624 7.150293 6.015954
11.141280 5.462069 5.987038
9.469027 8.241509 6.012022
11.274008 11.492812 5.978780
11.372114 10.620948 6.004160
9.845486 11.101764 5.978713
15.716970 3.105031 5.989382
7.817250 11.723102 6.016864
2.119712 5.087197 5.991789
12.885599 3.507149 6.000107
15.917186 1.801020 5.974243
15.597031 12.427147 6.032958
5.044572 9.389814 5.991288
12.928609 12.631406 5.994814
19.991215 8.450001 6.021983
2.118590 12.920558 5.989019
10.477904 8.362520 5.987645
6.097931 9.685832 6.022230
15.826803 0.845295 5.996817
6.487487 10.021602 6.015904
14.651320 8.967027 5.991823
3.224413 3.624303 5.979875
1.359135 1.674488 6.003094
2.107523 5.193169 5.997930
5.197213 0.905370 5.998631
17.008694 9.000024 6.025484
3.040769 8.194275 5.984197
0.666987 13.764736 6.035447
17.067153 7.791080 6.002229
7.498562 10.938872 5.994778
11.792474 9.945164 6.019195
1.704788 10.483122 6.024159
18.167856 4.722167 5.987279
10.086474 6.227836 6.041814
1.791191 1.792879 5.977041
12.656788 9.743400 6.007227
7.282833 4.523250 5.962780
7.096179 8.234016 6.006208
8.142572 13.846082 6.030061
10.163805 10.234130 6.011045
12.401215 4.032399 6.013278
2.947538 7.705855 6.018238
15.078250 8.982455 5.990740
0.531791 12.757123 6.016760
13.987313 11.946591 5.989499
3.626195 4.734095 5.989103
8.914767 13.788674 5.984332
11.217326 2.241270 6.002486
12.942289 4.173276 5.994090
15.796105 0.481437 5.998400
10.291085 4.645504 5.992375
17.625182 6.236564 6.013193
19.100944 3.608216 6.007767
19.556577 0.192011 5.990760
6.388076 0.152380 6.010975
0.628210 13.867614 6.011363
14.322816 11.000370 5.997011
5.027418 10.474452 5.986668
15.378597 11.789746 5.967637
0.073417 10.436937 5.996399
15.535868 0.944432 5.996970
1.378979 13.863411 6.012550
17.627530 6.448951 5.992362
13.021711 6.802372 5.959601
3.234712 13.310225 6.035459
10.178254 3.106143 6.033612
10.131921 4.692817 6.006897
17.547368 12.827784 6.011323
10.641067 7.764090 6.031656
11.017660 6.336660 6.014843
6.407366 14.341695 5.986412
14.559906 13.322192 5.980673
1.041266 13.311688 6.009190
19.332441 3.199404 5.991811
12.150237 12.644746 6.026638
16.932123 9.841101 6.028357
15.644314 10.382705 5.980128
4.379051 0.718781 6.000987
5.782998 8.335416 5.982688
5.529917 3.243986 6.005987
4.461885 13.921262 6.010123
0.312091 8.445021 5.994799
16.547400 9.221685 5.955164
10.752343 3.657731 6.019005
11.820136 6.325573 6.015725
9.831513 7.952769 5.977424
2.454143 12.169925 6.015495
8.707837 9.186817 5.979460
5.861014 1.700392 5.986652
17.831212 6.709549 6.016785
14.021790 4.413934 6.036652
3.237365 8.073427 5.980764
14.060422 7.076202 6.026678
10.993842 0.322975 6.033449
1.629634 3.081901 5.991470
1.397541 9.888287 6.002938
2.959478 8.173150 6.013103
16.206348 0.784674 5.970597
16.597221 8.954265 5.997632
12.122202 7.518473 6.010200
0.279817 2.249223 5.983384
6.324546 0.031095 6.000571
8.029100 5.009204 5.982311
5.710170 11.690906 6.007318
11.612610 2.004557 5.950225
1.267253 14.157369 5.975022
0.378149 8.131531 5.997792
11.760160 11.352071 6.017423
5.280122 14.641326 5.995475
13.743841 3.939094 5.989153
15.545382 8.767243 6.021107
12.228460 5.112829 6.046272
19.803180 1.271800 5.995958
12.865673 11.841620 6.020554
15.429571 0.166935 5.971996
12.805618 13.025718 6.017787
16.134615 11.957110 6.002045
7.807657 9.591600 5.982917
8.667836 8.859754 5.999323
6.662413 12.706247 6.004801
11.545523 0.804165 5.986699
7.478544 11.041800 5.999329
19.774631 2.708266 5.985173
12.103829 0.300001 5.981864
6.676314 4.686160 6.013815
10.140521 4.920034 6.001673
15.576791 2.901782 5.994699
16.099823 10.681689 6.018757
12.719074 8.389533 6.004065
0.045252 13.790603 5.997032
17.391032 11.433567 5.961443
18.153171 12.354806 5.972836
17.417879 13.528511 5.998689
13.421643 12.094411 6.022873
0.508455 1.778717 6.006582
18.990351 2.792862 6.007451
1.355285 5.978819 6.019276
2.994219 4.989078 5.932186
12.547392 13.252710 6.025868
9.214087 7.892585 6.019057
15.099588 13.161752 5.981112
12.647580 5.825869 5.981204
0.057283 13.591199 5.982357
12.893607 1.091421 5.988480
17.144371 6.689988 6.023751
17.048746 13.497890 5.971266
3.140599 6.750709 5.990590
6.967386 11.000922 6.004747
2.400737 5.385367 5.990035
15.008842 12.445840 5.979500
12.552849 9.467916 6.012000
9.664739 12.186914 5.978610
5.975893 8.044454 6.023887
15.725131 9.528660 5.981095
15.820965 7.967205 6.007767
9.808537 8.506855 6.031419
2.483607 10.332935 5.991891
9.321102 1.802206 6.017446
17.942592 11.540928 5.995516
11.653738 5.323635 5.986629
15.064435 0.183897 6.009585
5.880903 9.627627 5.980825
6.897077 9.215574 5.980845
2.368196 10.882520 6.045561
6.861343 14.986097 6.016746
3.421990 6.912955 6.027991
10.767121 14.592606 6.000178
7.894518 8.660115 6.033014
16.741563 5.368947 5.980679
7.674585 10.124935 6.014826
4.230291 2.971948 5.972284
1.671453 14.503145 6.012032
5.038905 6.609222 6.019053
13.967402 0.152437 5.987857
12.497237 9.834955 6.016253
12.401946 1.786454 6.035730
17.121346 1.351303 6.004334
5.065562 0.337580 5.996952
9.421719 13.242800 5.964125
3.397939 0.518173 6.000692
4.377879 8.091709 5.985145
7.399005 7.358548 6.009254
14.121400 13.687343 6.005899
16.656229 13.676946 6.006814
6.142519 13.820914 6.012524
7.973570 6.002189 5.994588
17.757994 7.126342 6.012599
15.598267 12.386143 6.033313
13.821687 1.805408 6.022808
8.132006 1.722853 6.037512
6.834252 13.858337 5.998325
14.459070 0.464713 5.963434
1.870133 5.763725 6.011250
10.827276 2.897273 5.997712
1.225602 1.270080 5.999877
12.481357 14.616759 5.997428
11.378981 2.476335 6.012736
1.178916 6.489372 6.009257
8.391325 3.855287 6.030854
3.828598 7.386628 6.021730
15.958299 11.519431 5.994909
18.290780 9.840975 6.028898
6.271311 8.578046 5.983721
0.616309 7.655638 5.989158
17.975495 1.992423 5.993327
16.870622 6.015030 6.025501
15.945353 13.582457 6.009845
7.088604 12.301355 5.994041
1.613759 0.941714 6.021073
19.533308 12.572270 6.000333
9.878199 12.438041 5.956709
7.138977 12.025037 5.994334
15.585593 12.217878 6.008997
13.411615 14.750335 6.011053
0.855178 0.812543 6.003053
19.171713 5.724110 5.980927
11.139093 14.517332 6.052240
3.784033 8.299071 6.030208
0.334848 10.238142 5.971717
11.058058 5.455763 5.988143
11.844284 3.157103 6.035181
1.994097 14.705585 6.000381
10.888631 5.467475 5.992568
8.629490 8.422219 5.994198
8.768102 3.666140 6.009711
19.492900 14.471021 5.983356
5.902834 3.882060 5.983698
17.653905 13.686248 6.007752
6.904132 4.367014 5.991999
3.602314 14.207194 6.023721
3.042167 5.493350 6.021728
18.806535 13.065132 6.017856
0.494824 9.001038 5.979914
4.413908 1.714893 6.004395
6.801400 4.456916 5.977831
13.111924 11.451204 5.982752
7.535208 10.040634 6.004203
0.390651 5.354065 6.027835
10.346044 2.915253 6.006121
17.661621 12.413017 5.994827
17.732651 9.311720 6.004995
19.842338 10.225177 5.956836
6.849940 7.222299 6.009154
2.449568 5.247664 6.011542
1.394940 5.747889 5.978073
17.344261 0.457452 6.007432
14.925364 14.148591 6.010849
12.565548 5.497584 5.956792
9.948034 7.276219 5.983224
9.138296 5.373472 6.016665
9.900979 5.348083 5.969356
7.267305 10.296745 5.998277
9.500861 10.052732 5.991283
4.201752 12.130939 5.985531
2.354020 1.075899 6.011351
4.220200 13.144396 6.024599
19.409232 14.354189 6.024257
19.800916 14.821638 6.025987
15.044057 1.953356 6.006309
16.738726 7.273623 6.002737
2.095969 14.110520 6.021415
2.476277 11.428269 5.968966
1.857712 0.884283 6.031049
1.252861 13.074736 5.991013
14.955237 12.576013 5.999724
1.134734 11.720911 5.997814
18.998639 6.198312 5.991658
13.118445 9.499324 5.991372
3.429806 10.759614 6.011794
16.354489 5.880718 5.980653
16.487447 11.740259 6.010277
11.295470 4.097063 5.964707
1.804945 2.768208 6.025139
7.973930 12.885107 5.970650
10.972555 5.086677 6.047208
14.865139 0.872552 6.020179
5.966177 12.492837 6.000010
17.448268 11.968629 5.991803
4.991991 12.025849 5.996091
19.967206 5.122128 5.996073
2.285724 9.057248 6.015819
16.649275 0.189080 5.991075
2.640706 0.057181 6.013876
15.186195 3.927009 5.999304
17.274300 7.904041 6.023013
6.264794 9.007066 6.000103
2.043682 1.985219 5.994741
20.031522 13.027413 6.019082
19.396622 14.384642 6.006677
15.135592 1.763675 6.015195
7.751356 12.352161 6.015915
2.728595 9.244075 5.995188
8.338935 7.540578 6.046939
14.433613 7.335831 6.031245
3.070654 11.209539 6.021233
0.338383 3.116396 6.001825
18.088991 9.118500 5.997602
13.993181 3.936208 5.993972
13.842804 1.268479 5.981073
18.917835 8.316803 6.016071
10.394768 4.003730 5.997947
6.335070 11.134966 6.001410
18.194603 9.762995 5.984385
19.717643 3.390447 5.958058
0.415712 12.899870 6.028078
6.629798 5.220682 5.982932
7.253389 10.643302 5.952576
2.227486 4.022117 5.971719
4.443505 2.950988 6.027625
0.480890 12.907648 6.006825
13.872172 13.772888 6.001726
2.090973 5.294247 6.001717
17.754156 4.738979 5.991783
11.680375 10.555784 6.001110
7.086305 3.411493 6.001279
16.195752 12.956227 5.980441
12.993914 0.156575 6.005785
15.088287 2.162576 5.985129
17.539128 1.807986 6.012288
16.125269 4.776452 6.008085
15.560344 12.970310 6.008890
14.638329 9.594245 6.006595
7.537668 1.616819 5.987492
13.031444 1.232741 6.002141
11.282694 4.339344 6.022587
19.282428 9.293951 5.981653
10.000855 8.902581 5.992664
4.425192 1.737649 6.018423
9.179907 11.396219 5.981584
8.294550 9.492276 6.001430
9.377264 14.777544 5.995632
11.636751 8.299288 6.001906
18.975671 4.894498 5.980619
5.630264 1.757511 6.010231
19.360013 13.816866 5.992075
15.620717 0.560829 5.994929
3.675737 5.236779 5.998666
5.600730 7.953192 6.047151
18.152999 8.522820 6.023538
16.048899 8.716404 5.964952
2.892663 10.735870 5.990178
11.693294 1.903377 6.018489
5.540284 10.772554 5.984122
12.620946 13.337185 6.012289
3.471440 0.421612 6.014937
7.059735 0.573963 5.961988
7.707400 14.883483 5.988014
10.725575 4.681288 5.991014
4.760816 6.824289 6.011330
14.558426 4.654589 6.008869
16.151507 8.346274 6.004799
12.792235 10.655635 5.985076
18.055762 11.417536 6.030544
15.836373 5.299617 5.981214
0.893438 3.934668 5.980664
1.698090 8.176843 6.005530
13.186503 5.767484 5.975764
14.404832 9.393639 6.001387
19.400793 9.203490 5.967288
0.073887 13.390906 5.994076
4.701512 0.026363 5.982904
16.624104 1.528499 5.979276
17.833658 11.823946 6.005478
9.287297 8.760232 5.971300
9.694149 0.913638 6.031037
17.087802 14.149489 6.012002
9.199336 9.740338 5.981164
15.783594 7.291999 5.977701
18.984937 11.700648 5.993413
5.218964 8.954938 6.018921
5.494446 5.600884 5.984352
18.781651 4.436831 5.974551
8.508498 6.780850 5.962061
0.340723 7.093805 5.992205
10.027882 10.666003 6.044481
12.333172 7.102240 6.015810
4.881819 0.296635 6.007520
14.563284 10.255270 6.008880
4.658674 1.066716 5.989193
2.433631 12.701736 5.997496
4.982470 10.624003 5.987427
10.691531 8.967364 6.038872
17.107097 6.809974 5.991314
10.624025 2.552744 6.001873
16.985970 9.802381 6.052864
1.265116 1.643082 6.033681
7.444227 9.071059 5.993105
8.702504 2.771706 5.991569
15.981425 8.952399 6.001258
12.216845 2.263724 5.982749
15.695830 1.452537 5.999159
6.784193 7.042386 5.994172
18.660643 10.672180 5.968884
16.280579 3.583626 6.005519
18.262813 7.425130 6.002341
5.237459 11.970359 5.991509
0.110325 8.217034 5.999999
12.271502 8.946826 5.986652
9.851105 3.350133 5.980361
15.587211 1.871902 6.011198
1.945612 2.264466 6.013706
11.922957 14.563777 6.001927
3.967770 1.282041 5.987471
10.290859 2.281740 6.019632
3.185121 3.091264 6.001112
18.240361 11.814232 5.984394
3.656973 5.976380 6.030807
11.498539 11.847290 6.019385
0.072145 6.304780 5.971343
3.141913 11.911498 6.006418
10.028347 13.415329 5.979989
0.820797 6.739941 6.003583
10.856545 14.798890 5.979907
3.690265 13.985812 6.026449
14.546744 0.203898 5.994337
17.376390 8.442497 5.978415
15.161680 9.863722 6.020743
1.272448 12.696711 5.986465
9.941731 10.078218 6.032220
2.250726 10.337997 5.965273
8.195196 4.328296 6.009072
16.761848 12.313532 5.992929
0.807642 0.961182 5.998974
5.028941 9.875675 6.038079
16.536914 2.994240 5.968834
8.119929 11.504169 6.002694
4.717343 11.852444 6.019242
19.000541 2.601383 6.008956
3.083754 11.912255 5.994350
15.775372 12.568913 6.005633
3.589902 0.796158 6.003778
19.287638 6.488037 5.999646
15.711182 2.881178 6.009014
5.524502 1.861102 6.022461
19.688592 12.076259 6.026883
2.293005 4.402892 6.020133
17.167637 9.652896 5.998814
14.007026 0.044450 5.985757
3.469068 1.201204 5.998634
10.898413 9.128543 6.002732
0.241894 5.554641 5.990586
11.478307 13.202956 6.006698
11.651479 1.265538 5.979515
8.162103 9.349638 6.025153
16.480841 10.527381 5.997884
18.617032 9.192222 5.992406
10.661488 10.192442 5.993114
13.530344 3.747604 6.011966
2.917112 11.510395 6.015730
19.973214 8.326859 6.000322
17.151277 11.829137 6.001671
19.023210 1.847483 5.986514
15.537894 1.897471 5.978335
6.449122 5.913405 5.993459
4.427327 5.850883 5.995862
10.202906 1.951307 6.008060
1.641097 1.200346 5.970655
11.005560 1.232580 6.018826
7.386715 0.813006 6.012335
14.562745 0.514432 6.012369
12.516918 12.111563 5.997856
4.898243 14.008738 6.036003
14.652288 6.348115 6.018079
6.227231 2.807204 5.996850
4.990060 4.956123 5.989571
8.383729 12.300111 5.988445
3.187260 13.961075 5.975160
6.535101 3.556498 5.986251
5.210645 0.479966 6.001974
0.422001 4.624080 5.992430
6.034350 5.772355 5.986963
9.307123 0.033234 5.997633
16.572160 10.186484 6.019599
3.589522 1.841350 6.031390
6.564756 1.248128 6.010104
0.613704 10.804698 5.993111
1.480863 11.536074 5.997206
7.100298 2.744469 5.996954
10.026525 11.497142 6.000595
14.940211 4.451206 6.018597
15.246635 4.616558 6.002820
18.293598 1.825527 6.025216
18.147020 3.407397 5.996202
2.044812 0.622085 5.994448
2.240730 10.070797 5.988281
9.921840 12.770179 5.984460
11.774541 0.661848 6.027699
11.990681 3.844089 5.982522
9.700254 5.161817 6.012783
19.649292 5.891513 6.017157
10.188011 12.347682 6.020189
18.725131 0.623347 6.016142
19.760875 9.206483 6.007812
8.887632 8.001786 5.983014
2.686597 12.553914 5.996425
6.516119 4.607357 6.000185
7.165560 1.555818 5.991420
17.757136 1.921140 5.995663
19.215151 9.453656 6.004799
3.371380 8.169886 5.968011
0.391276 8.865362 6.042884
16.643342 2.083208 5.974104
11.169375 0.613286 6.036856
15.040067 8.476349 6.007389
6.603771 1.213197 5.996489
3.185188 13.964364 6.000406
5.288728 11.985060 6.031242
0.956435 2.701336 6.045182
7.693047 8.968094 6.009937
2.006387 1.980393 6.023512
9.267118 14.053434 6.008279
15.982667 8.848246 5.982509
0.946633 4.740589 5.991169
17.957013 10.214414 6.006159
2.431070 0.044478 5.998744
13.130365 4.345531 5.991822
4.804403 3.530901 5.987932
16.900113 5.152724 5.993839
0.233141 1.286304 6.017988
8.446870 14.546830 5.993057
19.256888 7.063266 5.999474
2.231500 12.834223 6.009367
15.179653 0.877458 5.993404
14.534555 12.708291 6.013756
6.361218 9.872873 5.999670
1.175483 10.160830 5.979351
16.634948 12.105400 5.946662
18.117218 7.907385 5.990870
2.574928 9.488316 5.983154
16.967547 13.492579 5.987498
16.662196 1.902945 6.025600
11.548980 0.827882 6.010428
15.653386 14.763764 6.019008
0.828209 13.206422 5.981474
9.934566 7.704314 6.019986
19.366191 11.745616 6.001168
15.521917 13.218474 6.004344
5.361619 7.000710 6.036478
12.443782 1.469283 6.001075
4.263862 7.187726 5.994020
4.430596 5.225555 6.023250
3.757519 0.315067 6.018953
3.792935 14.379701 5.994376
10.007309 10.725728 6.011901
6.173145 11.793878 6.018054
15.587290 8.920419 5.994066
17.914202 4.056002 5.996020
9.751895 8.776475 5.992540
3.837241 10.213881 5.977704
19.950186 8.951019 5.994890
0.946042 1.910774 5.985605
11.019686 12.203381 6.029272
4.421787 4.442101 5.990193
18.744807 5.957241 6.014528
6.502203 8.249680 6.033032
19.152094 14.679372 5.999257
19.454722 4.701343 6.030860
18.865597 0.618361 6.029601
15.864373 14.590248 6.020553
14.830756 14.411327 6.000037
19.078417 2.983039 6.008774
4.466157 12.428516 6.009933
16.180681 13.782746 6.000306
2.294565 0.196493 6.001294
7.216387 11.355160 6.022142
8.061031 2.669233 6.007031
19.887763 12.423142 6.006434
6.429910 0.299861 5.979203
11.081857 10.374778 5.995155
12.674878 12.231152 5.999869
13.584681 0.541228 6.007898
2.411064 11.345709 6.032635
11.189667 1.784998 6.013739
12.713247 1.161374 6.001127
18.111674 13.843079 5.997872
19.160428 13.838922 6.007073
4.691378 11.107602 5.988163
4.244024 13.343471 6.022835
13.666293 0.239689 6.007788
9.763697 7.688471 5.997277
14.860322 13.059264 6.039427
16.968753 13.390104 6.017459
0.196860 5.528088 5.999285
17.546935 4.858536 5.978097
5.310319 10.483803 5.981926
19.393783 0.903410 6.024183
8.628537 11.709029 6.009993
17.020799 3.759154 6.008214
4.017791 7.817463 5.994050
10.497314 2.916951 6.005658
1.235842 11.028256 5.990734
14.718549 14.357816 6.024809
18.862774 8.131252 6.022689
16.878762 14.246875 5.977128
13.590456 6.045653 5.955532
2.378454 4.290706 6.024477
19.676852 12.571786 6.026320
6.877411 0.563909 5.990215
12.661170 4.211001 5.993443
5.488606 10.358324 5.991036
16.526541 2.837646 5.988805
7.561040 13.339766 6.003938
7.787484 7.240896 5.989071
0.103933 3.698254 6.002080
11.523628 5.599963 6.025370
4.988414 4.244103 5.990341
18.449764 10.503342 5.988770
15.648314 1.654550 6.012694
19.017208 12.794814 5.962099
7.747072 2.241989 6.006309
13.238049 4.268747 5.966485
8.994437 9.378105 5.957607
18.174482 5.324756 6.005931
6.505774 7.658217 5.991919
6.559995 8.545314 5.969397
7.255317 3.893132 6.004686
9.987170 8.032955 6.006184
17.748143 14.074237 5.994395
4.168453 0.046411 6.018685
13.028292 8.925435 6.023212
6.140548 4.806802 6.011119
1.663244 12.921461 5.994798
19.054946 1.443604 6.020617
15.732403 0.920536 6.019184
19.033070 6.049978 5.996862
8.003840 10.119648 6.010229
15.159817 0.056483 5.984039
13.021069 12.178094 6.041888
12.360798 5.033507 5.991533
0.790496 13.786035 6.000918
1.454255 13.588871 5.982806
3.901331 11.436364 6.019661
15.022502 11.023182 6.004581
15.951281 9.013440 5.998289
12.917596 11.941490 5.996966
3.831974 2.673572 5.982588
15.548672 12.219879 5.952858
2.249968 8.467472 5.964860
17.870518 11.718962 5.998769
7.707765 7.441221 6.008565
14.522072 9.477710 6.028012
3.367496 5.102659 5.971579
6.274361 6.373638 6.029664
9.923297 5.479309 6.000915
9.934930 11.117878 6.026064
1.943577 3.013469 5.991830
10.968646 13.952692 5.976209
1.519824 12.469032 5.999251
18.480241 12.943255 5.997133
8.439141 13.705373 5.989010
8.792012 6.550542 6.018451
11.539803 13.354728 6.022153
15.618804 6.646538 5.989361
1.355825 1.519730 6.012387
14.050888 0.770544 6.025524
18.228403 0.915052 6.028674
8.779191 2.853667 5.987919
0.262511 5.398868 5.981353
4.914961 14.640833 6.059056
18.787548 3.584899 6.011440
2.331914 13.662685 5.942513
0.278126 12.135101 6.012868
18.715685 12.918553 5.990931
17.254999 11.753532 5.983998
9.185941 14.626683 5.992077
0.062604 1.802384 5.983925
11.674521 7.179280 6.029804
16.327565 5.158855 6.014210
5.694085 4.267317 5.984833
3.430536 6.678267 6.016426
18.146035 7.197838 6.004315
15.364735 14.778593 6.028152
9.005564 3.958271 6.034688
18.089361 13.655813 5.997213
12.180500 2.502520 6.014756
18.886303 10.002751 6.010613
2.093831 4.564092 5.995931
8.728268 14.388619 5.979858
13.591977 9.532500 6.002253
8.179128 0.941167 5.992179
6.971722 13.855886 6.009757
13.935314 4.383716 6.007448
12.142471 13.890941 5.975275
5.621294 0.214769 5.985490
8.889599 3.276040 6.036018
14.153782 4.159898 5.993958
12.553874 10.298417 6.023643
9.055522 11.985439 5.996078
5.189619 9.437603 6.034648
2.285871 0.991957 6.003037
16.786487 6.472869 6.024656
16.402397 7.426212 6.046446
12.279431 5.387578 6.024526
11.442925 6.267933 6.026653
2.725676 7.270064 6.010141
8.958462 8.305535 5.969654
9.688580 9.483798 5.988861
9.224233 3.107548 5.996894
4.816823 13.535642 6.006698
2.476538 12.444695 6.004819
18.631432 11.805636 5.988344
11.146721 12.069486 6.008455
17.275762 7.861336 5.973152
13.418819 14.332197 5.987814
16.382166 5.496572 5.945524
4.300860 6.328023 5.980893
2.115468 12.250063 6.005893
12.266755 13.045986 6.028924
10.965697 6.725121 5.997897
1.943260 12.720839 5.997457
12.194920 9.475859 6.003854
3.627706 5.813472 5.998763
2.210174 13.572500 6.027739
19.730848 7.563799 5.983051
11.117071 12.729344 6.040288
6.603559 12.182004 6.035698
1.954066 1.460511 6.014048
18.341397 13.064763 6.016750
18.838984 2.458611 5.994372
5.165863 12.228829 6.010986
8.698698 11.355583 6.011422
12.846621 11.041283 6.003375
2.228730 13.827292 6.030977
10.750878 8.966704 6.003953
4.397156 5.081297 6.004069
4.495392 8.916871 5.992936
12.073091 10.450505 6.001084
6.211179 5.473330 6.025546
11.020593 3.835235 5.984722
5.229652 7.346618 6.014989
9.764418 13.459578 6.015611
18.632075 9.470448 6.005731
9.690005 13.448115 6.002664
10.028687 7.105804 6.012041
9.879936 14.222071 6.006301
17.122250 11.875953 5.997371
13.637268 5.337478 5.997840
0.575759 6.739285 6.007944
2.362081 14.943047 5.983354
11.543448 14.293831 5.990198
15.179983 6.196643 6.030042
2.345685 12.502717 6.036531
10.088167 13.631141 6.004954
12.846257 3.770832 5.996691
8.014333 7.768306 6.004328
13.898907 11.340142 6.019338
6.831027 1.157661 6.020867
12.471755 12.078935 6.005696
15.347252 3.153858 6.011331
19.135640 7.176844 6.034707
12.819368 5.649938 6.021923
6.997015 11.076120 5.998311
14.411658 3.509986 5.943054
16.101979 6.991854 5.989164
8.330858 3.977525 5.967665
7.260480 0.829677 5.996521
3.096386 12.656881 6.020296
13.544454 3.393211 5.993382
8.876116 3.501572 6.005985
2.674078 0.689049 6.009604
11.197260 7.530856 5.985907
19.807495 4.024776 5.972543
1.015229 8.494491 6.002622
10.295466 10.869724 6.031308
18.734689 0.642795 6.004743
19.179711 2.966632 5.974192
6.850423 5.867084 6.001613
3.419120 13.218099 5.975404
8.396778 1.639523 5.969485
6.352947 11.178683 5.983114
9.667335 14.316435 5.996631
11.890824 1.166273 5.957784
15.354228 5.000006 6.017391
12.680113 11.531359 5.986240
17.831721 14.040209 6.007002
14.713765 3.713533 6.000011
10.346252 9.605997 6.012034
2.358505 10.965834 5.997717
16.054388 6.027003 5.976505
14.247125 10.055154 6.007949
6.708192 8.209564 6.023326
4.647952 14.045232 6.023742
13.164343 8.087177 5.979161
1.654189 7.717808 6.041661
15.728468 10.040735 6.009192
4.537277 2.281378 5.996469
11.879103 7.943579 5.991189
6.025165 0.723037 5.974039
9.561877 9.399906 6.013948
16.020287 8.025157 5.981118
5.742059 12.596092 6.044014
0.654894 11.980192 5.997522
1.533806 6.505567 6.037832
1.494741 9.871240 6.009350
9.185985 4.594055 6.014843
1.646947 5.843061 6.015507
8.272092 1.179266 6.020166
13.965919 1.505469 6.002684
17.595054 12.288006 6.001589
4.422344 14.575526 5.999928
17.497736 7.358809 6.006959
19.549451 1.931287 5.989838
12.503993 1.332568 6.028612
14.750009 0.665583 5.992964
9.677730 13.189785 6.019189
1.504829 6.648397 6.040260
19.171765 13.253670 6.018730
18.957832 5.422753 6.007649
6.458688 8.838592 6.009395
3.921976 10.123156 5.997864
1.299377 0.759574 5.989644
9.953866 10.195095 6.001119
18.476806 11.995080 5.978279
0.818441 0.349191 5.988083
12.212291 0.897960 6.018266
16.719718 7.822018 5.987406
7.587420 14.569559 5.965491
12.219873 14.623691 6.004149
8.900804 1.663993 5.993751
1.302045 11.432537 6.015173
10.108968 11.899513 6.002852
1.776046 13.153260 5.986287
13.697894 0.649572 5.990825
6.217774 14.558299 6.006749
16.031626 12.308672 5.984757
11.750138 9.070141 6.003374
18.701524 0.983019 6.003644
14.730582 3.601499 5.974980
14.538077 5.216699 6.004929
6.073152 12.855302 5.995316
8.843174 11.424777 6.004498
14.918220 14.107412 6.006849
14.427409 6.316792 6.036958
13.854119 13.788095 5.994505
0.207236 13.437218 6.022919
0.347087 0.280597 5.997696
1.339481 3.608417 5.999823
0.648278 12.016321 6.028287
15.465405 9.946159 5.993596
10.937389 3.343568 6.026368
10.120636 11.719150 6.048602
1.705012 4.742984 5.978152
15.461282 9.008573 6.020271
1.871717 14.002195 6.001998
4.452404 3.553605 6.035444
16.399235 0.846723 6.024042
13.810712 9.897710 6.025167
1.852124 10.941175 6.028963
1.491953 4.683528 6.011514
8.096520 7.035971 6.014993
12.070894 7.539583 6.005573
4.938155 12.275854 5.980843
11.731319 10.422447 6.016906
7.179971 4.101612 5.983914
11.761381 4.097811 5.982328
14.505570 4.852436 6.013058
16.895940 2.233231 5.979330
3.899778 2.013178 6.016447
1.700569 12.282724 6.012922
2.334527 12.478967 5.977499
3.298571 3.895233 6.017095
6.488769 12.748894 6.044179
0.557094 8.569032 6.015591
16.656372 10.666634 5.983246
16.995740 13.229791 6.001174
14.238974 4.627586 6.032515
7.111741 9.929255 6.003376
14.158957 4.619623 6.011898
11.522168 13.516303 5.975992
13.247249 4.515607 6.008869
1.781282 9.348178 6.009129
17.439611 2.894149 6.025989
6.969243 5.502712 5.998033
5.409045 5.281468 6.039188
7.812565 11.297680 5.961756
4.932974 4.275215 6.016915
19.861347 4.933453 6.015913
12.930085 0.141133 5.981107
17.942407 4.729505 6.017410
19.052530 4.078074 6.028449
11.630650 8.183084 5.975596
15.998672 6.014792 6.028955
18.100804 14.721673 6.000515
2.995073 8.164576 5.963851
5.378429 1.087653 5.984458
8.037225 12.183585 6.031891
12.458543 0.801364 6.014036
15.372089 12.572516 6.006715
6.903166 6.070226 6.008189
16.809477 0.931391 5.959600
13.093475 14.641851 6.026500
7.443171 7.432360 6.009060
13.597939 12.845579 6.014817
17.030622 6.288146 5.992529
6.716875 6.902417 5.990863
7.727808 5.431417 5.996115
13.846440 5.534455 6.008041
8.601421 11.897930 6.013674
3.498479 0.454591 5.988587
17.085707 7.335273 6.010978
4.045396 3.955677 6.004470
4.901238 8.360375 5.990669
17.340225 3.193967 5.998156
12.815959 5.201589 6.003719
8.651547 8.006760 5.971380
7.633451 11.140739 5.997272
3.671238 14.180787 5.992306
1.345132 3.659182 6.013502
18.177336 7.258801 5.971461
0.891187 5.202638 5.977363
1.206267 9.077438 6.012395
15.040465 5.485527 5.996530
17.833752 1.465973 5.955047
14.180108 9.214374 6.008911
4.846309 0.532457 6.029150
5.453300 0.645778 5.997998
19.224363 13.251097 6.007517
14.027081 13.004408 5.996607
16.585863 8.448576 6.008276
8.895335 0.284085 6.020183
15.534463 5.133473 6.008856
19.594673 5.170611 6.016043
7.156319 10.798503 5.976693
6.392901 12.182583 5.976716
0.884630 5.304296 6.007326
14.725587 6.337772 6.013318
4.779842 3.356303 5.996868
5.067721 10.936207 5.988056
12.654441 5.246986 5.997841
14.791696 10.551447 5.998766
8.134039 10.601364 5.990612
18.892034 2.343395 6.002775
3.237802 13.293649 5.974825
10.557187 12.337589 5.944113
12.386042 8.726397 5.991039
12.310352 1.285783 6.004136
13.141884 2.484688 5.991127
12.685041 1.387449 6.002565
15.849260 6.952044 6.027845
16.275779 3.996580 6.014602
19.516233 12.470768 5.987197
18.773791 6.530857 6.003234
10.367252 6.782007 5.995648
14.139715 13.816212 6.023796
8.056309 8.665903 6.025473
13.051405 5.805983 5.985198
0.157468 14.723401 5.973979
7.377991 6.947974 5.982837
18.353404 8.667561 6.012394
13.484139 5.765636 5.989381
0.339903 10.001937 6.041653
10.441376 11.646720 6.000095
7.306738 9.385080 5.995434
16.170075 3.732689 6.042909
2.309779 14.151654 5.993897
12.054995 7.670181 5.985310
14.240402 12.380459 5.966446
11.934437 0.129555 5.993399
5.466606 7.756950 5.982734
15.839928 14.036948 5.990624
15.886860 10.315945 6.002296
7.220318 1.720434 5.983177
5.351411 10.625995 6.000849
13.253803 0.222896 6.017817
7.367498 5.551383 5.993935
6.925165 3.536702 5.990831
9.013771 3.795311 5.989053
9.175714 0.626835 6.006738
16.575355 9.249290 5.998127
19.063131 11.112409 5.974160
14.226603 4.392426 6.018882
1.724495 8.804272 5.992457
6.780041 7.456701 6.010910
3.783769 14.883483 6.015345
13.286868 12.159603 6.022849
11.943319 14.143929 6.000216
19.659226 12.334630 5.960345
8.944032 9.852504 6.027392
2.109414 1.082182 6.004194
11.999242 12.850580 5.998241
7.307499 11.431517 6.022280
3.577134 4.229927 5.970211
7.418045 4.027205 6.018453
4.755139 7.854804 6.043480
3.960237 4.266539 5.989758
9.650798 14.580717 6.029842
16.174485 2.893188 5.981715
17.722922 2.322403 5.992634
5.198891 0.613725 5.980915
8.998305 8.298718 6.018526
16.850527 11.099470 6.000372
19.780032 8.822645 5.986545
16.995880 3.108277 5.960637
9.899122 13.886369 6.015309
17.407325 5.726523 6.009178
14.148601 2.114840 6.005874
2.267650 2.882486 5.978174
1.691216 6.556109 6.010197
18.773165 8.179635 6.023478
18.506897 8.975216 5.997366
9.176270 1.056780 5.994323
13.234911 12.987787 5.980606
6.122587 4.974839 6.005429
14.051245 3.890410 6.028173
8.915139 10.295417 5.999811
6.962022 9.191976 5.996391
8.796247 14.875552 5.977560
9.119413 6.135319 5.975159
18.833718 2.752833 6.013388
17.714629 14.595755 6.010711
3.887584 7.239363 6.008804
5.554766 9.901382 6.027043
5.990003 0.655763 5.978000
0.223298 5.010757 6.012927
10.596316 14.797287 6.039116
9.667158 14.478750 5.975958
2.454904 14.781684 5.955192
19.794719 12.342732 5.981497
15.216886 7.486515 5.975680
3.666837 8.601616 5.965275
14.110539 1.133620 6.008930
6.808247 11.887179 6.015172
12.663658 11.198180 5.995579
9.410928 10.602585 5.995131
2.786988 5.721945 6.004660
9.181943 3.963001 6.012312
19.257223 12.125105 6.019061
14.962350 14.573794 5.971301
12.543810 6.319780 5.987629
16.868910 0.841685 6.003694
16.605794 13.494588 6.001972
17.773131 10.355903 6.021025
2.168515 10.084360 5.981483
2.587458 14.173893 6.019508
15.989291 10.059257 5.998410
19.917820 9.306427 6.017092
11.258498 10.624284 5.983110
19.278839 7.277362 5.981265
13.269139 4.307186 6.007099
1.702060 3.764883 5.980525
18.537291 10.892143 5.978455
16.788715 3.707602 5.995971
10.750042 13.915629 5.994591
14.897229 6.045295 5.987147
7.030549 9.523234 6.042869
12.336916 0.631896 5.995343
8.260279 6.716749 5.996899
10.537188 5.969404 6.016763
12.739479 11.307051 6.002956
1.058098 0.820253 6.013754
1.929890 6.025022 6.006229
1.646762 12.852059 5.996655
11.907230 10.033604 5.966148
8.261477 11.661883 5.962034
9.985046 11.458843 6.027696
9.972819 9.948775 5.962393
0.837363 5.864679 5.985706
15.928268 5.971649 6.010318
14.011281 0.691531 5.983786
13.761843 2.946318 6.006630
0.706029 8.353434 6.014553
13.049250 13.393572 6.021990
10.015703 9.177799 5.994026
15.190593 5.818334 6.006041
1.949088 12.480593 6.004116
14.928254 6.753085 6.012127
19.237221 3.895529 5.964641
16.980036 1.193727 6.025374
17.869314 12.414950 5.980553
1.490210 9.221383 6.005573
10.583032 8.701562 5.987475
4.937989 10.817858 5.962620
10.883274 9.073818 6.008778
14.134248 5.274357 5.971763
14.944788 9.304747 6.000954
19.833689 2.111016 5.989093
19.133593 4.443780 5.966920
4.950993 8.070993 5.967923
18.315566 1.032906 6.029558
17.706483 12.343586 6.024214
14.461419 0.674784 5.994951
5.133209 5.587149 5.998335
3.760955 6.814740 6.001216
8.729905 10.198913 5.974407
0.794715 2.340173 6.007159
5.655554 12.317891 6.005701
1.446326 6.376376 5.997069
10.513810 3.771753 5.988549
12.326912 1.461712 5.991760
2.240553 13.841298 6.026299
17.522436 6.054013 5.983378
1.959257 5.725574 5.989481
7.904766 2.695540 6.003852
10.037543 7.600758 6.009082
11.635764 4.815354 5.995866
6.418868 2.475792 6.007900
14.305468 11.313892 6.014908
6.833133 13.475042 5.996523
5.042570 5.253699 6.012812
9.032769 4.310455 5.993815
2.249540 5.628892 5.971018
19.309841 13.861069 6.002991
10.989698 8.783326 5.972574
2.962784 2.467501 6.059117
15.943223 9.485073 6.004533
14.400014 6.025799 5.985260
8.624311 0.264774 5.980210
19.682577 14.556259 5.985657
10.003747 1.733691 6.021815
4.252185 6.221062 6.023341
15.851175 9.872918 5.981965
18.592673 8.786522 6.010130
5.234882 0.051270 5.985972
0.107919 9.106547 5.979341
12.196927 10.887774 5.986611
14.655664 12.776083 5.986158
5.189452 2.732907 5.982787
19.259984 0.597428 6.019335
3.346445 14.202756 5.987748
16.014909 10.197010 6.020537
17.524803 6.854595 6.008680
3.435865 10.839439 5.966017
9.993552 2.347641 5.969223
0.585743 14.371988 6.012307
12.827937 9.830161 5.960698
10.928608 13.164299 6.011700
15.559084 8.316406 6.020226
10.017708 12.005963 6.044384
7.079617 4.904745 5.988424
2.746339 1.979723 6.010234
1.043499 5.305544 6.019757
10.575264 13.440120 5.966708
18.383183 10.477295 6.019626
15.337796 6.884971 5.988379
7.869532 3.514425 6.018601
19.655980 8.988944 5.985269
3.695332 8.917678 5.968918
19.925635 7.968502 6.002569
4.596872 11.057531 5.982896
3.370993 3.622911 6.007322
17.155158 7.656384 6.024316
9.396160 4.606154 5.982542
17.852709 3.055331 6.029080
14.963508 4.980157 6.000210
3.161822 12.001594 6.020526
2.462377 1.701897 5.998568
8.938060 4.146889 5.985405
11.230607 7.993378 6.013577
8.517791 5.999847 6.001577
4.224559 12.405356 5.978481
4.319999 11.712281 6.007122
10.200038 10.151305 5.998501
0.262860 4.236923 6.006675
8.768114 0.303146 5.990154
0.680798 4.712609 5.967862
17.477168 9.025215 6.003742
12.435144 1.522189 6.008615
3.213156 12.371282 5.995543
15.358438 14.818410 6.018427
9.877823 11.071722 5.967025
10.217415 6.219862 6.024589
5.143714 11.970532 5.958540
7.858632 4.081663 5.993173
17.566416 14.341255 6.015585
2.925629 5.482565 5.981620
12.471805 10.364515 6.019280
4.330462 0.283139 6.033484
8.866390 9.473542 6.010599
10.654492 4.440057 6.008404
2.429904 1.519130 5.985742
1.607450 6.494329 6.004027
9.696890 1.583585 6.000716
8.196928 2.758979 5.969271
18.405295 13.461613 5.988497
13.962537 0.925246 6.026843
17.930229 9.365837 5.997331
18.616351 0.913148 5.996864
0.323654 10.797808 5.986102
17.580170 14.653092 6.029300
19.168676 6.412507 5.995917
9.036229 14.529457 5.992272
12.688367 9.620668 5.998864
6.894477 8.892823 6.005652
1.967539 2.563214 6.014917
5.213322 14.286588 6.013252
1.607230 12.894915 5.986783
9.726787 1.944771 6.007427
13.071803 0.416711 6.019710
0.094083 5.415390 5.994621
4.558181 2.372954 6.001822
1.453961 5.045183 5.991990
19.306384 14.376104 6.020094
16.051365 12.932224 6.008886
0.595583 6.612269 6.016308
16.299080 4.115288 5.979223
16.544160 8.664886 6.000386
16.097663 14.066175 5.948919
17.581547 11.889222 5.988939
9.372566 13.049911 6.000669
4.794377 11.453506 6.040729
17.387744 7.546582 6.017872
16.702879 2.136735 5.947569
5.455110 12.314834 6.015477
11.621458 9.739699 5.991700
11.150164 11.562494 5.985895
9.758077 11.021942 5.989539
12.191894 3.710683 5.964145
1.712153 4.308355 6.004131
9.090130 12.861445 6.010674
5.592007 6.141250 5.957906
0.034155 2.674818 5.998958
10.397488 9.612759 5.994911
7.317083 4.444884 5.995191
8.614142 9.647440 6.007862
2.228955 8.845156 6.001265
10.109118 9.946412 6.029139
5.378473 14.908340 5.981158
0.050741 4.161422 5.974643
15.595582 14.605368 5.987335
12.569088 11.479162 6.021614
10.556223 12.842392 6.016170
12.486134 12.025371 6.030188
6.451491 0.368033 5.987587
2.447059 7.549643 5.984480
7.147061 1.611014 5.957769
15.774078 10.080453 6.018102
12.193729 0.891169 5.985934
15.792551 0.536953 6.026379
18.006060 13.614066 5.977757
4.982977 13.730895 5.959984
18.287647 9.394468 5.981479
13.269807 6.919870 6.014435
11.255493 12.446516 6.036093
10.041249 14.478219 6.030218
9.358964 0.744649 5.974653
1.463463 1.564131 5.988671
1.092871 13.564234 5.997429
6.618181 1.478301 6.016425
4.098708 10.689563 6.004346
1.703640 8.267600 6.020731
0.528893 7.817977 6.036666
19.554794 1.459942 6.033355
4.223626 10.948951 5.993034
19.679384 9.019981 5.956634
10.915255 13.937156 5.997040
3.822791 7.221127 6.017669
2.900531 13.705514 6.005502
4.014224 2.776650 5.989842
7.250527 3.057301 6.000706
4.095384 14.258475 6.010010
16.558128 1.490605 6.001613
7.351162 3.549142 5.996911
10.512220 2.106101 6.005540
10.028378 10.616253 5.988762
13.172149 11.730900 6.005023
19.956636 13.520797 5.987473
8.862349 2.211943 5.994798
6.463064 4.828935 6.005911
19.488461 4.747408 5.993782
19.970630 14.638610 6.018360
15.562876 8.728458 6.002294
15.931434 5.039570 5.991626
8.153390 4.493395 5.992653
10.769163 4.768351 6.010142
7.045018 10.700858 6.002595
12.350820 8.232266 6.017138
16.480082 9.352461 6.005703
7.521394 7.045554 5.997566
10.737618 0.382073 6.021494
15.507252 10.302198 6.009032
4.174305 10.907057 5.958689
12.201693 2.698668 5.997320
15.536768 9.731657 6.009841
1.047586 13.179977 5.997256
5.080666 9.039060 5.980279
0.537133 10.012870 5.990430
0.111122 10.518726 5.990437
9.582648 4.875706 5.994463
13.995295 2.312215 6.010401
7.659870 7.086964 5.979591
12.466613 3.472919 5.972510
3.808232 10.298019 6.038896
16.725084 10.716362 6.016894
7.270167 0.135916 6.003998
14.122063 14.297998 5.968181
2.594362 13.866532 5.989431
16.367746 1.965940 5.993191
10.351475 7.166281 6.007293
19.378471 3.144409 6.005285
8.115790 14.461433 6.007231
17.451678 8.499357 6.022891
8.232082 10.493209 6.012610
2.146766 14.653897 6.008443
13.744079 10.119453 5.990676
3.642938 13.061530 6.008709
16.003452 3.619059 5.988937
6.719995 3.407764 5.984383
15.129259 6.604006 5.993806
9.609173 13.217990 6.009262
10.729389 0.569224 5.990782
14.714711 6.642668 5.990438
13.311281 12.373252 6.025681
13.288136 2.657758 6.031998
13.160427 9.242266 6.027321
11.718723 1.034174 5.983667
16.115385 0.185232 5.977342
6.014670 4.755004 6.051142
3.604221 12.085502 6.024241
14.689140 0.631317 5.994363
10.804338 5.493604 5.991433
18.042171 10.936508 6.038969
19.285069 5.524162 5.995355
17.318427 7.200617 5.998483
10.928256 7.488784 5.982601
15.100973 13.628625 5.997349
6.679356 13.133600 6.035622
0.290551 0.971530 5.993414
15.643046 10.358772 6.016141
15.614770 8.188058 6.013947
0.126694 5.299171 6.013703
17.285100 7.399884 6.003132
17.622393 13.218817 5.982717
6.413977 11.583468 5.986002
0.335745 8.506384 6.010994
17.490887 2.642676 5.987315
1.410969 9.276513 5.990016
4.668351 7.462944 6.014070
10.865816 6.697785 5.974842
16.313048 14.183024 6.009851
15.639127 14.878116 6.034636
13.606165 14.273184 6.010036
16.547389 11.067961 5.990849
13.725866 8.974256 5.971276
12.723132 4.776160 5.970198
3.369333 14.223868 6.000141
8.793171 6.849136 6.014004
9.007912 3.007481 6.014131
0.375379 1.673271 5.982122
8.095347 12.546044 5.986361
4.511378 4.909134 5.995897
1.827382 11.476561 5.998766
10.967277 9.389008 6.013210
4.726015 4.260874 6.046693
3.823396 12.763077 5.980978
15.732394 12.661815 5.970989
16.159286 2.560739 5.999369
13.239525 1.811433 6.003832
3.759352 8.991646 5.951053
12.698552 3.505083 6.003328
14.277153 5.033465 5.991295
4.646582 14.090746 5.975382
2.684833 2.631844 6.008667
8.641814 7.109264 5.992355
8.472111 4.434529 5.987101
3.074550 5.193740 6.002912
3.822236 5.535715 5.981173
10.010061 3.892943 5.996322
10.556995 11.475176 5.981535
10.761585 12.159874 5.995830
19.661973 8.045838 5.981542
0.787533 13.497164 6.024395
15.691864 2.078072 6.010416
7.031348 7.569563 5.988551
15.078652 12.426973 5.996384
14.689373 9.328394 5.997006
12.392175 14.773144 5.987095
12.606778 8.905771 5.987611
13.235928 14.410144 5.986647
14.944190 1.479851 5.983956
2.608900 0.643809 6.037780
7.234980 5.373308 5.974031
16.836343 12.616040 6.028568
10.976020 0.754359 5.954233
2.715538 3.797096 5.993585
19.230770 14.787549 6.022636
19.741153 9.626310 6.032229
10.282104 5.886027 6.005898
10.678896 1.168328 5.995016
5.805871 11.311330 5.986093
10.298009 13.881781 6.017331
19.367311 11.079080 5.997633
5.096856 1.750298 5.985577
6.068237 7.995662 6.007035
17.936396 6.011542 6.004452
7.669955 13.568312 6.003157
19.492084 11.433029 6.040015
6.993410 12.016233 5.978890
0.075106 6.214659 6.002583
19.037743 0.393523 6.029538
4.702791 11.411219 6.033662
13.846488 9.490451 5.983009
0.967149 2.113945 5.990909
14.973484 11.382812 5.998767
4.391965 2.233821 6.013163
15.978399 11.094940 5.981245
19.307940 10.665317 5.989700
0.926103 0.073093 6.010854
7.346865 11.600378 6.006878
14.341782 6.144850 6.005674
19.927299 7.606578 6.049539
7.255041 14.493080 5.988153
19.882983 13.833117 6.000053
17.988192 5.750960 5.982147
14.377471 10.630759 6.006644
7.645269 7.684276 6.040555
10.737753 12.335047 6.026870
14.389437 4.784438 6.005710
13.685064 7.059314 6.041018
5.804580 1.704089 6.023655
11.154219 13.891579 6.032872
16.681519 13.530153 5.989816
9.492532 4.151709 6.040680
11.353429 8.751375 6.001257
6.566323 5.702736 5.964789
3.199513 2.315880 5.995626
1.294434 0.639224 5.973615
8.110041 12.354215 5.983722
12.618082 4.344989 6.005736
15.234326 7.750322 5.979482
1.667676 13.555174 5.982269
6.363269 0.264075 5.973868
16.183294 8.214273 5.987420
2.235337 14.366702 5.986864
19.875078 12.156696 6.028899
12.636752 3.261679 5.977927
18.814973 3.052976 6.015316
14.592435 11.461054 5.990618
19.260921 1.189330 5.988378
13.292618 9.014870 5.989685
5.329784 3.523254 5.980907
15.986987 12.602883 5.985491
4.512338 5.692085 5.994273
11.291531 6.177728 5.996543
7.493090 11.928823 5.992490
15.991573 1.333862 5.983159
15.214940 9.017681 5.993753
17.309695 14.397930 5.976484
4.951778 9.769118 6.032936
19.906007 1.244054 5.975093
16.115793 13.626691 6.016998
7.729356 1.954425 5.983438
2.551646 5.536556 6.033534
7.005170 2.729266 6.012796
2.145372 10.835282 5.979495
12.320011 3.972809 5.992940
2.242743 3.928223 6.010240
8.591141 6.181270 6.037832
13.368562 4.293154 6.012125
9.052059 11.764915 6.000429
17.652299 7.871982 5.979595
4.795356 8.355874 5.997982
10.459513 2.419963 5.987364
18.234925 13.727550 5.997013
7.089665 5.204308 6.010086
9.425340 5.709608 5.965411
18.692815 3.635442 5.996345
9.998059 14.384053 6.015702
17.301988 9.106029 6.005001
18.847800 0.927367 5.984356
5.137057 2.878420 5.985369
15.727068 7.186509 6.000928
13.088574 2.855978 6.012767
19.704984 9.049258 6.034527
11.698732 4.588129 5.979905
15.871425 5.246472 6.012947
6.913200 11.777794 5.964255
12.111138 7.868026 5.976329
15.591265 1.675424 5.966961
19.338280 5.593635 6.029851
5.004582 13.473603 6.003707
1.565476 12.705999 6.027108
19.492513 11.389014 5.989106
12.065353 12.682107 6.001468
0.339173 1.381541 5.995310
10.356400 1.842953 6.019714
18.742340 0.256434 6.012143
19.719149 1.926023 6.009579
6.533901 12.333360 5.977532
15.657929 0.528215 6.003107
9.202583 6.991937 6.014121
7.959206 3.698547 6.043096
15.188542 12.504408 6.000557
5.387669 12.064573 5.993862
8.529120 11.502235 6.004189
4.961636 5.647447 6.001347
2.895514 13.901803 5.996059
7.601954 13.436922 6.029327
19.200993 9.744893 6.004767
8.385997 9.198248 6.006375
13.675787 5.062565 5.985576
5.692327 11.033246 6.001911
17.302123 14.099400 5.980797
12.463314 4.782564 5.983650
19.031088 4.301116 5.984355
6.516383 3.948102 6.007128
10.745323 14.743825 5.999255
3.842950 8.096542 5.980487
2.706790 14.520872 5.964568
11.731139 9.261085 6.008664
16.072719 4.388570 5.978356
3.981880 8.765818 6.006965
14.055075 2.301010 5.987670
13.444141 6.747365 5.974322
9.694204 6.623946 5.965905
15.373384 8.627265 6.030477
11.864831 5.802765 5.973898
18.955547 6.849849 5.986790
15.272614 13.155570 5.990572
17.759150 2.703752 5.989610
7.195706 13.813862 6.011771
16.224693 8.094438 5.988743
19.807658 9.423173 6.040758
3.250000 1.563247 5.951729
10.213191 2.170590 6.006637
17.240361 10.958188 5.986722
7.928448 13.489982 5.982983
10.184767 7.770334 6.008799
14.949008 2.488295 5.993341
16.499769 11.988466 5.984555
3.988905 13.781150 6.025210
7.809221 10.049551 6.022254
7.900333 2.763620 6.023428
3.067559 6.189922 5.986581
1.818149 14.093982 6.023980
14.897411 2.877422 5.980119
17.063938 2.545953 5.994306
19.064561 10.544590 5.983004
19.104323 8.142508 5.988472
19.864335 3.055935 5.945039
1.677943 9.264609 6.028194
7.943012 14.041155 6.020468
1.629092 12.801420 5.997055
13.566021 0.081741 5.979050
19.439494 13.159940 5.997091
0.786403 9.400809 6.015013
10.497619 4.018624 5.990753
10.665082 1.435033 5.992555
3.239338 14.545054 6.003458
16.671745 0.437107 5.974289
7.934983 2.798581 6.002606
8.378869 10.100403 6.022736
19.241223 11.393206 5.990114
4.928469 4.003100 5.968945
7.687158 11.066935 6.004800
15.375374 11.469416 5.973239
9.589879 12.028946 6.019845
12.065264 11.303963 5.992151
9.521850 0.487966 6.009657
5.671142 13.398468 6.014826
3.298505 8.419119 6.004694
17.009619 6.459321 5.987350
5.514229 0.374559 5.978938
19.911396 8.852177 5.986531
0.213341 2.422915 5.996448
17.604807 8.184087 5.984610
18.942355 2.821822 6.002855
1.140074 10.314435 5.995931
12.522510 1.337253 5.956619
15.639878 9.021479 5.955499
12.320689 9.633701 5.988191
17.630508 5.916139 6.032275
2.643500 13.755638 6.016845
18.986020 7.901326 5.990734
10.979150 11.227727 6.026263
6.921449 6.670318 5.964526
10.488245 11.859277 5.988884
6.768607 13.471413 6.004948
9.140463 6.187049 6.004004
3.144052 14.530850 5.975302
16.901045 2.299864 6.006056
7.793579 12.726791 5.982183
9.321232 7.871102 5.994196
18.197385 2.067061 6.020126
18.139970 9.378058 5.973395
15.798064 1.968781 6.032742
0.587866 13.328890 5.988748
18.163914 12.262228 6.016991
3.760222 9.852856 6.040760
8.758246 3.498014 6.018536
18.020374 14.464964 6.020473
1.889613 12.753610 6.006664
2.639388 10.696402 6.007414
11.547513 5.476146 6.023703
9.367587 7.235044 5.988918
7.815120 5.059701 6.016382
16.185071 12.755221 6.008582
17.888628 4.647105 5.956803
19.806856 3.565396 6.023454
2.430302 3.214499 6.006349
13.529870 6.015467 5.987588
17.421923 9.364019 5.986234
4.767167 12.484056 6.029917
9.579689 13.897829 6.010413
0.120232 1.187235 5.985049
2.695633 0.704206 6.022111
2.528273 5.410119 5.971621
14.163541 12.141241 5.996502
12.455916 13.628214 5.975332
0.729513 2.524500 5.982903
11.915216 4.284624 5.980492
1.404593 13.529767 5.988525
4.046029 8.647843 5.987349
18.073659 6.084993 5.970939
8.913285 3.653101 6.009459
15.620317 1.702827 6.009131
6.279018 1.635289 5.996071
2.207307 10.101144 6.004661
17.788189 10.782114 5.990394
3.279795 5.520405 6.008634
6.976577 9.071526 6.019702
14.018417 2.315901 6.020276
11.842237 0.290421 5.973193
18.516448 1.484940 6.006092
19.772622 1.596405 5.973903
2.926944 14.800147 5.989758
4.547114 3.553112 6.015196
12.791885 2.027004 5.970369
2.964940 11.894672 6.006236
10.843415 5.487389 5.980497
7.467578 3.109940 5.997939
17.756814 3.331229 5.991566
18.361053 2.081502 6.049416
5.159802 1.215209 5.966013
1.894204 10.195857 5.997381
19.816108 6.597762 5.986219
3.023660 2.206587 6.014889
3.482249 11.867724 5.992660
5.043416 0.320385 5.992617
6.889554 6.474926 6.006870
2.973267 1.875211 6.023438
6.418165 0.433962 5.988149
0.424495 8.295385 5.998007
15.989053 2.350991 5.975587
5.298257 1.027437 5.974523
16.372112 7.192004 5.957533
12.937167 12.660519 6.004811
9.607227 7.299332 6.011379
19.446480 1.190087 6.002962
7.721330 4.544902 5.977524
3.565764 6.674233 5.996824
11.575388 4.213195 6.002763
2.798420 5.089177 6.033156
5.526929 7.517080 6.041823
18.131570 14.156656 5.965186
17.843764 12.069947 5.965860
9.336289 3.068599 5.981455
9.571987 11.796952 5.964624
11.272707 5.917328 5.984634
1.710383 12.228335 6.006189
5.059381 9.225688 6.000610
11.573182 10.157262 5.978048
6.399617 5.427324 5.992160
4.273498 10.666390 5.994966
12.937590 8.489383 6.004987
11.331841 9.258774 6.000494
6.531192 8.231960 6.002206
18.749413 0.811242 5.988192
15.558970 7.112141 5.998210
11.887759 0.752553 5.994502
4.213344 2.489698 5.979118
12.923968 7.140393 6.023723
13.761981 6.104160 5.979359
11.632719 0.703605 6.001195
12.769254 2.052534 6.016403
3.241298 6.984880 6.037819
6.709814 14.499906 5.990390
17.832360 7.316792 5.999271
2.711698 11.569298 6.003615
11.805430 6.665968 5.959356
17.970536 2.904412 5.952129
0.283010 0.332887 5.971772
19.332442 5.643600 5.989545
17.659567 13.796784 5.976604
14.279972 4.881737 6.018979
14.190664 5.555135 6.008394
17.391404 10.392109 6.005054
3.427914 11.041132 5.984479
13.980687 9.114653 6.041415
6.905295 5.066853 5.991589
17.469839 14.158953 5.983813
10.657827 5.276262 6.004295
15.331833 4.365591 6.028739
3.347429 12.665160 5.991209
4.851723 14.037402 6.029352
16.776417 14.365523 5.989420
7.928608 7.972750 5.988539
10.562119 13.019317 5.981536
14.492269 2.763226 5.996821
3.413008 13.372598 6.005409
6.040248 11.380244 5.982086
6.511700 6.037053 5.995938
18.339626 3.674536 5.991808
2.761392 11.369329 5.996676
7.399216 6.489664 6.019744
19.170971 14.642115 6.009807
16.696526 12.863880 6.028035
13.421993 11.845900 5.994768
10.984682 5.013983 5.985847
16.747331 10.713340 6.000677
18.936412 11.321724 6.027324
18.502231 6.142932 6.004202
12.788184 1.420723 6.011158
14.565086 11.025738 5.976628
15.505618 4.431994 6.013443
16.213196 2.019794 6.014032
14.665178 0.647113 5.988513
3.614967 4.935343 6.020833
15.202733 7.644335 5.992881
7.804353 0.561341 6.005493
3.940039 8.440246 6.001363
2.100680 13.430891 6.000826
4.789608 9.003247 5.983732
10.195653 7.854009 6.018833
4.936443 3.472733 6.020192
13.344771 6.585023 5.999516
19.279609 9.012973 5.978107
0.827066 12.939105 5.995579
2.591674 13.225230 5.989750
4.931499 6.765952 6.019344
16.091940 2.786263 6.002065
5.387210 10.589720 6.002303
3.835400 14.246828 5.984085
3.045166 14.365658 5.999020
2.976399 14.939715 6.004741
14.394177 3.769691 6.013431
14.188918 12.544890 5.987430
6.231951 0.752150 5.974469
8.975867 0.231758 5.982391
12.563448 10.066315 6.012336
19.529987 1.780028 6.008882
14.858772 5.827521 5.995082
16.054512 0.170124 5.978143
19.576576 1.268289 5.999626
7.620660 3.128906 6.013297
1.374581 8.330066 6.039718
14.934944 4.938472 5.997149
2.417111 8.465892 5.960119
8.778398 9.726169 6.016055
14.757105 0.067843 5.969785
11.167444 12.696049 5.990238
7.397309 0.847192 5.992548
10.264179 13.089679 5.997001
4.889820 14.672427 6.023103
1.463837 13.569138 5.990398
8.225160 8.118256 5.974881
1.185116 11.527455 6.025763
19.595953 2.582161 5.989958
8.987775 14.056593 5.989913
17.664432 0.361647 5.980238
19.035860 8.236014 5.999331
8.993693 6.926792 5.980011
8.392392 11.958381 6.025010
17.870344 11.164335 6.019404
0.696221 4.956259 6.015954
9.742144 2.434260 5.996908
5.394535 11.951955 5.975625
15.087914 14.654825 6.000409
16.768452 1.459854 5.994512
12.387182 10.994064 6.006235
8.124946 7.764313 5.985053
11.109968 4.680324 6.024874
11.466775 0.228159 6.048422
12.673852 10.842995 6.041679
18.441177 1.982726 5.993355
5.015549 12.729964 6.024741
4.001882 3.937522 5.978261
3.801953 8.870875 5.984528
13.926496 4.245414 5.981343
18.102474 10.521178 5.946696
6.535042 1.772245 5.994424
8.388267 5.160178 5.972549
19.357327 7.633952 6.021583
2.917169 8.786625 6.018612
17.567937 8.725267 5.938699
19.214259 1.174114 6.007604
16.019066 0.517864 6.007448
6.745444 3.528275 5.973401
13.077049 0.561643 5.993744
5.853159 3.332080 5.981585
2.425578 0.857595 5.968233
2.129601 7.909130 5.986939
0.195894 1.567931 6.022282
19.578040 6.207866 6.018012
13.084379 11.551658 5.990154
6.451224 11.600538 5.986148
11.573852 8.498175 5.974781
12.367081 0.448295 5.976821
3.637502 8.048282 6.009531
5.745501 3.779872 5.983920
10.922145 8.546013 5.984700
16.768492 13.643770 6.025025
2.596526 8.964209 5.994447
17.153614 14.107783 6.014318
12.179218 3.129112 5.989738
9.806484 4.032208 5.963236
2.843178 2.224469 6.019413
11.021410 1.190245 5.996987
7.101930 0.143064 5.993180
3.750925 13.912107 5.982766
17.630226 6.802810 6.001266
9.220792 14.070770 5.949267
1.579871 12.974989 6.008763
6.034932 11.173462 5.990583
3.607265 13.782449 5.987764
18.805436 3.920195 5.988609
4.873183 12.855527 5.995577
10.133681 10.202501 5.970219
14.903177 8.997667 6.010124
3.168915 9.268941 5.973310
8.764808 13.605223 6.019745
13.044061 13.936196 5.986155
17.640003 2.712586 6.018073
13.066951 1.206426 5.992758
1.604155 4.059157 6.006474
6.388877 12.119262 6.040033
7.011429 1.484453 5.983797
7.723439 9.905399 6.053760
18.804157 6.023716 6.006904
0.716464 13.669933 5.981976
6.054754 12.326678 6.003926
9.863910 7.608404 6.043462
1.732692 5.750668 5.980696
9.669859 12.540597 6.002840
2.152933 3.645638 5.991890
16.738138 8.148603 5.996232
5.391107 13.987606 5.978697
10.417240 9.044052 6.043048
12.376555 13.934368 6.008901
6.111829 6.637892 6.017615
7.030164 9.441866 6.029730
10.221114 14.109834 6.000844
16.097376 11.034252 6.013408
9.079369 13.592511 6.011319
9.800177 12.468703 5.974364
11.912308 1.186703 5.986051
8.502736 3.891062 6.024162
14.488626 11.112707 5.985234
0.080618 13.342948 5.961050
9.653043 12.035343 5.979137
18.450689 4.697774 6.002396
12.285387 9.329674 6.014486
9.713146 9.954412 6.009117
15.446722 6.573357 5.979340
7.852946 8.827826 5.984044
9.337863 14.801965 6.006197
3.903613 8.171532 5.996502
2.501139 2.957192 6.005853
0.536095 7.552842 5.986369
14.614414 2.617901 5.994129
9.381524 10.343180 5.989807
18.780587 13.528491 6.004682
3.548055 10.130022 5.995992
4.906762 13.158908 5.988508
12.772808 10.916915 5.969182
1.083080 6.570251 6.040090
10.057687 8.088236 6.003584
2.494831 7.976021 6.022064
3.255991 5.916300 6.028548
10.245815 1.405526 5.991608
11.336958 10.532352 5.996780
4.259956 0.724665 5.978757
5.471555 3.068478 5.974317
5.659269 6.764583 6.015273
2.825659 14.789470 5.987121
19.308405 4.614486 5.967111
13.822603 11.929873 5.988118
2.228482 6.282108 6.031496
7.147377 3.347858 6.010355
3.463622 0.383680 6.023348
4.692038 1.307639 5.957800
18.792354 6.281175 5.981857
2.716243 5.996443 6.022025
17.559499 9.382346 5.979885
16.847943 0.930428 5.993068
14.869763 4.274693 6.022432
9.954933 0.362869 6.027678
5.148721 13.086434 6.046972
16.582863 5.952479 5.979283
16.687274 8.793044 6.010750
10.501974 10.669275 5.994206
0.956155 4.031911 6.035056
3.868212 2.028588 6.040708
1.082550 8.702227 5.985174
3.591992 13.562448 6.019613
10.158018 13.402077 5.982047
17.057859 4.625012 5.995629
13.094547 4.034972 5.987829
11.981829 5.276014 5.983286
14.963217 3.673481 5.974830
12.833952 14.480960 6.035180
8.832523 0.545460 5.997019
16.299432 2.870376 5.986010
6.200830 0.443411 5.960740
18.592244 12.817557 5.997796
2.342524 7.079884 5.990402
12.738141 3.450772 5.970420
10.006389 5.902701 6.009756
8.513292 1.566270 5.982620
8.595216 1.620744 5.961257
0.830042 14.206489 6.024196
15.047061 10.432043 6.019982
7.040640 9.517936 6.028818
9.541880 7.095116 6.000164
16.957936 7.347432 5.994218
11.529108 11.582209 5.982375
17.005882 0.791264 6.019600
2.725664 9.999180 5.966083
5.610027 8.231972 6.019485
4.523921 4.609680 5.994696
17.738792 3.258398 5.999401
15.653819 12.957327 6.026927
16.668573 13.933972 5.997503
11.377239 1.398255 6.001222
4.363523 2.578356 6.009548
7.523608 10.009175 6.005004
11.015676 11.611589 6.018900
0.354214 7.367513 6.035733
12.785811 13.908215 5.980095
17.140527 13.101181 5.974826
6.534514 1.872346 6.013676
13.616390 2.177231 6.004477
9.672243 1.247902 5.990867
0.065265 13.127700 5.989598
5.695568 8.353263 6.009511
10.554894 14.108432 5.985728
14.502829 10.965923 5.985383
8.041626 10.989680 5.999604
3.689704 1.886829 5.969872
1.191143 1.616721 5.996764
14.274570 13.935645 6.007600
7.300288 7.254172 5.985410
12.940813 14.924914 5.973733
4.421805 4.865373 6.000391
15.090700 9.320474 6.024460
6.887242 8.593033 5.999665
1.015055 1.031221 5.983577
10.179426 7.747903 5.969225
14.583546 13.845234 5.991307
18.671168 6.809264 6.005070
19.442743 7.032413 6.007833
9.134690 10.529186 5.964074
12.225987 11.692013 5.974242
11.190672 12.408091 6.018545
10.684946 6.750703 5.989497
2.291988 6.668117 6.006614
13.452364 7.118552 6.013139
19.324771 14.561877 5.987540
2.504467 13.925610 5.972527
6.217431 9.343229 5.988931
1.553960 4.271015 6.007295
8.030359 13.488687 5.961801
9.644803 2.602387 6.003576
7.165716 1.590626 5.995669
9.557136 6.220294 6.012786
16.085354 10.301562 6.000647
4.280588 0.781117 6.009979
15.151167 4.700344 6.020766
15.832038 11.725066 5.999107
11.636040 9.894028 5.975782
6.324418 1.305172 5.982626
18.715516 3.027685 5.997485
7.302133 10.883228 5.994168
0.986630 1.719120 6.027390
2.734310 0.143756 6.002175
17.829647 14.854903 5.971575
2.995445 9.204583 5.999757
8.981834 6.428571 5.984745
13.840491 8.928234 6.003111
11.458398 10.057254 5.996395
13.064604 7.445052 6.014688
7.016956 9.884907 5.995101
13.232070 10.635486 6.029229
0.198837 2.677605 6.009052
5.269445 6.376621 6.006028
2.477277 4.545515 6.015841
9.077448 11.962024 5.988985
2.904266 11.560249 5.999936
10.899553 12.155128 5.992234
3.638449 6.537341 6.038339
8.302428 8.624391 5.991623
1.471665 10.590524 5.984243
8.797259 4.809949 6.014255
16.163055 14.655932 5.995165
6.324168 5.685623 5.974899
14.144374 8.058695 5.991027
8.531476 12.409669 5.979087
4.710384 11.156377 6.021791
6.066309 7.543467 6.028808
6.043016 6.117291 6.006293
14.824905 9.549499 5.991668
3.994996 6.526307 6.015061
19.569048 8.876582 6.001247
13.743601 11.964473 5.979666
8.042268 1.850673 5.982833
19.982462 10.436221 5.989657
4.321055 0.802039 5.986157
15.260759 11.025684 5.970925
5.421262 3.156615 5.991745
10.860351 7.383607 6.040007
1.118291 3.998986 6.023606
16.918661 4.825519 5.978801
7.286176 9.419259 5.991500
11.698259 6.480711 5.997546
18.525854 7.300388 6.031822
0.617517 15.012571 6.035539
19.347199 1.840606 5.981956
10.524253 5.780609 5.957719
15.622987 7.936014 5.993192
9.447701 12.223753 5.986330
16.292575 4.219735 5.995710
17.619381 5.931621 6.010272
7.645157 12.333696 6.016347
14.473312 8.005667 6.016017
19.978090 12.831682 6.006199
15.165711 0.940854 6.025172
19.129062 4.301556 6.010436
14.721810 8.375475 5.976957
6.615258 1.833712 5.999927
16.548527 7.226404 6.008831
13.322670 0.258722 5.964641
0.688657 7.546669 6.032309
3.443834 13.829085 6.020845
5.244705 14.225700 5.976107
14.867636 4.780396 5.997957
15.918099 0.046120 5.941547
16.531703 13.684748 5.984362
1.338892 8.511100 6.020256
1.464226 8.715433 5.999412
5.995968 12.262020 6.010030
13.630080 5.921735 6.000961
16.826631 6.310937 6.003407
17.383141 12.783179 5.963749
4.139493 7.355508 5.984503
15.345226 11.018923 6.033539
12.824532 13.559636 5.965191
18.522932 5.897285 5.987301
15.508071 13.300906 6.001021
10.569827 4.905999 5.961212
15.663030 13.947263 6.014194
6.175218 4.604918 5.959076
15.718205 3.563466 6.021202
15.594301 10.814084 5.979052
17.095541 13.869971 6.019170
4.817522 11.506913 6.000016
16.974730 11.108093 5.984513
3.373680 14.579661 5.992648
15.452070 8.367581 5.985974
18.620996 13.335563 5.999978
0.710801 0.591669 6.032138
12.489954 2.006237 6.034476
13.204967 4.063037 5.993086
16.337070 14.208583 6.010945
2.103124 2.933790 5.998185
18.192414 5.742010 5.963193
19.895820 0.517901 5.984617
13.434924 1.168226 5.997570
8.617934 8.763100 5.994813
12.688345 1.463500 5.982127
1.093555 13.469130 6.042544
15.063242 13.276254 6.014117
1.374691 9.318990 6.008476
6.454528 5.965281 5.945408
2.804337 13.306461 5.976595
14.486362 7.306147 6.031800
11.907947 2.891907 5.997723
13.986212 5.153295 5.968411
1.288392 5.419625 5.982856
7.408992 8.722582 6.000197
8.096187 5.981659 6.002398
12.035389 12.276516 5.995917
2.045205 9.421699 6.021073
12.952117 3.763963 5.988975
7.909236 6.057241 5.974526
18.148950 10.833110 6.013376
9.052204 3.601900 6.010104
2.035152 1.383452 5.987621
2.018451 10.652102 6.006940
5.112896 6.107975 6.029455
4.786364 1.852684 6.006862
15.926224 7.214492 5.971888
14.465025 8.428869 6.007302
1.551709 0.373376 5.983372
17.035725 11.852357 6.006010
1.928633 7.371317 6.005646
15.725250 0.381241 5.990463
2.248795 12.932259 6.009022
7.538818 8.781822 5.993116
15.006276 14.447017 6.009635
5.083268 4.221152 6.007044
2.244506 6.179850 6.013418
15.727236 9.946894 6.001031
13.817234 13.723299 6.004544
17.801409 11.877808 5.989858
12.803773 9.660133 5.976283
1.471921 11.938631 5.998534
12.760208 1.402758 5.984798
16.428593 10.860159 5.989093
1.645996 8.673638 5.987136
2.719228 4.121032 6.026839
13.564301 3.556473 5.956539
15.796235 4.314000 5.967841
7.050699 1.843736 5.988736
14.710807 4.086653 5.984761
3.381525 1.068133 6.002240
8.896991 10.108625 5.992679
14.980400 7.675448 6.020325
3.955047 1.909080 6.004452
6.985143 10.441059 5.967025
12.590523 2.666041 5.992185
6.952992 7.417426 5.989661
17.447163 13.779931 6.017516
19.120014 11.426357 5.974150
12.828406 8.744183 6.009535
15.643767 8.751576 6.014290
18.143816 0.969697 6.005905
14.020107 6.430328 5.997979
15.471644 4.614485 5.981102
1.642312 7.118995 6.000668
16.467003 14.294362 6.023843
5.494458 11.768436 5.996711
1.414791 9.140618 5.980333
11.758346 10.599768 6.014832
4.536428 10.945999 6.007202
1.601020 6.837574 6.007794
12.201476 13.009106 5.982237
1.979672 9.283141 6.005927
17.788715 11.066900 5.965646
19.368472 0.152345 6.011172
14.780483 8.071484 6.005852
5.791566 5.446146 5.998543
11.241773 0.807572 5.959502
0.653644 9.676717 5.994992
12.436602 13.907604 5.983312
5.276380 10.982570 5.974482
9.112629 1.189084 6.002735
3.578500 0.869753 6.007061
19.713781 5.198726 5.990534
4.132214 3.558976 5.953130
8.326533 0.421515 5.972763
5.126187 0.556267 5.984336
10.802001 5.195559 6.013050
18.101523 1.974646 5.976031
3.272769 2.906473 5.988759
2.814783 13.034529 5.965007
1.454685 14.879035 5.985449
11.788828 12.069667 6.023732
12.013399 3.497631 5.984268
16.467318 2.635510 5.988768
16.724713 8.681076 5.992401
2.050728 11.788892 6.018363
18.207529 9.897178 6.009642
16.565708 12.057375 5.995665
12.934114 7.311245 5.962420
6.973265 14.828759 5.963172
14.923722 11.811887 6.029306
12.447955 0.801972 5.994444
7.071745 5.451215 6.019569
0.221885 8.368806 5.991323
11.848015 3.366235 6.025487
11.516819 6.024421 5.992249
3.079438 9.455225 6.030500
18.155223 8.304308 5.988609
3.182293 12.930240 5.984588
5.728374 3.945159 5.972711
7.461613 13.809118 6.010811
13.663449 4.857249 5.957436
1.658011 13.830698 6.005625
14.057915 3.736235 5.981978
8.290638 7.630946 5.964248
3.668346 13.985342 6.012547
2.216171 4.147606 5.972077
8.218582 12.747903 5.988222
8.906408 7.540276 5.993130
2.765305 6.275941 5.993075
9.631203 9.966293 5.995862
10.063395 2.981324 5.961081
19.614929 9.851741 6.006930
14.277190 2.662574 5.997543
0.210737 10.667188 6.008143
9.533713 9.161455 5.962241
0.433121 2.095727 5.975745
10.234825 1.500376 6.004582
6.768503 9.116875 5.973184
18.062454 1.864877 6.027911
9.882470 9.381895 5.980239
16.994840 14.976876 5.998306
11.648519 1.863728 5.946270
7.947406 7.124688 6.046537
4.589144 13.855652 6.002407
3.674338 14.054729 5.976339
15.902097 0.448653 5.979836
17.627234 12.169495 6.016641
6.492889 3.575888 6.013800
9.871205 11.202514 6.004860
5.729481 5.322958 5.991745
9.090609 3.362558 5.965863
17.411084 7.092072 5.981473
2.781691 2.638140 5.999796
5.803815 6.351777 6.010656
13.885925 5.907452 5.989838
6.144370 14.449497 6.012739
1.630415 8.150709 5.991119
7.524329 10.439156 5.995511
13.521376 2.627812 5.995209
19.678040 14.945963 5.991230
17.798174 7.481259 5.979560
11.227744 1.107267 6.011394
15.535795 9.090423 6.005615
11.412819 4.771727 6.016644
9.858191 4.407969 5.984567
3.432386 4.756858 5.999538
5.818572 6.771254 6.017542
9.026815 4.309959 6.011760
19.756432 11.687987 5.999992
12.168135 2.682465 6.015346
18.879934 2.147743 5.969175
5.186985 1.585978 6.016124
1.384833 6.163308 5.991996
19.545002 1.698125 6.001380
6.610959 0.373052 6.003179
10.711871 4.427529 6.018972
1.403784 14.714481 5.996389
17.220683 0.193326 5.957832
0.037891 0.955661 5.982891
18.111488 8.726400 6.010150
3.286721 7.492270 6.013838
3.674109 1.523953 5.973549
16.514386 13.420359 6.018796
7.666358 10.101291 6.016742
5.113612 7.410924 5.967755
11.949991 8.146280 6.021874
5.117545 11.968929 5.999352
5.721265 1.460157 6.039367
0.906769 14.018567 6.009648
10.779995 1.684458 6.023668
2.589007 6.869144 5.983863
16.748829 3.703403 6.011878
15.071286 9.988548 6.036082
5.694889 12.611129 6.025113
10.703168 9.275659 6.000332
11.565336 3.339316 6.032142
15.932625 8.185931 8.977116
19.109247 7.105929 9.037698
6.648717 5.613695 9.028538
18.897222 8.923577 9.017078
2.063165 2.186710 9.005856
9.524574 7.040284 9.009111
3.945892 7.601889 9.004206
11.679038 9.436929 8.990531
1.432433 1.007990 9.004241
10.066427 6.409227 8.993165
3.472711 11.410999 9.002732
8.341757 11.739910 9.011146
13.748018 8.155606 8.970796
6.678441 13.090812 9.007035
10.826790 11.334418 9.005984
19.446810 11.951939 9.010426
17.506772 11.931544 9.005470
19.913626 10.934012 8.980976
3.555395 12.858493 8.987819
9.861900 1.455826 8.981921
15.668043 7.546242 9.012486
18.550382 12.366487 9.047975
4.856909 1.663789 9.000876
19.770187 2.320235 8.945905
8.815600 6.014665 9.000565
15.451766 8.493879 9.000636
10.347614 10.854678 9.012882
5.949805 8.396340 9.010491
2.155152 3.231895 9.008322
3.221302 12.711403 9.000318
12.947074 3.955374 9.006578
11.059001 12.903368 8.991972
8.667297 7.440737 8.992903
12.502531 0.621743 8.971548
10.122412 7.205401 8.995984
2.812220 9.800873 8.984090
5.274609 13.219757 8.983514
8.629576 8.743897 8.980484
7.945450 14.865582 8.982372
18.072441 5.696827 8.997671
18.840633 3.717276 8.998274
10.723818 6.643157 8.995584
5.331744 9.914797 8.994710
16.002150 1.441668 8.984784
3.636343 1.349282 8.979370
9.846620 9.366057 9.007495
19.886299 5.744078 9.048923
17.499679 11.774342 9.008761
18.621825 3.939890 8.998222
1.948584 6.490208 9.005350
9.238013 7.696732 8.993945
15.374352 14.152869 8.971061
3.110020 0.095117 9.014899
15.368368 3.275828 8.999058
6.845529 1.402559 8.975957
17.739291 14.878170 9.003958
8.326110 1.997086 9.000954
5.007915 12.343519 8.936364
18.348196 7.812689 8.991571
14.226150 11.725813 9.019900
9.251288 4.526119 8.993329
19.226885 7.105625 8.995955
12.069666 14.649881 8.994504
11.761923 1.442934 9.009048
7.232338 9.317282 8.995391
16.716350 14.365550 8.980114
11.677963 1.887774 8.987412
12.418728 12.577058 9.007481
18.705288 4.152764 9.014420
5.449969 3.000831 8.996806
15.803309 2.473944 8.991595
16.199827 11.010713 9.004733
1.246255 0.548349 9.017117
14.429394 6.335681 9.008024
16.606165 10.418471 8.965736
10.758771 2.120828 9.031993
2.260804 3.388684 9.004768
1.589768 2.273475 9.004772
0.485949 0.406892 8.997491
7.281575 6.817342 9.009520
12.414192 7.464656 8.975655
11.429692 14.166740 9.029530
10.164487 10.933204 8.981371
8.344852 14.573835 9.018035
13.600933 11.341351 8.968545
17.628985 14.664748 8.982905
16.499552 3.718951 8.999352
14.300527 2.497984 8.988419
5.840213 5.885930 8.986464
18.775454 7.370231 8.991276
17.192158 12.361899 8.982302
18.953924 8.130122 8.989269
12.391351 14.280948 8.994710
6.653330 4.323981 8.972470
9.006524 8.706081 9.004231
6.536466 9.796069 9.057288
6.988620 2.337221 9.013343
8.478878 11.752167 9.019056
18.699008 9.577123 8.967186
9.955935 2.850614 8.979621
8.068345 6.195938 8.977978
12.768462 9.630205 9.003358
5.727194 11.009633 8.978820
0.183397 6.269070 8.979527
14.609820 10.842027 9.005246
6.682385 3.912585 8.981532
4.752274 4.575307 8.977825
10.660063 0.175236 9.018862
3.241028 7.319026 9.031401
5.562932 2.821092 9.004081
10.231323 9.005411 8.980426
19.478197 14.502182 8.971059
4.858926 15.010859 8.992863
9.336722 5.608574 9.038652
10.571535 11.009425 9.003949
14.266359 14.447572 8.992521
10.443416 7.851909 9.018068
14.702151 4.997196 9.009062
17.287728 2.308948 9.019403
5.686970 2.657346 8.987358
16.686085 12.824175 8.978411
5.235001 3.889127 9.014717
16.180266 4.055845 8.997762
12.714765 11.192305 8.967650
11.385392 12.607867 9.001202
9.302469 3.121398 8.973071
10.953529 10.312514 9.018942
4.695902 6.722661 8.998658
9.938048 4.137847 9.047045
12.176518 7.847073 8.992649
7.645602 11.636669 9.000595
7.681202 1.476696 8.986192
6.964957 1.069156 9.037923
16.353218 13.677378 9.006337
7.667324 14.425113 8.972205
11.540371 7.926743 8.973986
19.433462 2.174622 8.981082
0.615684 1.146770 8.986300
4.432882 2.331403 9.025756
18.551622 4.231044 8.986685
14.290904 10.263697 9.007585
7.544587 1.681498 8.979482
1.832812 2.048438 9.007273
10.277342 10.680065 8.976023
15.681610 3.841799 8.995592
8.449555 3.233597 8.964014
16.816274 8.756477 9.022510
5.758528 1.190187 9.004345
9.876734 9.454551 9.022764
1.824862 0.323253 9.020002
10.494785 3.495750 9.007709
17.251499 6.752443 8.987354
3.010968 9.481592 9.004183
12.174013 3.073120 8.993197
6.258676 13.214575 8.958738
7.071181 13.783166 8.967225
0.178154 7.196987 9.033672
10.679917 4.090596 8.950166
19.695466 1.644606 9.024207
2.940826 14.086753 9.020347
4.717700 2.032780 9.010924
4.520571 4.489045 8.999340
11.258344 4.923024 9.018069
3.799093 4.033085 8.976075
19.027617 0.039780 8.996354
13.879537 3.081832 9.006836
12.536009 11.222993 8.990221
0.100490 3.081251 9.014862
9.405715 11.452993 9.016439
16.202153 6.231942 8.977516
10.106495 1.184550 8.987335
14.771903 12.371377 8.967992
13.648706 9.558651 9.021776
18.552527 9.189721 9.019116
7.322993 2.248596 9.006670
16.517093 9.357794 9.014486
5.212932 11.935726 8.991075
11.135053 14.936376 9.011234
12.343424 10.083987 8.980234
8.858423 6.499390 9.008976
2.010360 12.285789 8.985244
8.657605 0.760169 8.975021
3.944607 6.318413 9.006045
9.741627 10.979809 9.018280
0.406364 5.382317 8.981374
9.650438 0.901621 8.990281
7.557681 1.676815 8.980880
0.254273 2.519386 9.002809
12.451600 12.478400 9.020249
6.259293 10.801113 9.002345
11.631383 11.460845 9.000038
17.702047 13.631857 8.993515
17.302858 4.521574 8.983811
10.063920 11.157412 9.014546
9.430428 5.482983 9.023245
10.669300 11.769259 8.998452
7.779206 10.446307 8.990167
5.904161 14.845275 8.992340
3.157195 11.353560 8.987390
18.279843 0.095701 8.975872
1.268741 10.522899 8.968203
6.914834 1.547404 8.988278
3.335827 8.188930 9.013637
1.201755 2.380105 8.997132
3.448675 7.433887 9.018014
9.072582 11.831301 9.006833
11.165706 4.310238 8.992521
17.945511 2.263688 9.017713
13.661545 4.688376 8.987761
16.010836 2.573442 8.985502
11.044252 2.750507 9.003372
4.009544 10.470969 8.986717
16.994033 10.521471 9.001642
9.535351 7.953019 8.996549
15.401824 3.815964 8.996780
0.113553 7.931776 9.041460
8.910408 14.237158 8.995938
6.776322 5.746889 9.028446
5.944930 6.325315 9.007882
13.494622 7.421566 8.993368
16.480045 2.694056 9.037183
17.241956 3.672344 8.989197
15.996377 10.321016 9.007216
16.223596 2.412761 9.024054
16.692880 9.058030 8.973280
13.853175 5.817681 9.012232
15.223995 4.577433 9.007224
4.444155 8.257841 9.031606
19.153003 3.385245 8.952912
10.071217 4.656967 9.022951
5.239269 7.867377 8.968200
9.058643 9.869650 9.025331
16.491339 12.554049 9.040919
13.841916 12.387842 8.973643
2.989225 7.456460 8.997587
8.777632 1.109552 9.007227
15.137449 2.835678 8.984687
13.829264 -0.014475 9.026860
3.781394 2.797569 9.012806
14.856233 0.459311 8.986714
13.541403 10.701902 9.022419
4.904123 8.204636 8.997602
6.121941 0.513004 8.984505
8.395485 9.282509 9.006280
13.479750 12.233103 8.958201
18.984682 0.397075 9.018511
19.854667 1.905550 8.981792
13.787983 7.065231 9.005007
8.240804 0.648745 9.029270
1.394435 0.311909 8.982699
11.863653 8.775766 8.998936
9.651327 8.454339 9.015441
13.439854 12.073436 8.980735
19.290329 1.193100 9.024561
3.335198 13.477870 8.991568
7.395868 0.252907 8.997255
11.516083 4.540484 9.011256
7.015357 0.731229 8.991617
3.485410 3.640274 9.015734
11.968169 12.201308 9.027341
0.821587 1.901175 9.008480
7.546588 3.027704 9.003269
19.466500 9.184665 9.009082
9.498610 0.347960 9.003990
2.004630 9.040279 9.006050
16.654363 13.402784 8.977882
3.561306 1.054750 8.987556
5.018497 0.103323 8.991322
19.264300 6.116368 9.016924
15.514044 12.752994 9.007899
6.455136 14.004423 8.998510
12.953231 12.016039 9.050048
9.751505 9.704331 9.001102
17.866504 6.380889 8.999266
11.204409 11.833424 8.988035
13.238173 11.393732 8.983210
2.956618 2.745614 9.028140
4.992117 10.744007 8.981754
0.566529 11.882765 9.004988
11.748969 13.495295 8.999928
11.252442 10.961531 8.966245
6.137289 10.972137 9.002402
4.620073 13.522337 8.987126
9.057951 2.898622 8.979769
2.081351 8.272785 9.016269
17.081344 13.427092 8.996789
16.675041 9.489851 8.981003
11.909542 13.973163 9.017611
18.027016 0.737003 9.015810
12.247387 3.215429 9.000863
9.791444 3.355721 9.000335
11.975880 1.178928 8.965398
1.715959 9.358094 9.054038
4.351746 6.008619 9.004134
11.195198 3.647040 9.016654
2.260109 10.926150 8.971963
16.162731 10.110978 8.976050
3.382838 0.625437 8.985863
8.370999 6.587668 9.003870
9.692739 10.778215 9.011955
3.145009 1.536279 8.993871
4.859492 11.911776 9.001836
9.695881 9.245899 9.004041
2.107690 10.774492 8.981706
3.708147 3.746766 8.989623
0.523054 11.235028 9.015686
10.120832 2.601739 9.051431
16.432910 12.910220 9.036826
16.201782 3.092946 8.999637
7.080154 4.038898 8.977694
13.764372 10.071411 9.017959
19.794279 5.011011 9.020524
8.439938 4.611575 9.011635
18.293045 0.940949 9.018399
15.563666 12.326922 8.998548
3.521151 6.918932 9.016537
8.875667 5.887157 9.012018
18.595903 3.689458 8.996626
3.355402 8.287936 8.981859
1.157785 8.414766 8.997377
5.359748 0.005659 8.991028
0.102703 1.282794 9.015252
2.536853 9.188918 9.013073
8.514663 4.241418 9.009297
15.269451 14.785511 8.963158
4.268455 3.761247 9.039517
16.991322 2.302812 9.015502
19.748127 0.678923 8.982768
9.252344 10.307883 9.011263
19.818974 4.356421 8.976278
11.547039 4.100781 9.014817
1.194516 1.631290 9.034315
2.221271 0.805005 9.012164
10.277586 3.464138 9.009303
18.438837 5.940489 9.017733
1.964324 9.933290 9.007402
11.443395 1.497667 9.004024
16.199619 5.496058 9.015596
19.697877 14.897750 9.017279
18.138276 10.227603 8.977691
2.144927 14.966587 8.980457
1.551130 1.224718 9.021157
4.098183 6.053336 8.991443
5.600292 3.451889 8.979423
17.341820 14.149593 9.037699
12.871034 13.563128 9.005017
18.844581 8.526244 8.982876
8.357003 4.647457 8.971460
8.171378 8.149082 9.003844
5.586829 13.075106 8.985866
8.752121 8.609700 9.031496
15.853929 11.475939 9.017099
13.937225 10.331883 9.007697
15.809353 1.480080 9.008492
16.616643 11.388910 8.997307
0.074295 3.097767 9.008506
4.759569 13.023733 8.987724
13.100077 4.641879 9.001105
8.942615 8.461700 9.007686
2.327432 4.293179 8.973223
1.269879 0.117862 9.010977
18.868051 11.686238 9.017550
16.975374 10.743912 8.982185
6.409612 13.886355 9.018233
12.795620 8.597502 9.006613
2.907669 2.810246 8.997919
2.678846 2.591250 9.010007
6.708410 5.855272 8.972066
5.650919 4.950849 9.027291
19.617847 6.147282 9.021468
0.495818 3.374201 9.037702
10.951277 14.821996 9.008838
17.105431 1.307844 8.978278
0.539733 11.101199 8.993091
11.058053 8.543113 9.030577
7.631269 8.308101 8.995808
4.319058 9.230080 9.016152
4.702869 13.563928 9.014276
16.303849 10.160878 9.029130
9.314006 4.047761 8.985942
0.897823 4.047148 8.990609
8.188460 12.436435 9.004929
16.352620 7.158788 8.971038
13.769609 10.590438 9.037414
19.129282 5.635385 9.019887
15.434736 11.104463 9.011268
3.435570 6.324093 9.010097
1.374312 7.404130 8.999106
9.246974 13.913067 9.002767
8.872859 7.433056 9.023192
10.946397 3.381081 8.999722
13.441926 7.990612 9.009293
5.104643 0.139575 9.018265
19.773698 4.191753 9.014834
9.894827 9.072267 8.983173
14.264107 1.067054 8.985012
8.207589 6.815883 9.016228
13.675148 8.983178 8.978552
19.644620 3.404150 8.992937
3.087465 3.293145 8.968987
8.740366 10.012694 8.993339
13.912468 14.585508 8.961096
17.129012 4.611404 8.992570
12.707941 3.076625 9.000202
4.641472 14.765216 9.037358
12.902361 12.526135 8.999580
12.439052 14.036610 9.016770
0.890447 0.698619 9.031645
12.147029 14.010608 9.030044
10.637397 12.603507 8.980521
5.784072 4.458529 9.005025
4.804865 9.344538 8.994344
15.353301 2.578154 8.979043
1.299155 6.297049 8.989982
5.694697 9.041116 8.992087
14.026942 1.647162 9.008353
4.182708 14.469224 8.964019
2.309360 13.929173 9.016614
19.643296 13.005626 8.986923
11.295929 1.972384 8.984039
5.348259 10.019489 9.001495
3.067838 13.362164 8.985394
0.130367 2.050222 8.998172
15.009312 9.725849 9.028151
7.123671 3.041913 8.981627
3.891196 10.326205 8.986219
18.084312 9.734222 9.013860
13.933031 13.060898 9.000425
16.231028 7.299020 9.017693
13.133809 11.376414 9.012675
18.326619 2.889283 9.024534
6.920106 9.651294 9.007878
3.155953 13.135270 9.028917
0.136010 10.847641 8.990982
0.652871 13.208267 9.008080
17.069804 9.453793 8.993267
12.263065 8.267587 8.971861
0.915940 13.757372 8.987173
2.150345 4.838256 8.999592
13.912658 11.237716 9.026929
7.701605 10.406455 9.010673
15.483142 12.240012 8.989646
18.699699 7.446030 9.012315
15.112251 7.405919 8.995229
3.635139 0.534668 9.030511
12.974015 13.989642 9.003934
11.882384 5.819578 9.036970
16.943569 8.275738 8.967882
4.003374 2.976534 9.039476
14.359727 9.262427 9.006013
12.040348 5.195214 8.998971
9.568310 8.785603 9.018714
5.832927 11.000557 9.010443
0.530619 9.135058 9.005792
16.075299 0.464533 9.013695
2.167781 12.105205 8.982275
7.518095 8.431837 9.008098
9.932961 3.609580 8.967855
6.630441 4.843711 9.016499
13.248776 12.158675 8.969822
6.556301 14.053597 9.007101
10.345306 12.188130 9.014936
1.905179 13.306482 9.010263
8.680474 7.353197 9.009218
11.675740 6.281532 8.987312
17.213180 12.308166 8.974273
3.652504 5.900403 8.987407
6.771123 10.558830 8.980600
5.152365 9.209088 8.999768
3.053592 2.291994 8.999646
7.702708 4.649168 8.964737
18.137892 3.214206 9.005342
7.418277 1.888540 8.968209
5.469294 6.321083 9.041945
19.154866 2.951856 8.989189
14.299121 1.079559 8.963369
7.393388 3.084049 8.989741
15.014030 9.303408 9.014595
12.783620 12.121152 8.999030
17.065340 6.919135 9.002534
2.197782 9.153850 8.999006
10.791233 9.744709 9.009015
14.056044 9.754072 8.989512
19.949735 14.809307 9.006166
12.032743 9.148703 8.997285
2.785851 8.220305 9.019599
19.403246 13.004608 9.026011
9.169333 9.329644 9.022211
9.769371 6.914963 9.012997
5.064975 11.132923 8.999055
16.261292 3.341246 8.982017
10.583133 10.104314 9.006531
19.481417 11.550780 9.033657
10.362316 9.592549 8.976255
3.616469 2.788584 8.987861
15.418602 7.715965 8.978422
2.940270 12.130261 9.008249
5.691023 6.037181 9.020590
18.778260 13.914541 9.035678
19.523758 0.743704 8.985599
15.532878 9.958788 9.001329
4.142729 3.508055 8.988417
14.835078 9.754549 8.975821
11.831576 14.227100 9.012203
8.936448 8.605591 9.001428
8.915373 6.522349 8.993193
9.075894 12.874259 8.969740
6.481672 6.934195 9.007457
10.777371 8.472096 8.995352
0.694420 4.629622 8.976668
16.989271 8.262293 8.975574
17.916095 10.729227 9.018393
7.804414 7.641287 8.989958
18.987080 3.149945 8.985584
15.502249 0.273406 9.021281
16.950477 3.250834 8.966579
17.820164 12.737459 8.979788
6.790886 14.391076 8.976781
16.248167 8.454071 8.988932
2.881304 12.457201 8.998238
19.537229 0.715131 8.998271
11.906940 12.772436 8.983210
13.920110 4.287196 9.001373
6.162958 2.645567 9.005808
0.621282 4.143781 8.993817
3.268645 7.495728 9.002351
2.830023 8.811385 9.010413
8.855387 0.099434 8.977594
5.872271 5.139846 9.004907
18.874131 10.552955 9.009947
16.805170 11.231399 9.030174
10.813545 3.524071 8.978550
17.052055 3.695642 8.991154
11.699758 10.166376 8.958613
18.406348 9.146856 9.005038
14.918292 7.467740 9.029696
14.727326 8.199199 9.003164
5.502437 7.461151 9.018400
15.901003 6.075064 9.030991
15.438726 11.815631 8.997132
1.615424 13.376670 8.994777
1.151371 9.598040 8.983032
17.630852 4.029734 9.010016
19.556247 14.604654 8.979901
12.082084 1.287615 8.951095
3.409453 14.250177 9.034677
8.416601 8.354117 9.006182
0.399725 10.643975 9.014813
16.448051 6.370533 8.986871
2.074874 5.344217 9.020218
6.722613 3.322067 9.005519
11.232178 1.700165 8.977435
13.967688 4.706388 9.001345
18.158749 3.823590 9.031333
8.414250 7.997848 8.961607
3.814651 12.834793 8.972263
2.146852 1.244479 9.005078
13.180544 11.224792 9.018884
2.553588 3.998413 9.003856
13.168726 9.643891 8.994241
9.140054 9.406063 9.007155
8.338274 11.062115 8.980480
5.223863 0.241423 9.002140
17.979957 0.017141 9.013571
14.304144 2.552346 8.987746
10.487118 14.709832 8.981574
8.493904 5.150404 8.977998
7.205208 9.416662 9.021988
7.951015 4.643454 8.931580
17.085098 7.300262 9.009199
8.433228 6.571132 9.011714
0.078100 2.808871 9.018611
18.465023 5.362018 8.996438
11.851827 2.852718 9.008862
3.296154 4.225566 9.004477
2.495004 6.264788 8.981393
7.531051 11.930106 9.013556
12.258018 2.950767 9.038192
18.768921 2.963451 9.027868
1.095803 3.719575 9.019014
7.049210 11.829980 8.990919
5.149282 3.700302 8.985556
8.403051 12.272120 8.987206
15.829589 4.842094 8.984475
3.180795 4.583145 9.024991
18.678242 5.668177 8.974587
5.132725 6.726952 9.003479
15.033243 6.283695 9.019116
12.797376 5.898194 8.974321
10.954136 14.964096 8.974275
16.871495 10.387082 8.988253
12.134518 13.229805 9.001791
15.674417 13.408375 9.016096
11.756606 6.407092 8.992552
14.423790 11.633171 9.031502
0.931143 7.047156 9.006824
12.899575 8.901371 9.007465
17.770030 11.026623 8.966002
13.000899 8.730251 9.003386
16.376537 7.603776 9.008953
19.818043 0.192277 8.969245
3.072927 14.571542 8.988629
13.748167 0.566543 8.989628
17.952237 1.814277 8.991651
0.593505 0.612880 8.952990
3.476084 9.387884 8.962109
5.005214 4.505529 8.997751
17.620962 13.411757 9.004009
19.535152 8.893822 9.010171
18.257248 11.700289 9.015766
9.517116 2.208169 8.947472
13.378143 6.146701 9.036013
2.058340 9.344119 8.998999
19.573565 2.809661 9.018862
18.905614 5.711283 9.032806
11.901698 11.304796 9.050669
2.869948 10.219712 9.005279
18.962920 13.535287 9.025609
17.898551 8.359848 8.982196
19.797015 3.103711 8.978725
10.162885 13.193703 8.975548
6.950890 14.420162 8.995614
7.539857 7.302238 9.019594
9.925943 1.280913 9.027499
18.269967 3.797632 8.998913
2.545711 11.274084 8.970121
12.993332 -0.001833 8.998271
18.291192 4.393255 9.014251
5.485483 5.553532 8.964956
10.530711 11.823459 9.015547
15.836527 6.563906 8.998530
10.290592 7.881279 8.988078
10.521208 10.048687 9.000536
15.358569 11.796042 9.004607
3.284331 5.112670 9.013618
14.310209 2.550867 9.005111
18.252388 2.771308 8.983180
2.025841 2.389243 8.992597
1.217314 1.716712 9.000847
1.764112 6.583083 9.014963
14.710701 2.732693 9.002635
7.826607 11.685252 9.027496
9.313964 -0.025262 8.984884
14.594237 14.316132 9.007777
10.470621 0.205789 8.978704
11.991236 4.899951 9.013125
17.018441 11.297913 9.019785
9.005869 13.110565 8.985493
17.479024 1.308952 9.004252
10.465881 11.989771 9.008431
8.056828 11.271045 8.969077
5.216851 6.875419 8.961366
14.595253 9.436106 8.998349
12.433342 5.521539 9.012222
16.134423 4.714809 9.003956
10.952208 0.483708 8.960896
17.334521 0.080488 9.023423
5.720553 7.892913 9.011988
14.618594 0.163799 8.964398
7.836313 1.827481 8.971797
2.276822 1.432582 8.974144
10.537812 9.464456 8.998872
4.611968 10.034756 8.998452
1.230735 11.327649 8.970534
7.277290 14.605723 8.996044
19.534619 14.699082 9.008972
17.854041 3.125872 9.034776
19.594723 5.301870 9.009499
0.576742 8.408531 8.993179
3.037556 0.681775 8.985109
4.737241 2.895176 9.007881
14.708473 12.816982 8.995593
19.551003 6.109162 8.975176
8.127808 7.265969 8.973728
11.682009 11.090540 8.971520
1.766623 12.164214 8.984453
12.593120 12.981447 9.013165
18.036674 13.387312 9.003818
13.174735 4.417198 9.000901
13.060657 9.713994 8.979616
9.792024 1.640794 9.024533
8.978834 14.535295 9.039364
7.412356 3.985817 8.993259
16.403444 5.876265 9.000945
12.891243 13.994624 9.031607
6.006398 9.439730 8.946975
10.332033 4.293545 8.998776
2.332826 1.333545 9.025472
0.901088 7.335646 9.008046
2.694112 8.843314 8.991385
17.393881 10.033654 8.973708
5.135965 2.479058 8.994977
19.254728 10.603447 9.028030
6.790098 5.432806 8.996699
8.187919 14.181285 8.992222
16.202428 9.811408 9.010586
4.470773 13.808133 8.989155
18.216420 0.425172 9.005527
13.052491 13.549097 9.015231
1.231107 13.154089 8.995548
19.207580 7.665887 9.002862
5.758340 14.611815 9.018417
4.653444 11.202628 9.048088
17.964709 14.903589 9.006272
6.489741 11.312856 8.994549
14.448772 13.696326 8.984394
0.662486 2.950058 9.012954
18.423718 2.954179 8.963497
8.183708 7.594307 8.965643
3.589634 10.912460 9.001882
19.615160 3.955906 9.024397
14.823465 6.243531 8.985300
15.872744 2.583038 8.985964
9.998053 13.882085 8.986992
13.804198 11.155711 9.006684
5.815753 0.569895 9.017986
10.373484 0.348707 9.010998
7.579916 14.915753 8.995052
8.492137 6.010479 8.970527
0.083881 9.030839 8.998362
16.196698 14.222230 8.977525
4.364610 14.340265 8.995117
9.469777 1.470700 9.011563
13.182286 9.540133 9.000804
0.699896 14.880300 9.044214
6.852340 2.751343 9.044336
5.266434 9.947161 9.007311
2.675772 11.612672 9.024138
16.233199 1.121263 8.996182
10.819221 5.770707 9.017677
9.103185 3.065876 9.015097
2.674155 0.840357 8.979265
10.265688 1.511781 9.023426
5.354574 5.131589 8.973626
2.541039 8.703247 9.003309
10.540603 14.283667 9.023369
13.608523 14.034753 9.009151
1.158291 13.106972 9.022784
1.118129 11.618028 9.021756
14.764607 0.604639 9.015208
4.125754 6.058927 9.001651
3.027303 11.697468 9.012759
19.237478 14.535364 9.017041
3.579565 6.934564 8.989612
13.685673 10.542061 9.012508
16.285323 14.934494 8.984886
6.566401 9.375941 9.050938
9.297111 11.687331 9.003679
11.103652 14.496746 8.971483
4.047920 10.627521 9.024157
5.935267 2.015717 9.017250
19.249907 14.708366 8.992733
5.451553 12.022905 8.997527
16.212586 3.997561 8.968582
10.694999 14.803075 9.003434
12.897159 1.217355 9.003262
9.144667 14.084761 9.010993
11.793797 12.670636 8.981178
10.799262 4.086210 9.013597
9.610783 12.911714 9.024698
16.048586 0.887497 9.026362
17.618472 14.260691 9.002795
5.093988 9.093661 9.002459
2.747652 7.797745 9.004542
16.224131 14.870713 8.988673
4.192909 0.409000 9.001072
17.307909 7.676449 8.976614
2.014868 11.049057 9.011432
1.793055 1.734481 8.977464
3.647268 0.224557 8.974741
0.243931 9.224516 8.987261
14.979101 5.082862 9.014384
7.938694 7.234124 8.999462
18.915919 9.315090 8.952517
7.333492 5.792367 9.011435
14.046261 3.213802 9.030406
13.669803 3.622817 9.017832
6.480856 2.819428 9.033646
17.857338 10.752801 9.028256
7.910622 2.028407 9.026936
11.012238 14.603623 8.999896
7.930077 0.087509 8.999809
8.705349 4.567079 8.981016
1.109273 12.022132 9.030258
6.226806 1.382201 9.009285
18.958188 8.805261 8.984388
16.625347 4.345841 9.006497
17.587349 14.468926 8.992382
14.241324 3.277879 9.011677
13.047264 1.040459 8.996435
17.949006 9.232850 8.986027
10.758211 5.649673 8.974758
18.302365 13.545859 9.015650
8.340483 13.761800 9.025466
11.927498 11.908260 9.027749
9.464021 1.945626 9.016116
0.372368 9.905302 8.985379
3.946968 1.398902 8.988344
18.531242 0.396181 8.963434
11.971092 2.948847 9.032027
0.940508 7.438250 8.978312
19.310633 6.759198 9.012234
18.561434 11.663068 9.010928
14.218828 7.860397 9.003439
5.688397 3.944861 8.986735
5.907469 2.123983 8.996013
17.316991 8.546375 8.999151
1.234994 10.124831 8.991149
4.737180 3.187685 8.986159
3.323234 9.478653 9.005735
14.306877 12.894762 8.992567
7.619894 3.621384 9.018015
18.346250 12.285279 8.985780
16.056638 14.257290 9.013841
19.685232 14.036576 9.049032
5.954107 2.135908 9.029794
9.493425 0.742919 8.966464
13.196760 10.921856 9.002410
19.495638 5.765372 9.016382
6.907134 2.649786 8.951102
6.544350 6.706234 9.015251
12.537662 8.141169 9.000613
13.283369 2.389631 8.982287
3.756892 0.566885 8.967340
9.079965 11.765662 8.998509
7.548303 6.841764 9.004239
8.412060 3.662333 8.989160
2.779384 14.351384 8.982357
12.994912 11.370543 8.972829
3.789193 6.010198 8.954708
0.479387 4.090010 8.973245
9.908494 10.897431 9.021749
0.780378 10.839942 8.953690
13.303561 13.272898 9.021534
11.882484 0.186941 8.988428
11.340803 9.461863 8.997137
1.896735 4.241830 9.029887
2.471608 14.620979 8.984971
13.309239 0.353782 9.028437
0.661864 7.346388 8.988800
2.359547 10.667015 8.997324
15.300541 11.248544 9.000670
3.336233 9.504469 8.991126
9.903982 7.074213 8.994190
1.971640 13.667211 8.956870
4.716901 8.641967 8.996422
17.565595 7.819022 8.992172
15.059560 12.868404 9.012707
3.798814 6.636126 9.013647
4.303844 9.120021 9.033709
9.462830 4.938252 9.006099
12.621900 3.207893 8.997868
11.655109 6.936663 9.004300
5.693890 5.041774 8.979901
18.927209 0.562970 9.001964
16.730585 7.319026 8.988247
13.031798 9.871555 8.965520
18.154546 0.753932 9.048869
5.895708 8.499847 8.999284
5.979006 4.690365 8.954135
6.186768 0.610328 8.979425
3.203038 1.420897 9.031396
2.799266 10.763104 8.990308
18.212156 8.087739 9.021459
17.166214 14.337781 9.019994
11.061808 10.201155 8.997582
13.186460 14.446865 9.004516
4.808980 4.271718 9.019037
0.415674 8.740284 8.982604
8.843573 8.402574 8.988001
13.401618 7.847045 9.000946
13.605449 13.441105 8.980018
12.102707 7.902068 9.025594
18.471946 3.973279 9.000165
4.184646 10.532415 8.971082
5.294901 3.964120 8.983315
1.635842 1.243389 8.982727
18.744600 8.834863 9.020198
9.094851 2.081248 9.041049
8.018547 10.704066 8.967948
19.720493 6.575455 9.025255
8.554377 12.991295 9.003915
6.692161 6.078374 9.004529
4.184443 5.938357 9.011002
8.810159 6.426366 8.998367
13.709637 10.681336 8.990284
18.297124 2.344635 9.006771
3.804948 5.139147 9.037040
13.858457 4.018152 8.982721
0.132345 5.809480 8.996018
16.043464 13.692664 8.993141
5.604661 9.469751 8.991334
0.757557 7.565633 9.023638
7.872652 1.922065 9.018156
17.837075 8.616253 8.991120
4.683744 11.970551 8.987034
5.736610 5.391163 8.973649
3.350137 13.515080 8.992031
19.637547 5.279549 8.997187
8.630014 2.398615 9.006905
18.968830 12.410416 8.985922
1.839022 8.476764 8.979631
8.978545 7.752315 8.977849
9.473403 13.881562 8.969520
5.103854 12.384386 8.990202
9.930630 14.912700 9.006990
7.024952 10.359199 8.994312
4.931219 8.698660 9.045715
7.307995 8.104253 9.045766
12.737889 5.343023 9.022952
9.365699 2.713184 9.016821
8.203097 12.387061 8.996649
17.061634 0.075362 9.003246
12.903190 13.334459 8.970816
12.741429 3.933105 8.998850
4.471198 3.616636 9.020313
15.003001 0.102137 9.024080
0.771902 5.431938 9.009784
4.272812 1.345954 9.015103
8.248093 2.764285 9.060948
17.775364 10.341680 8.989712
0.558329 6.211536 8.981611
8.909669 0.174095 9.036808
2.396860 4.756339 8.999142
4.581503 0.103719 8.996616
8.078473 13.749903 8.988510
1.976171 12.914432 9.004204
16.569689 5.327107 8.985427
1.609319 3.623695 9.016316
11.682922 1.603666 9.021601
3.293628 10.590082 9.016538
2.144773 1.803811 8.978220
9.249256 10.065606 9.022296
6.912435 3.868633 9.034694
0.906742 10.952188 8.975869
1.297014 5.920313 8.972611
5.982872 2.060782 9.028570
15.676209 4.194568 9.016637
17.045660 10.331775 8.980317
1.360758 10.267289 8.989163
3.388424 8.980048 8.977620
6.765403 4.870592 8.955825
13.028789 9.512279 8.997062
5.687768 0.606539 8.984822
4.420675 9.039456 9.030850
11.746055 11.681511 8.958711
13.637493 2.038479 8.996436
9.789351 12.250882 9.006482
13.358788 13.574822 8.995684
0.088200 14.418475 8.991459
6.541409 0.449070 9.019203
12.183003 13.439735 9.010227
13.061956 0.970128 8.982546
3.845148 5.694371 8.985897
6.631424 8.205766 8.989895
4.516848 3.323396 8.986545
17.956051 5.179253 8.999949
5.921095 13.620067 8.982099
17.668679 2.666836 9.024770
17.637436 8.068679 9.014160
10.499090 12.390741 8.972573
17.409147 3.600124 8.952180
1.556407 14.034433 8.973288
2.540626 14.704194 9.023185
8.149034 3.975756 9.013378
13.850012 7.116142 9.019949
19.452543 0.187393 8.984310
9.340771 14.390416 9.024188
0.130512 2.104061 8.994152
3.629198 6.407796 8.985662
8.749498 10.094730 9.000353
13.791125 9.764353 8.989143
11.730538 9.823679 8.988538
17.516064 0.233678 8.993233
5.319135 11.002175 8.977316
10.807159 11.199433 9.012280
2.860258 8.207883 8.990242
12.884685 10.990992 9.026705
15.240734 -0.007704 9.008846
10.241677 2.544249 8.979358
8.969464 1.110433 8.981605
3.698596 4.715755 9.007345
18.667483 3.042884 8.983727
12.141012 2.809620 9.010547
16.308384 6.306104 8.967021
0.490536 9.375773 9.004620
5.027238 8.138525 8.988612
9.637394 12.558151 8.990298
10.688101 5.923000 9.010444
8.106548 6.097569 8.990155
6.756106 0.161215 8.986041
9.033410 11.386214 8.940299
7.321208 9.036324 9.001160
0.809016 1.875909 9.020522
13.827605 2.874337 8.987484
15.446092 2.551392 9.001419
6.226686 6.116865 8.985402
19.325804 0.570662 9.006868
19.769875 11.682279 8.980098
11.410576 4.791778 9.013081
15.878131 13.795234 8.958852
10.941599 4.092178 8.996459
5.239418 5.507682 8.979813
1.404062 13.822175 8.997323
6.884286 2.544970 9.003520
3.745000 12.672004 9.008189
18.427340 2.285332 8.977713
19.430527 7.455333 9.001040
10.614685 13.128758 9.007204
11.262292 2.376986 8.967793
18.654700 0.550216 8.980141
14.955362 3.570307 9.009963
3.266803 3.910755 8.994025
19.047775 6.082020 8.981782
11.424686 11.196011 8.982944
0.407582 0.768626 9.015903
3.890458 8.573493 9.011699
15.965549 10.906835 9.011201
2.569654 12.081803 8.986149
17.000040 14.519243 9.007532
15.728628 12.411318 9.010763
0.727896 1.563102 9.017077
6.600064 2.656127 9.009463
10.129373 10.822291 9.025717
1.518529 3.161122 8.985932
11.564379 3.701794 9.011804
19.639888 12.721465 9.007185
12.003263 6.923954 8.969404
9.854112 5.989128 9.020185
17.342635 7.049072 9.014869
19.270424 3.842109 8.987683
18.027168 1.289937 8.986720
0.749234 14.650890 8.964988
1.984968 4.390103 9.002320
12.275383 7.701440 8.995070
4.540768 0.900742 8.997524
10.382830 2.273122 8.955847
16.763520 1.558109 8.986054
18.756347 0.762645 8.996387
6.654877 9.751992 9.021495
16.963551 0.263844 8.981743
10.107730 6.871799 8.998208
13.184723 10.005124 8.979963
2.487560 5.454010 8.974144
1.236022 2.220745 9.002969
15.567355 3.342697 8.931394
11.977746 2.314347 8.995751
16.501359 4.446776 8.984172
2.298118 5.361553 9.013695
3.432161 5.914570 9.018585
1.261107 3.345128 8.943217
13.013200 3.511811 8.989197
12.294899 9.593062 9.009359
8.503430 0.356974 8.976954
2.692674 6.635483 8.991911
0.511333 13.943323 8.976640
5.148008 11.437225 8.987857
0.074460 4.982773 9.004840
18.968464 8.232688 9.014587
3.404361 14.742234 8.966028
5.318128 10.745324 8.994758
15.923649 8.811105 9.004547
19.906144 8.396934 8.999855
12.386981 13.393227 8.957817
5.068907 2.959939 8.998162
9.043091 8.680743 8.997287
1.158286 5.257595 8.997828
2.176853 7.062490 8.997975
14.228320 0.582200 8.969798
16.573540 11.921709 8.984829
5.374254 2.771156 8.992330
14.779358 8.427128 8.981534
12.840585 13.833180 8.983291
10.202628 3.806174 9.014656
5.820989 4.933286 8.979178
19.689999 6.093001 9.007303
4.991576 8.191090 8.995695
4.162882 3.436050 9.012889
2.220479 11.077878 8.999976
13.222128 9.459159 8.958942
18.023408 1.402468 8.994611
2.708461 7.637715 8.980307
2.074169 5.410526 8.972902
18.078620 5.276319 8.972793
13.190285 14.712401 8.982089
19.369989 6.077411 8.981665
14.198213 0.379315 9.006678
15.476794 5.310501 8.991016
9.237488 8.983320 8.999468
4.727886 7.909299 9.017554
11.420885 1.185244 9.002518
7.173898 2.529388 8.988914
9.375327 11.545448 8.997798
10.330476 0.060998 8.996529
0.555599 3.469518 8.980340
12.144632 14.709850 9.015704
7.181022 9.836903 9.012841
16.247242 3.694908 9.018748
1.117110 2.892466 9.014578
11.113593 6.208883 9.028548
7.205468 9.687704 8.996302
1.882669 2.539989 9.000071
8.279539 11.230199 8.965830
8.197310 0.620600 8.986969
15.034927 2.954595 8.997437
3.045311 8.833095 8.969412
16.623929 10.565800 9.026072
0.994137 10.067701 8.990776
10.263286 3.892342 9.012638
13.005167 5.766829 8.987390
0.255240 0.541854 9.026573
1.388810 -0.028843 9.011330
5.517488 6.239371 8.986673
7.640681 8.170439 9.016432
6.923863 12.308465 8.965514
19.401624 14.447205 8.989309
3.343787 8.982416 9.001235
17.815098 12.263218 9.016974
18.891190 1.953067 8.999282
3.496161 12.271692 8.988759
15.168560 3.804411 9.006201
19.969164 6.143602 9.032896
4.958572 0.314844 9.035951
10.039165 7.056551 8.960092
15.168673 9.736047 8.972758
14.704594 3.786566 8.987834
16.695977 12.152780 8.998968
6.928627 13.912096 8.990346
2.419043 8.576142 8.991975
13.554010 3.653279 9.010776
6.806342 10.597340 9.034884
12.904849 4.396435 8.993572
9.529254 2.468890 8.988998
9.165191 4.277564 9.005460
17.643054 6.598811 9.023934
12.849243 3.382633 8.995726
12.482841 5.053432 9.007379
19.429747 5.968845 8.985820
5.402060 11.291040 9.008097
13.823734 12.861936 9.049050
7.093734 12.364307 8.993148
11.981923 2.895231 9.015279
16.287247 12.126722 9.037889
18.427551 9.600896 9.012250
8.541123 3.549973 9.008902
16.658528 5.628137 9.008148
6.718544 5.204064 9.007401
13.254723 6.528150 8.980339
17.548315 12.696903 8.982131
13.663604 6.183302 8.991122
14.159638 0.825283 9.024743
16.742724 11.071863 9.007430
5.076558 11.809204 8.989527
14.958689 8.569931 8.983653
12.752000 7.120393 9.000334
10.904393 11.603959 9.022110
19.518431 0.345840 8.963039
8.252597 8.780141 9.026814
4.692923 14.305145 9.006147
16.733655 11.912440 8.983197
3.690202 4.153867 9.005949
14.895103 13.751732 9.008761
18.560711 3.050895 8.983474
16.424021 8.181647 8.988930
12.706579 9.360186 8.990531
18.446579 0.506888 8.998552
9.802541 1.900538 9.002284
1.475979 8.147877 9.021715
14.681500 2.728893 8.981487
14.333430 6.321527 9.014901
17.268481 10.651448 8.979228
8.159312 9.371533 8.975424
2.891801 13.100591 8.989037
2.054600 13.827141 9.028408
6.912199 13.900503 8.985548
15.853681 5.875777 8.972536
10.478398 1.833685 9.005101
3.433065 9.955738 9.044775
4.819199 13.767452 8.989143
6.987904 11.581846 9.032791
9.596090 10.419388 8.991713
16.776090 12.006045 9.011657
19.846704 6.157234 9.014634
11.998850 7.525143 9.032799
7.773850 2.985441 8.995365
3.678341 10.086788 8.993194
10.214087 5.245777 8.973847
12.317361 4.005924 8.995911
6.546212 3.770787 8.986902
6.485236 7.642003 8.988023
16.537923 8.102429 8.996474
13.159008 12.379996 8.999425
9.022525 13.719337 8.993980
11.132312 4.651743 8.986634
10.105374 4.970203 8.965922
3.486101 4.194181 9.022388
17.443127 4.543580 8.987188
1.820441 10.933103 9.021692
4.256757 9.444640 8.966417
11.239208 1.150308 9.000856
9.201914 8.596270 9.012760
11.902326 12.698567 9.011478
18.425112 0.941406 9.007918
5.725520 13.555784 9.026278
2.967815 3.875849 9.000533
2.377121 4.923158 8.996871
1.172243 5.987073 8.999620
15.814652 2.104740 9.008058
9.141803 1.508782 9.017201
5.135476 3.646610 9.014720
13.478521 0.029687 9.004818
15.581851 8.676669 8.989849
18.743768 2.006020 9.006115
7.978541 1.429027 9.002407
13.793560 8.431911 8.991646
5.389465 8.917699 8.989734
17.312808 9.867371 8.975362
18.168883 7.550405 9.004895
12.645230 13.224500 9.019569
13.188951 1.860541 8.991327
13.214724 11.793109 8.993561
11.810288 6.151296 8.975674
8.793348 13.536159 8.976119
14.809956 3.501631 9.030935
19.533276 14.220389 9.004156
14.927507 13.021812 9.000586
6.171018 2.594481 9.001187
9.976083 6.481684 8.975746
11.902220 3.636407 8.984542
1.646036 2.144853 9.005787
9.848526 5.839195 8.993478
1.997005 7.992539 9.009968
10.214237 6.037593 9.056850
1.744041 4.973506 9.006922
7.203547 4.933328 8.996573
19.123358 2.383462 9.000091
0.136719 3.319861 9.012453
5.479053 7.967900 8.989382
7.426904 2.426272 8.972982
11.784789 12.380495 8.991063
19.322667 11.050686 9.002884
12.777456 14.829000 8.992049
17.875508 4.754598 8.992984
3.252511 2.733968 8.986501
5.773560 1.107210 9.003627
17.718988 5.248837 9.009308
0.085028 13.834825 9.035765
9.062554 8.865042 9.024239
9.021779 14.378781 8.993959
18.943106 13.705329 9.009039
8.967937 5.715156 8.977568
18.144029 6.570344 8.952911
11.707682 4.502478 8.975413
5.982524 11.130424 8.989769
2.971915 8.536672 8.973606
9.850591 0.944534 9.002485
0.388312 13.797398 9.010950
6.725344 11.793337 9.011028
10.472686 13.991076 9.021496
11.179251 3.695888 9.017016
8.862789 11.299741 8.966555
19.267731 9.500554 9.010733
2.953083 1.804405 8.990194
19.942252 3.906220 9.002961
13.812274 2.881977 9.036673
16.523268 2.262496 9.049502
12.710184 9.772502 8.969603
4.290362 13.002597 8.977569
15.023603 14.850713 8.993336
16.997868 3.239471 8.962826
15.021293 10.135589 8.979356
17.500473 1.186868 9.006249
1.259009 3.591553 9.033649
19.231229 12.722863 9.040126
18.789057 14.112980 8.989970
17.898187 14.535649 9.006765
12.767556 6.958502 9.019139
16.951574 11.021755 8.988084
12.071135 5.551806 9.000075
9.861928 10.513837 8.981189
18.635798 2.243236 8.993258
4.135368 1.862265 9.034995
17.039991 14.745592 9.034423
8.796951 4.645224 8.960258
5.840835 13.423228 9.028377
10.112293 0.315222 9.022313
12.763508 12.505356 8.966010
3.616487 14.081507 8.943875
14.998777 0.234386 8.973411
7.896826 5.815955 9.025802
14.088564 12.129568 8.992900
3.122250 0.064491 8.975363
1.157877 4.579359 8.982598
3.262480 3.872463 9.027975
3.638138 2.014558 8.974612
15.219074 1.391347 8.988976
9.846170 3.725138 8.981208
15.294563 2.972409 8.983384
14.945573 14.611037 9.003262
4.904578 0.308090 9.029292
18.241004 1.923627 9.009535
15.371466 12.128837 9.017179
1.732562 11.418441 8.972904
11.409745 7.077297 9.018123
8.279214 5.750467 9.012710
9.155103 5.204331 9.000409
7.336425 14.591390 9.023516
9.915316 13.032232 8.999053
7.119516 3.937424 9.009193
9.261432 6.960055 9.022576
10.843295 11.185121 9.029721
14.595742 12.372347 9.001587
3.061610 1.808807 8.981935
2.680427 14.344092 9.010441
9.963818 12.288013 9.011206
9.503815 7.548256 8.998732
11.266433 7.495086 9.011152
12.241506 7.620179 8.994723
5.480332 12.233241 9.010065
12.984265 8.232803 9.020952
9.914950 12.204221 8.959561
9.929955 12.960849 8.969106
11.866527 10.542717 9.007634
12.261570 0.736529 8.997016
12.315185 6.734116 9.025757
16.637533 3.844063 9.039997
9.984528 0.684139 8.976795
18.775423 9.705355 8.988509
18.928318 7.673844 9.002555
6.720209 0.923702 8.997245
17.649102 9.310983 8.995176
8.407854 2.863877 8.991490
19.494006 14.075166 8.989863
18.516088 10.452432 8.984088
8.777210 0.006851 8.967592
7.004939 13.052365 9.023119
13.706173 0.985753 8.994936
7.364153 0.168968 9.004265
13.231990 5.937805 8.986236
8.389294 2.333340 9.008606
10.040638 12.250705 9.003033
7.587563 14.198098 8.995481
15.983104 11.780299 9.003366
12.032715 5.550848 8.980735
13.648932 4.356239 8.994897
16.401334 5.132453 8.999306
15.897120 1.325987 9.023838
10.181330 13.583636 9.007769
5.106161 3.633582 8.993273
7.280569 3.749439 8.996483
11.038473 10.745626 9.002229
4.806403 9.246123 9.001890
15.630550 14.357864 8.993126
4.590693 14.749155 9.002728
6.719201 6.275702 8.944884
12.656407 13.805171 9.030063
13.967887 14.344518 9.010393
7.894946 12.858542 8.999573
15.139631 13.966446 9.020757
18.032277 9.013481 8.968565
3.293332 1.711859 8.999093
18.282624 12.894275 9.002594
10.725887 4.590210 9.003154
8.984795 13.876068 9.000899
15.917242 7.777707 8.996435
15.653481 7.333996 8.999152
13.675363 12.467249 9.041229
8.208703 5.825388 8.991725
5.390681 1.608231 9.008772
7.192766 11.747528 8.979990
11.495465 4.369137 8.993794
11.270051 12.668803 8.998603
18.482357 13.691700 8.980716
9.119843 5.900401 8.988924
13.296816 10.034177 9.034489
13.193455 0.243313 8.966528
14.634204 11.912881 9.008822
19.883713 6.865766 8.992616
16.046420 3.956642 8.958687
0.803251 13.116584 8.978721
16.214294 6.170427 9.025981
19.976007 12.316560 9.017967
0.799530 6.355117 8.971681
11.970878 14.242476 8.961404
11.970953 10.040308 9.009510
10.470922 10.026814 9.009509
17.526548 1.843334 9.007930
16.265715 11.226247 8.995254
3.438111 7.802927 8.965172
2.083786 10.776999 9.023877
3.354124 12.995675 8.994603
17.703428 10.572082 9.006492
1.972212 7.481525 8.980605
12.949115 12.820970 9.026431
13.662206 11.080246 9.021399
4.364288 11.510216 9.024968
4.651297 13.676655 8.951703
16.715747 2.064156 9.003455
8.437277 7.474593 8.983368
9.976529 1.901822 8.990785
7.948273 11.281343 9.013272
3.618768 6.470234 8.986944
8.750870 10.795519 8.945557
5.392885 1.826493 8.985837
5.967068 9.330857 8.988633
4.056294 1.689955 9.029187
12.542474 5.299563 8.983206
5.763114 8.031165 8.983702
3.310049 10.373151 9.017483
16.130843 7.563887 9.009267
11.516838 10.969973 8.969371
17.180199 2.621032 8.994108
15.639147 9.645098 8.985431
7.461360 5.785319 9.038130
11.259605 2.321461 8.983764
19.737676 12.821090 8.988808
7.169156 14.649358 8.997751
4.773646 3.625848 9.009501
3.257371 2.347281 9.017970
18.797128 11.486598 8.981557
4.997644 14.849787 9.034830
18.559800 6.258734 9.018699
11.861298 11.857018 8.983804
11.757480 2.229289 8.964940
8.003496 3.386392 9.036020
7.945668 2.119687 9.020954
6.412647 9.975448 8.966471
14.604297 8.792329 9.050531
14.752874 9.948645 9.025520
10.597687 2.524401 8.995402
9.048380 1.213639 8.977236
12.722379 7.988565 8.998769
9.819063 7.957412 8.988776
16.469432 6.345437 9.005781
1.303563 10.205919 9.012437
18.042761 6.287106 8.963114
10.495481 12.851081 8.995409
10.166578 11.688809 8.985069
7.837735 5.057514 8.983356
10.660636 13.404639 9.012771
4.387832 7.378348 9.001541
9.945795 6.973674 8.983824
7.953463 10.829158 8.991753
5.869847 14.327498 8.990799
4.223334 0.514096 8.991019
17.182576 2.624451 8.972070
16.986383 12.106404 8.978237
9.699493 6.670657 9.004985
4.619016 12.840415 9.003338
8.992163 5.283125 8.986475
18.518356 14.661769 9.013425
15.561594 3.241192 9.019270
16.120819 14.267408 9.002818
14.066386 11.839084 9.000926
14.462350 14.642505 9.035861
3.035487 2.391200 9.006591
6.945573 5.284966 9.007456
16.610498 2.993447 8.969337
3.550480 12.462171 8.988010
1.530653 3.988214 8.999387
16.894458 7.871535 8.990124
15.603979 2.924283 8.976552
3.131530 10.602502 9.002267
10.572469 11.168342 8.957000
0.867770 1.710517 8.994431
2.970866 10.244845 8.991351
5.165124 2.494872 8.989991
14.084391 14.322457 8.994824
6.108649 13.182848 8.981093
16.203644 2.975201 9.013865
0.472545 5.096283 9.015931
0.094234 8.957930 9.031597
6.002532 12.087997 9.014498
14.604650 14.134048 8.994147
19.053966 6.300379 9.017717
6.311297 7.343983 9.012018
11.124489 2.360156 8.999921
0.818886 5.234711 8.988952
0.019616 14.879272 9.013300
0.345356 14.073072 9.002343
1.906540 6.255326 8.985841
17.473453 3.374977 8.977976
12.835296 8.584989 8.994946
17.967236 6.325361 8.997530
16.718475 11.287321 9.069971
15.303680 9.424681 8.989569
7.035397 9.933121 9.032109
2.697164 5.597963 8.982551
2.082014 9.246710 8.982787
0.480801 10.381398 8.990717
3.572131 9.731037 8.983027
0.383585 10.412543 9.028959
13.737867 13.360208 8.990116
7.758416 4.044275 8.989577
10.526528 2.352474 8.985850
9.580090 0.536942 9.007133
5.686410 10.474974 9.023969
2.284669 5.002630 8.950908
10.839723 7.572723 8.984586
17.281580 1.134390 8.981967
14.995904 13.892614 8.980261
18.609115 8.860234 9.000265
7.115750 1.856645 9.001345
16.901340 6.133586 9.005036
14.454104 4.695434 9.026156
18.859648 12.990664 9.003221
5.771106 13.166758 9.004300
16.077194 11.876928 8.945317
10.164926 5.810541 9.001161
8.741921 14.172509 8.972310
9.300710 4.111517 8.987863
8.624272 9.965540 9.017415
17.525815 7.852296 8.991305
18.891384 6.549810 8.969539
13.248390 2.854783 8.970300
3.877504 3.609990 8.992007
8.425225 12.330659 8.957251
7.103761 10.023210 9.028900
13.411694 13.963601 8.976775
1.405628 10.195518 9.021721
13.074159 0.887804 9.024510
9.310009 1.749484 8.970254
5.226749 10.873982 8.987036
1.246886 3.740889 8.998893
1.098109 3.751384 9.023410
17.822182 6.116811 9.019741
11.540645 11.166068 9.019444
11.018038 9.595360 8.992386
0.330324 2.905872 9.039358
15.396560 13.463934 9.016805
4.208851 14.572696 8.975033
7.693849 11.855633 8.944233
12.938235 2.868966 8.997805
2.663700 11.893985 9.001388
15.939319 7.850934 9.000028
16.707889 0.423543 9.018479
10.367253 10.004187 8.999974
7.290210 14.682110 9.006370
5.013384 6.482010 9.026202
14.464845 0.976831 9.005138
6.815297 3.483062 9.004074
16.198288 8.378847 8.964924
14.657110 11.871467 8.992399
7.007584 2.795220 8.982793
4.555148 3.266263 8.960819
7.164049 13.882198 8.988402
6.862311 13.223669 9.005515
19.131787 13.750761 8.975837
12.548310 2.659398 9.014023
13.157662 13.992389 8.992783
5.664164 5.068019 9.010064
7.313051 7.758758 9.000332
9.335290 6.803717 8.989856
19.532785 14.633540 9.003210
13.314614 3.953862 9.004517
3.077244 14.381934 9.002941
19.828446 14.392956 8.982800
5.417262 13.786624 9.008574
12.437585 5.373339 9.025203
17.541328 5.614675 9.020916
12.313456 3.028815 9.016761
18.547772 7.151913 8.996618
16.969650 3.743448 9.011459
0.724737 9.425726 8.988423
13.736828 13.005264 9.003225
14.379663 14.283568 8.984406
7.425761 6.565788 8.972446
18.183916 6.476454 9.032973
16.021263 7.710557 8.977487
7.384195 13.676303 9.001648
4.434233 1.191147 8.988239
4.281063 4.603324 9.002500
4.384325 2.954815 8.995724
11.786922 11.588542 8.981809
12.845424 5.684002 8.961392
3.005135 14.489476 8.980112
11.019984 14.692758 8.997821
5.017554 13.221185 9.002344
18.186474 7.625741 9.007146
17.142810 13.992771 8.990856
2.314082 5.640585 9.021877
5.039507 5.880481 9.001239
18.856894 7.104741 8.993804
6.035018 10.444912 8.994653
16.336871 0.967839 9.020718
1.003690 8.015081 9.053363
7.766254 14.492183 9.016117
12.269846 1.000629 8.979140
7.994232 1.266937 9.013475
15.836686 14.179922 9.008808
19.602249 12.459699 9.008971
10.268451 -0.027801 8.987665
9.288478 6.747812 8.977092
14.086224 4.599357 9.014592
15.086919 2.532374 9.004425
1.178902 0.759432 9.011019
8.766096 3.726301 8.974986
9.994494 9.793747 9.018697
6.161582 4.556875 9.020710
15.174750 4.608313 9.016965
17.758732 3.957330 8.996410
16.908158 1.439341 9.017999
12.663810 8.855125 8.991179
15.866914 10.916239 8.988530
4.668195 14.708580 9.008236
0.542109 3.387399 8.977092
10.278980 2.451089 8.974675
8.196235 10.619872 9.005496
17.648911 4.834261 8.971632
15.763829 7.645776 9.020713
7.633688 10.658117 8.996758
0.338390 6.265180 8.998486
5.518709 5.595859 9.021385
7.218786 6.626121 8.980626
13.540414 6.859880 9.004211
18.037084 0.018147 9.023080
4.376497 2.845034 8.954298
15.689873 9.138049 9.031654
14.568980 0.271081 8.981803
7.059182 4.145527 9.032584
0.308418 6.593243 9.021537
0.649148 6.629686 9.008704
12.372164 0.675885 9.021503
16.944762 13.104826 9.015562
12.679449 1.381033 9.041619
15.448999 13.140939 9.007097
10.054983 14.855635 8.940809
5.291091 2.647217 9.018074
0.795424 1.058022 8.995890
16.350886 1.829457 9.019034
9.482110 12.763955 8.975204
17.550143 14.579932 8.979504
7.388948 8.870112 8.974333
5.518952 14.233963 8.997626
13.305610 11.562643 9.022204
12.110189 8.531743 9.046630
14.099538 13.774275 9.027032
1.845568 7.011332 8.981040
1.669365 6.170779 8.989248
11.415891 10.794628 8.987197
10.978601 11.214965 8.999137
1.834140 5.319646 9.004026
8.584567 7.135442 8.998044
12.662904 3.228352 9.008956
10.841116 1.816101 8.979273
3.726332 5.264911 9.001209
18.561633 7.368237 9.011860
0.730508 2.362722 8.982644
5.445671 2.438715 8.986654
1.365363 1.823165 9.005449
5.693212 13.160877 9.020490
13.692778 10.440648 9.007333
0.504638 2.204537 9.006288
0.770391 9.966386 8.964402
4.113678 7.259282 9.002340
0.560789 8.470106 8.988646
7.774701 12.438180 8.990673
4.611411 7.129741 9.004943
6.457813 4.331116 9.004213
16.742206 11.711687 8.987946
8.640098 2.398147 9.030744
0.288736 13.853266 9.005704
10.960448 14.139045 9.000437
2.212189 5.137609 9.020229
1.180537 11.596400 9.020160
6.550161 13.831443 8.992170
5.475944 13.795269 9.004447
2.264005 1.705587 8.995005
5.987405 2.552098 9.000891
9.688994 7.324332 9.025644
5.001160 8.270455 9.003768
0.633004 5.122735 8.975286
17.853972 1.179277 9.028316
13.035723 6.445264 9.015953
14.159566 4.219225 9.003028
8.165893 6.735061 8.972630
11.467118 4.107587 8.962135
14.078002 6.560286 8.961078
7.125589 8.813958 8.982223
16.610565 5.394987 9.012199
15.472244 3.170835 8.981723
5.757506 5.960837 8.941338
6.680728 3.910122 9.003413
3.643560 0.995379 9.006739
10.067906 9.480815 9.010236
16.237045 9.504801 8.974137
11.279065 4.751331 8.986036
7.116889 14.390361 8.998383
8.181201 11.834533 8.996996
13.832072 13.557813 9.020743
10.269852 7.049202 8.962946
11.060740 7.872348 8.977544
12.193822 10.373692 9.057783
14.822479 8.827775 8.986726
12.518034 10.045935 8.966521
13.644714 6.463618 9.015247
13.338962 2.001512 9.022215
18.525675 12.175222 9.007702
14.763205 5.818390 8.998085
10.939293 9.154075 8.992804
17.950204 5.525796 9.016305
17.992363 7.245485 8.970578
7.025100 9.583300 9.035758
16.125470 8.670527 8.989628
19.635878 2.091465 9.032315
4.121776 3.565582 9.001986
7.937653 2.610084 9.024200
8.291932 8.648556 8.999224
12.219556 5.914532 8.992780
19.263915 3.668781 9.027879
6.114327 0.650233 9.007372
15.060920 11.514598 9.001700
15.596406 0.816215 8.977608
13.934898 5.725790 8.967755
11.741713 6.876886 8.993366
11.428245 6.795073 8.987183
5.605596 2.055026 8.987221
2.734944 10.626487 8.970162
6.670130 3.429736 8.986561
4.588152 9.464861 8.986252
13.113625 5.688338 9.001545
17.057789 7.844355 8.986136
3.165204 6.815478 8.992490
13.180033 14.315658 8.961353
2.457704 5.196207 9.021393
7.598580 2.286546 8.986732
3.477368 5.396359 9.007690
5.991617 7.464822 8.991035
17.171701 0.987388 9.037905
8.399490 13.772811 8.992738
2.167403 2.968734 8.983538
3.990967 13.989910 8.990986
16.881481 6.049398 9.002075
8.177025 8.314194 8.982216
18.716681 10.221923 8.955190
11.197096 0.970738 8.984149
10.130018 6.214169 8.983579
9.121925 4.267013 8.992380
15.465015 2.535566 8.983646
16.702269 10.033038 9.003882
2.522376 2.495445 9.030933
8.130033 8.751081 8.998173
5.649436 5.863050 9.027585
17.992802 14.662690 8.999220
14.701477 13.587857 9.000758
5.841094 0.115636 8.966895
8.145160 12.186502 9.027881
8.349505 2.518515 8.985043
18.641332 7.055700 9.013605
9.446645 12.187105 8.993323
0.353814 4.320848 8.995057
14.599695 11.034482 9.001418
1.969769 3.567303 8.999809
12.592566 13.075935 8.986888
10.288448 6.577204 8.977169
15.267373 2.965678 9.033440
10.977065 0.794951 9.038488
3.498185 9.106312 8.997809
17.879206 10.226932 9.009064
18.093107 10.169105 8.981513
8.402621 7.444987 9.012854
12.176244 6.043027 9.029822
11.012543 9.291603 8.997545
10.682356 0.481841 8.992388
1.803834 3.588032 9.013942
9.857736 3.804868 8.959876
4.505795 11.691478 8.976533
15.931709 6.657775 9.025548
17.002677 0.694137 9.014108
0.367983 13.397428 8.972536
14.734759 5.799152 8.996650
2.309110 1.152828 9.006088
0.212444 6.303526 9.005707
0.312381 14.238361 9.026474
9.331796 11.985336 9.028273
16.263892 8.897502 9.017463
6.213188 11.385263 9.013144
18.476140 7.741764 8.992931
8.441963 12.091112 8.977999
3.774650 12.592340 9.000620
9.216904 5.068363 8.988739
12.511834 6.700867 8.990816
10.098603 3.403174 9.011580
8.805956 10.256557 9.027371
3.782779 2.075282 8.992861
13.970216 7.069990 8.969527
7.001257 14.484700 8.998446
19.412537 6.991179 8.988293
7.988902 0.995546 9.003907
4.433877 0.247242 9.028529
17.209643 14.231656 9.005310
4.171025 10.612679 9.003440
3.375740 10.673727 9.005984
14.380918 5.577971 8.989243
5.944331 7.530509 8.975542
8.330821 8.406096 8.965642
9.027102 11.476629 9.008210
15.707646 7.620593 8.957934
11.493010 4.588307 8.996318
14.835038 7.999900 9.011455
19.749328 10.227024 8.996240
14.212693 0.868329 9.011545
5.564136 7.108661 8.990820
15.324263 5.189834 9.007422
17.006048 13.423154 8.995068
8.627913 5.833077 9.051292
13.195120 9.420622 8.991297
9.790794 6.819551 9.001995
2.541749 12.225622 9.017620
14.593372 13.941425 9.018276
8.893404 1.286004 8.989177
6.928463 0.279993 9.052786
9.350689 10.594983 9.003132
11.658595 9.472045 9.018463
15.142894 8.350642 9.006124
18.159390 6.471865 9.000185
13.665328 11.254342 8.987664
19.881136 10.555638 8.959453
3.141135 6.267854 8.996154
3.048683 4.873122 9.009659
15.802702 14.422870 8.991074
12.682685 6.069982 9.010925
17.236934 3.160169 8.990294
13.556669 14.414429 9.009855
0.260156 10.610478 8.979963
13.438149 8.401952 9.008710
4.223972 11.480697 8.975115
8.919627 3.318144 9.006110
13.802930 8.359435 8.974731
13.117331 4.151008 9.023785
7.662258 12.933955 8.978461
14.259598 2.019804 9.012962
18.879162 3.262031 8.966716
4.616440 3.651968 8.980867
2.393204 6.556435 9.005894
2.712739 1.973599 9.002140
9.153983 8.191443 9.016820
5.957804 10.983541 9.002993
9.327038 0.102218 8.990642
1.639228 13.288592 8.993355
4.993766 12.770640 9.013204
6.939327 0.771161 8.978350
18.645935 1.052860 8.973399
5.970431 8.601138 8.983459
0.953695 4.735575 8.986030
6.212994 7.376069 9.009475
18.779215 8.535197 8.986075
8.570788 9.527984 9.015405
16.358285 10.986270 9.039271
5.311832 12.874203 9.016803
2.728779 9.080333 8.998210
9.913858 1.584345 8.973914
14.026455 2.055811 8.985345
16.896148 9.187673 9.005134
4.818032 10.617185 8.987386
19.736206 11.290039 8.999114
9.785479 7.783048 8.989394
10.057843 9.025068 9.012946
17.175095 14.589729 9.033512
8.147289 5.229764 8.985900
15.143315 3.236139 9.015653
11.346843 14.565403 8.979815
2.674495 13.742861 9.015899
0.644752 0.103481 9.021887
18.690643 6.004485 9.032484
17.324023 11.021385 8.985744
19.648638 2.666579 8.971172
13.482072 0.510203 9.015025
12.918606 0.524440 8.998786
4.154745 8.500753 8.990521
12.830278 3.449830 8.984366
9.772829 3.904749 9.000143
7.528221 0.224098 8.974582
13.706530 10.924563 9.024940
1.714917 12.651112 8.997132
10.073372 11.050413 8.996157
15.150997 2.042165 9.010340
16.529969 14.366272 8.949150
9.829748 14.397517 8.983936
7.013369 3.922978 8.999754
11.491938 14.785799 9.024986
2.536950 6.666190 9.027324
1.837354 0.617801 9.007031
16.391696 8.601511 8.988663
2.543076 7.918075 9.004868
8.337209 12.870581 8.984914
8.232839 5.352098 9.048564
19.637182 11.524843 9.007656
14.071566 11.798923 8.996360
15.330796 0.545212 9.039498
13.424201 10.101398 9.006478
5.491894 7.170908 9.024842
7.199550 3.005907 9.012623
3.631694 6.245562 9.027485
10.824462 12.894206 8.954849
1.579110 10.318907 8.996114
18.081633 9.402300 8.994855
3.899972 1.251006 8.975404
4.245387 9.998127 8.986063
9.708330 11.367205 8.999976
6.397843 14.269247 8.989446
3.297422 11.954449 9.022746
19.720150 1.191734 9.001222
5.587617 14.168687 9.006750
14.784893 11.897243 9.023536
14.503229 0.032056 9.048020
4.904078 10.723662 9.017847
5.562945 4.516822 8.975577
10.706648 9.057378 8.997035
17.238789 4.244519 9.007976
14.818454 10.980402 8.998874
6.086513 2.781690 9.004536
0.875129 12.515895 8.995559
12.125684 1.092808 8.967830
9.512000 0.362604 9.014905
6.854307 1.985698 9.011394
12.923783 5.777123 9.005398
18.981703 9.831794 9.042855
18.082960 7.196941 9.007333
13.327604 7.166471 8.992214
19.173760 12.973741 8.988572
7.900365 8.392771 8.991579
2.019881 7.651553 8.980842
9.052095 6.268745 9.018540
13.230204 14.658856 8.986083
16.041749 3.636652 9.028343
18.735805 2.355036 9.044751
10.350878 7.372782 8.984458
7.458033 10.179986 8.970128
5.627117 0.327650 9.031083
12.174215 12.852252 8.977833
13.858092 4.250262 9.023723
12.639120 9.660983 8.999767
3.895907 2.591961 8.982634
8.898968 13.091001 9.005280
1.469427 5.399777 8.963148
10.399545 2.808724 9.022157
4.272881 0.318649 8.986965
17.799916 4.665425 8.980001
16.167427 5.698947 8.975115
14.637724 0.515437 8.983142
2.239767 8.320482 9.016014
8.935952 6.866796 8.989278
3.613599 7.392924 8.974476
0.907311 2.004485 8.984381
8.057386 5.766816 8.983023
6.275647 14.538438 9.003302
18.375349 5.355954 8.968542
18.516375 11.883206 8.997820
18.685524 1.865898 8.993066
0.302829 1.854636 8.981511
10.402878 14.969421 8.977514
0.385882 9.713598 9.001957
12.063696 9.965196 8.997693
10.160537 6.378582 9.000819
8.627388 11.398362 8.949451
1.077135 13.909494 8.988537
2.086488 1.203482 8.992102
6.255064 2.594728 8.989046
4.791337 12.964335 9.022310
3.559861 1.198041 8.985731
17.041962 5.388999 8.970973
0.546317 1.218301 9.018249
4.332330 6.112177 8.998395
18.345115 6.698185 8.968490
17.410014 2.680945 8.947035
7.113478 1.234781 8.978564
16.114350 6.258682 9.016950
3.060197 7.714667 8.959414
12.812506 11.066000 8.986949
17.666907 10.889367 8.980934
9.437361 1.038576 9.007501
3.325801 6.555232 8.967245
11.620150 12.647481 8.977390
14.975538 8.958579 9.010964
17.325500 12.844803 8.978705
7.585591 14.231306 8.993866
5.694993 4.996225 9.044617
13.711872 1.958137 9.014105
5.041647 1.214117 9.014289
4.835748 1.895212 8.973817
3.664377 10.230905 9.023208
7.329222 1.789344 8.953725
8.836966 14.324506 9.043585
14.527861 9.872926 8.999117
2.160710 14.340428 8.978090
8.496115 8.425848 8.991469
13.150370 3.025729 9.005024
10.871373 2.505564 8.984794
15.775662 11.522285 9.006764
17.827656 0.002427 8.984512
4.240043 13.136656 8.987062
18.170801 0.437185 8.976515
17.695777 9.055291 8.992366
7.240798 5.818404 9.018237
16.275156 9.165537 8.976405
10.306588 11.751827 9.030341
16.206269 1.658112 9.009635
14.967533 14.194645 8.987296
19.221879 8.950178 9.017931
4.414871 5.763621 9.004724
14.717814 14.662559 8.965991
0.267675 12.181742 9.046672
18.436238 2.442863 8.983455
3.982367 1.329772 8.981091
7.495406 13.840597 9.022107
16.861809 8.766382 8.984374
9.546052 6.980930 8.982027
13.288926 1.153332 9.011790
7.232968 8.099966 9.003314
11.151462 4.078463 9.018541
16.915062 2.912192 8.985639
17.848111 5.883514 8.992997
9.147374 0.515263 9.001176
14.397787 9.020728 8.992204
9.352806 9.276717 8.976643
18.799070 10.419711 8.995107
14.544692 0.338968 8.965770
8.623888 2.629347 9.021330
9.979004 11.528709 8.985307
3.698647 8.638302 9.009817
18.810017 0.150622 8.969694
5.089789 10.967435 9.012152
3.631379 6.256901 9.003284
9.036035 3.972912 9.037027
14.522218 11.290289 8.995302
13.655862 5.361272 9.026769
5.078744 6.787667 8.993209
5.289552 12.912793 9.015793
4.738246 2.261173 8.981144
12.062377 8.486958 9.006144
19.151823 1.560793 8.998271
17.806450 14.665189 9.019139
10.106409 4.706887 9.004355
7.585585 13.647349 9.006912
7.929954 5.484918 8.992145
16.110953 12.691433 8.989346
13.014043 11.467527 8.994411
0.828306 3.474596 8.982756
1.489037 9.668058 8.986406
9.637872 3.496172 9.000244
10.638354 0.323288 9.003311
19.200789 4.486040 9.034264
2.793418 10.642474 8.984117
16.153030 2.685249 9.001369
17.902608 9.389084 9.037132
7.557828 11.484645 8.986480
3.230070 4.678546 8.955896
4.941533 1.526210 9.008320
13.288969 8.939321 8.945960
1.373977 1.970597 9.032982
17.704211 0.069932 8.953508
15.122157 1.981769 9.018877
15.849908 3.982915 8.997232
14.793185 10.184074 9.000258
2.545111 4.998133 9.010274
14.594857 13.760709 8.985766
12.011131 11.132176 8.955813
0.995244 14.826383 8.991836
5.668202 9.971863 9.019626
8.505528 0.319678 9.009792
10.856155 2.237595 8.981500
3.639453 4.034732 8.978011
10.529135 10.563268 8.986022
19.182327 9.691727 9.017230
7.084101 3.065928 9.000659
3.005787 10.480362 9.018345
9.360534 4.199537 9.005093
9.033947 10.059754 9.015635
18.342738 4.685938 9.000946
9.241818 3.142611 9.001955
4.886635 7.401992 8.975197
4.465235 14.731680 9.007965
0.720517 9.688468 8.975546
14.858945 5.259912 9.013517
5.329635 7.780286 8.996737
15.730497 6.616956 8.982233
10.987759 0.457069 8.956418
14.226388 10.101240 9.019846
4.069937 3.057108 8.986933
3.143098 7.995177 9.016471
8.349446 1.043594 8.989163
7.165068 11.825112 9.013132
10.147314 0.250397 9.019940
14.982772 4.805814 8.981004
18.173905 5.751919 8.992605
11.897504 11.570127 8.981768
4.517306 14.608377 9.026239
5.917343 2.884163 8.993100
18.106290 2.073164 9.003656
4.195656 9.327467 8.995948
1.897673 3.292601 9.005487
18.434883 0.372655 8.996515
0.544033 3.477577 8.974994
14.966531 3.557734 9.023337
2.906142 8.286465 9.004374
13.362289 6.747851 9.004489
3.712807 4.999000 8.945177
17.948181 4.356446 9.033845
1.006956 4.010750 8.983571
6.080398 12.894385 8.994963
15.636204 6.900208 8.995913
11.352921 12.790850 8.993138
8.451206 14.964270 8.998513
8.754696 7.448059 9.001233
10.071220 13.917271 8.979043
19.916062 2.629400 9.020885
13.493420 4.686986 8.970971
9.734114 9.877855 9.023334
6.444452 3.593639 9.005663
10.075698 8.890090 9.005226
18.460113 13.497311 9.008675
4.399098 14.605252 9.003392
6.889568 8.042799 9.034226
1.263876 11.063590 8.997081
12.580928 9.061057 8.999406
15.348191 6.291408 9.030096
12.635861 5.332256 9.006939
16.220015 9.216943 9.032942
15.414074 5.157327 8.991698
19.465567 11.237172 9.014026
9.036148 1.884333 9.012673
1.713624 10.771128 9.000748
10.729931 7.668560 9.012755
15.405439 1.226763 8.987572
8.105339 12.575777 9.008964
8.995685 8.263233 9.010179
14.742717 10.986249 8.977118
0.358903 1.838918 8.998510
13.146882 2.299708 9.006644
14.174753 13.179133 8.994614
19.390230 6.996893 9.010825
14.598841 4.429576 9.020118
2.612514 7.774612 9.002824
9.992200 5.569504 8.982289
8.129826 14.600661 9.011097
7.977656 2.955560 8.995028
15.682619 7.926790 8.994399
11.600691 4.926831 8.976494
14.593117 2.477284 8.976224
14.915924 10.203287 9.015650
13.774242 2.048660 9.002879
15.166903 4.119115 9.002824
4.329064 7.300018 8.984428
1.995260 6.348805 8.986505
3.236791 13.627959 8.998276
16.135499 9.750157 8.990741
19.150406 1.038273 8.982190
18.733887 2.176969 8.958909
0.272179 8.800948 8.997667
19.895218 3.411025 9.014368
17.709847 2.936082 9.024905
3.987747 14.818591 8.973938
11.194302 10.656650 9.035669
19.698251 4.536659 8.987112
9.439370 0.447298 9.020827
19.113951 11.929188 8.987582
10.881385 8.674648 8.994745
6.886396 4.674267 9.009871
3.213281 7.914112 9.012718
2.096888 13.437626 8.963274
14.112949 0.960939 8.985384
6.556867 10.978719 9.001339
8.164477 12.965083 8.999667
18.723330 7.813722 9.014259
3.951861 14.399057 9.000585
7.455894 3.477816 8.987518
18.210044 10.819315 8.964005
18.826529 6.388822 8.999253
16.018241 5.704025 8.979560
7.655679 9.533041 8.971210
2.509290 9.145730 9.002268
15.784007 5.492761 9.029382
16.784468 5.613746 9.008809
14.304173 7.210679 8.999356
6.735374 14.865216 8.989394
13.015394 11.983554 8.967877
14.038330 5.509046 8.995158
17.747428 5.456448 9.010266
2.803838 13.462613 9.007156
5.237270 11.693715 9.033171
8.086919 9.822627 8.986514
16.231628 10.723195 9.008861
17.889827 0.832235 8.984138
5.542400 1.394596 8.996254
10.078988 4.722349 8.983131
12.154284 7.111032 9.031348
3.340773 10.655484 8.976340
15.865183 11.757440 9.008352
9.417571 13.259311 9.012111
17.905099 4.069757 8.977871
10.947036 11.218154 9.020838
16.679450 14.912302 8.963462
1.008492 3.147605 9.002478
8.768605 1.039539 9.018623
8.393544 13.439180 9.044032
3.848153 2.011433 8.988415
11.234872 10.819294 9.016573
15.012585 5.783338 9.019103
9.843623 5.324728 8.998489
16.622954 14.092296 9.017736
5.888676 5.265650 8.964420
5.972660 6.100796 9.007212
3.342492 0.197801 8.992192
15.695041 2.751410 8.978073
2.973048 5.389010 9.004681
2.984558 9.997716 8.995437
0.150283 0.986224 9.013884
7.778886 5.254276 8.965665
8.739683 5.484447 9.011057
9.020617 11.879496 8.980824
15.363254 4.135938 8.981593
8.321038 13.356431 9.000189
0.087534 14.151336 8.997558
12.190199 3.302286 9.005467
3.424646 5.705287 9.029678
0.486047 10.999077 8.986127
15.542376 4.046805 8.997948
4.906713 12.402322 8.961267
15.098071 14.635671 9.028352
12.860595 9.445808 8.975225
17.656346 2.419736 8.985339
7.129565 0.047581 9.015223
12.989731 6.162488 9.018869
11.316882 3.416192 8.998783
15.605511 11.629148 9.001589
6.554783 7.055015 9.003620
12.000607 9.444759 8.993990
10.797854 9.090656 8.966036
0.849338 0.575163 9.023230
0.699537 10.649345 8.962609
18.058932 12.390531 8.992252
12.778027 7.086070 9.012357
12.250151 8.747672 9.002487
14.874696 2.138442 9.004773
0.318101 9.876137 8.946522
4.644966 14.099220 8.981087
13.013949 10.684226 9.008190
14.360197 0.182908 8.966268
12.606090 4.619456 8.984040
8.237094 14.266213 8.967869
11.793162 10.025312 8.960130
13.989032 4.873913 8.977961
8.098987 8.973002 9.016927
11.300767 2.464493 9.024646
1.605309 13.839292 9.020026
3.393319 5.887634 9.067718
15.447571 2.875282 8.992326
7.601533 1.128384 9.052762
15.563595 0.516087 9.000262
13.469205 9.642414 8.997040
7.298825 10.239290 8.990406
15.424057 9.928456 9.003978
2.509362 4.713289 9.012838
3.220109 11.916916 9.001996
8.136206 12.607927 9.008076
13.122763 9.029138 9.039866
5.933542 9.212818 8.995423
6.490994 2.914069 9.012804
17.252229 12.845354 8.966004
17.990284 1.286790 9.018233
18.233361 12.015453 9.023373
0.443387 6.238343 8.977517
15.977895 1.448424 8.980313
15.217336 0.938508 8.999809
5.196461 14.818697 8.995782
4.539313 8.523051 8.968030
0.690075 6.650938 8.997464
16.429413 13.890406 8.992961
12.118259 6.933037 8.975955
0.355277 12.705828 9.013343
4.503271 12.841998 8.974781
16.599629 11.273219 8.989647
12.027455 1.415497 9.038636
17.156547 14.327926 9.003934
2.949778 9.417509 9.003514
19.042878 6.115208 9.009923
4.151444 11.525994 8.994820
6.051858 1.079748 8.984637
18.492924 2.700215 8.991498
6.242783 10.173886 9.038981
11.895383 9.420693 8.992088
6.844738 7.876237 9.011539
14.784917 10.096630 9.048006
6.203149 14.233467 9.000682
8.842930 1.951520 9.000707
1.687754 5.206715 8.988416
18.408640 4.399583 9.013580
18.171111 14.026108 9.011094
16.040776 2.809449 8.999718
17.482270 5.506527 8.975552
12.059406 13.556602 8.983926
1.710365 10.002662 8.994886
1.443435 0.435192 8.986332
15.733375 14.419512 9.001159
10.337939 0.935177 9.004255
5.518932 7.830854 8.997302
0.740558 3.598342 8.999858
19.692534 9.493014 9.000222
1.934624 4.243150 9.019359
7.261515 12.253216 8.983883
13.601773 8.504083 8.976246
12.467539 4.699589 8.980719
2.523711 12.966329 9.002014
12.406686 11.688630 8.984694
6.724586 7.389603 9.027134
3.402258 7.350513 8.984481
12.325572 7.006559 8.982885
18.009271 8.075100 9.011532
15.031290 12.904926 9.009337
3.256712 1.146748 9.008689
3.478061 5.809047 9.029058
9.366470 11.229117 8.977299
0.407554 14.461733 8.994758
0.425407 2.275515 8.982564
5.041334 0.632781 8.972757
2.103422 12.075522 8.998623
10.932041 14.580510 9.006044
0.868801 10.747297 9.019500
4.856000 8.327433 9.035459
1.199603 3.520234 9.007760
10.615054 14.404560 8.973246
7.077681 10.836687 8.981546
1.636944 10.377501 9.011290
7.125771 13.219397 8.982920
0.037144 13.137129 9.025087
16.489559 1.223267 9.036304
7.253553 0.293005 8.992768
13.332923 3.365737 8.986365
14.225230 13.655503 8.988647
11.126874 8.007545 8.992476
11.766011 9.754931 8.980122
8.594911 5.173588 8.987545
8.147314 6.382019 8.967105
6.108128 4.520930 9.020491
1.418944 14.081813 9.004311
7.005979 6.184453 9.028108
9.244918 12.512099 8.988104
2.674694 2.317076 8.989608
18.180104 4.742354 8.973338
0.183781 2.734694 8.979256
4.489832 4.378754 8.985529
13.574097 10.004931 9.011281
16.474794 2.105542 9.003789
9.482546 8.058744 9.007185
11.786938 0.048166 8.983703
5.463274 14.770873 9.025357
19.035076 0.546387 8.990116
12.891297 11.288588 8.991397
2.597238 13.030183 9.012152
14.737468 14.986370 8.989699
2.537877 9.779572 8.965674
8.071049 9.108706 8.953796
9.802530 8.336356 9.016663
14.435403 11.463962 8.967729
19.910354 13.045167 8.995637
7.423637 7.944991 9.013834
13.479206 10.822769 9.017601
13.449261 14.455765 9.024051
3.674069 1.653412 9.011297
12.840662 8.851188 8.979240
17.607846 0.995306 8.995781
11.109184 6.506362 9.021590
9.621235 10.889358 8.984809
12.946313 5.694447 8.999545
16.130734 1.483431 9.022628
4.501247 12.487146 9.002085
3.253973 3.654269 8.992655
13.022590 7.539578 8.977561
0.671246 2.262730 9.010253
16.473947 14.850413 9.016808
6.046525 5.707528 8.973258
2.218656 12.362777 8.989232
15.305571 5.755409 9.033999
4.458672 5.220529 8.983689
8.010605 3.609751 8.986074
8.267447 6.106992 8.988272
16.408165 13.123359 8.999016
5.301810 9.880876 9.003006
12.656458 0.799851 8.995932
19.968971 8.122170 8.988996
12.026418 7.447275 9.028783
2.794652 10.298972 9.006215
5.646628 11.309746 8.994383
10.720337 8.487641 9.037895
6.457310 13.129350 8.946118
10.300098 9.625114 8.968701
10.860599 5.074725 8.994147
14.705210 5.684050 9.001315
12.456200 12.858153 8.999935
13.949291 3.933397 9.011387
4.394539 2.142307 9.024917
8.444217 11.289757 8.982615
16.493805 6.413152 8.980856
15.015190 3.419724 8.966388
3.674583 12.427569 9.011330
1.291820 2.752342 9.009202
13.066794 10.999161 9.024192
8.897824 5.085390 8.997280
8.192997 10.673838 9.009759
0.512477 11.604950 9.005756
7.641917 2.350018 9.027023
3.587403 12.371851 9.022525
0.676743 9.279164 9.017898
7.953582 12.930606 8.988223
16.487269 0.472067 9.014801
17.844128 11.382535 8.998723
4.770265 14.758031 8.978585
5.497635 10.550496 8.999077
1.981856 13.765862 8.995321
18.233977 6.216070 9.020249
1.278162 10.526524 8.986509
18.785121 8.496999 8.999382
12.812468 5.010559 8.998476
15.737219 9.369229 8.988419
4.387775 5.438368 9.031878
12.148633 14.249822 9.033392
2.228915 11.973011 9.015066
13.175977 13.033492 9.006930
12.034630 9.520611 8.962911
16.489687 12.571719 8.968558
12.865578 5.462469 9.021147
19.433322 9.962588 9.014694
9.847865 4.993767 9.007248
11.012698 8.911508 9.028692
1.516235 1.066785 8.999557
2.167806 11.883543 9.026661
3.455608 6.321647 9.001959
2.349832 14.750548 9.015328
2.729667 12.929120 9.032732
5.212964 9.226806 9.015411
5.580162 3.989808 9.055037
13.896992 9.440593 9.001453
9.741563 11.390919 8.999967
18.552548 7.091014 8.998347
6.883561 8.895821 9.019773
1.262393 13.133572 8.993136
16.889745 2.080287 9.041934
16.856971 7.529437 9.012524
7.252399 12.990134 9.015385
1.425068 5.857747 8.992879
17.610806 13.257410 9.006107
18.708524 8.364654 8.967208
19.909284 6.036630 8.989097
7.826376 14.859262 8.997035
2.536127 2.414425 9.024727
7.581974 5.222137 9.040877
11.685034 3.292674 8.993017
0.879585 14.720573 9.013349
5.455437 2.268533 9.023098
18.816274 1.782907 9.023805
0.911551 3.930140 9.007532
3.032039 9.128635 9.028722
11.609540 3.963401 8.986817
19.159594 4.901219 9.017446
18.799404 8.008230 9.005057
5.134855 9.562889 9.014779
12.289317 8.677707 9.031984
19.264244 9.240400 9.003882
12.608031 10.060379 9.002793
4.446450 13.160010 9.005423
13.878931 10.171243 8.969171
10.251767 10.824365 9.007695
9.851261 5.971938 8.978454
9.798105 14.160101 9.030575
2.237483 12.106264 8.999151
15.774941 8.737843 9.034799
6.929113 6.730957 9.032900
3.700880 0.307327 9.012192
8.838210 14.797217 9.012695
12.898120 2.116964 9.009421
11.056314 7.658029 8.967640
16.377083 5.148203 8.997987
16.831457 4.876391 8.987341
12.444253 6.308750 9.018867
11.010519 8.587788 9.032114
11.353523 0.140880 9.016700
7.837411 2.295187 8.963318
9.384137 9.211436 8.981704
10.533384 11.074389 8.989151
15.997473 10.152157 8.987152
14.913302 14.855316 9.007279
3.962408 0.772610 8.996601
19.565880 7.748166 9.026121
19.320679 6.300440 9.009273
5.572860 3.006749 9.003804
19.984782 13.331256 8.985663
10.495514 2.164458 9.036968
4.551349 7.566284 8.981288
14.435953 2.889414 8.937037
0.981006 6.555719 8.958052
13.766195 11.860551 8.974716
16.741874 10.518713 8.991335
6.996286 10.503376 8.997831
6.705033 3.222282 8.992724
5.452619 0.335107 8.998667
8.178512 10.792314 8.997474
11.453497 1.613752 8.966209
15.224572 5.867158 8.996992
17.749985 12.654979 8.986557
17.633016 2.596491 11.974189
19.588196 8.170802 11.979454
18.253561 7.746493 11.979315
19.763384 3.939874 11.976151
2.753025 7.290836 12.054613
5.005715 9.026669 11.988819
15.288348 6.522170 11.990726
9.345029 3.355714 11.980848
19.210481 14.302048 12.023046
2.994916 12.052472 11.985648
6.156872 3.171492 12.013249
12.943424 7.108823 11.998519
8.193972 5.690767 11.988508
7.228848 14.952674 12.012538
11.035470 10.840748 12.014176
16.086592 9.735693 12.011404
8.644517 2.193406 11.971255
0.711539 2.897246 11.986918
15.650918 13.995826 11.977134
14.441714 6.761810 11.995264
10.112111 0.252890 11.992161
12.052353 7.449187 12.037118
7.383476 9.284169 12.011335
2.094638 4.373016 11.992479
15.942535 6.378306 12.020022
7.900723 4.124543 12.022720
19.705849 6.646766 12.008080
19.535079 14.752617 11.997860
6.398003 6.899726 12.061600
3.912777 12.073351 12.027437
15.200887 1.929081 11.980154
15.287506 11.874243 12.012309
0.662618 7.625567 12.006455
10.683410 5.483357 11.971492
5.706340 8.658907 11.997980
0.991810 5.284262 11.984304
8.582584 12.120554 12.004413
2.648544 11.859448 12.001895
5.637881 3.446655 11.982262
11.327198 6.503785 11.998460
4.947782 2.087059 11.992876
7.273433 0.091609 11.980271
14.155327 4.441173 12.009500
16.174100 8.387674 11.981014
9.214878 11.394532 11.997373
11.808959 14.274226 12.021674
6.593351 6.352671 12.023529
17.696619 0.059824 11.989192
1.607580 9.758177 12.019422
1.964899 3.075034 12.027274
0.768343 8.664157 11.982519
2.057669 6.792074 11.975904
12.584812 4.153309 12.001584
20.013906 4.488749 11.999023
12.002573 5.140154 11.998277
5.058191 2.598892 12.019127
16.389582 10.588753 12.021553
7.093280 5.904644 12.045366
11.852610 10.781470 11.988334
8.803360 8.768513 12.002248
10.214856 3.396902 12.012590
2.094528 4.822069 11.998657
18.593852 13.831912 12.002030
6.101368 6.332048 11.957983
12.011699 1.716733 11.968358
0.186123 9.656535 11.998493
9.203440 5.118014 12.029696
15.340968 6.987586 12.021361
12.256943 3.084312 12.000630
6.382365 0.193881 11.974355
13.040980 8.774460 11.993375
15.924345 6.504465 11.970625
3.163752 6.096503 11.995818
1.313638 13.843021 11.999145
9.236645 3.934932 12.015914
8.790197 8.831859 11.983956
0.932044 12.418634 11.965325
13.604929 6.808395 12.000078
11.630066 11.263883 12.049502
6.244442 8.421788 11.968435
5.531527 5.281809 11.995965
5.791608 13.619385 11.984179
2.295749 5.663918 11.971793
18.570847 6.896200 11.998681
1.204536 9.726628 11.967980
0.864740 8.897459 12.015778
15.637626 7.727014 11.988922
9.165982 10.376114 12.012514
16.233105 10.401909 11.993430
10.202967 7.931639 12.036063
17.980827 7.578612 11.992185
6.957288 2.484921 11.984639
11.706058 10.714494 11.963927
4.396985 14.839113 11.989255
8.964519 4.336297 12.008182
2.684454 3.010456 12.016805
9.999980 14.104455 11.952890
9.199652 6.113126 11.985553
0.499289 10.389400 11.982055
1.818913 7.081740 11.980834
11.273495 8.387406 11.970149
14.358942 4.991190 11.989498
13.213870 11.525252 11.979321
14.401311 7.552404 12.021465
9.556823 7.230144 11.989120
6.827269 8.384361 12.009554
13.749920 14.046086 11.998014
5.421199 12.260944 11.985747
12.558247 0.938971 11.990661
1.800123 5.351720 11.983944
10.760388 2.305651 12.007012
14.395487 13.676155 11.997449
6.360690 3.708388 12.007690
18.361318 11.512975 12.007046
1.465436 9.233416 12.006521
5.282263 11.506225 11.977699
13.539557 10.008171 11.999379
16.522682 4.290448 11.998378
2.283342 7.463042 12.005790
1.990266 2.564668 12.000826
9.301776 3.472326 11.967918
6.879282 1.888402 12.015126
10.999931 13.159031 11.973482
16.848803 4.278591 11.984596
5.752848 1.998513 11.987413
0.213312 3.621209 12.020908
13.432362 3.941295 11.974698
11.272434 1.904321 12.049263
10.332016 10.450103 11.989821
15.642851 9.980245 11.974623
17.011664 8.858333 12.045163
2.949613 13.043242 11.988344
16.633709 0.795370 12.046874
10.762203 9.137361 11.981333
17.413457 8.768423 12.021100
11.370672 10.732404 12.022151
17.904045 4.873072 11.958952
16.643690 6.409641 11.981701
6.538739 5.065311 11.998189
12.850874 5.858254 12.016425
11.393751 9.604865 11.968825
10.714388 3.868632 11.993614
2.197879 13.031260 11.991729
0.485066 14.916183 12.011634
6.865947 6.346017 11.992145
9.953681 14.856955 11.982677
11.036771 7.241969 12.009216
10.357770 0.277207 12.017191
2.930037 13.558857 11.984368
16.420867 5.050257 11.984852
14.446845 0.921630 12.004055
17.273630 2.791255 12.005044
17.629130 10.860996 12.017991
16.644281 3.475456 11.999273
13.302987 11.024447 11.977816
8.778239 12.472885 11.986143
12.691616 13.645928 12.015322
4.934016 13.570261 11.985219
18.410121 2.709550 12.002182
12.673179 8.356437 12.002457
11.981785 13.219210 12.004382
11.615165 3.642189 11.974373
13.671186 14.947750 12.006504
13.725666 11.041286 12.025589
0.872457 13.991177 11.994429
8.528643 4.656993 12.042867
19.506890 3.023277 12.039058
15.170356 14.238555 12.017220
3.854230 4.212795 12.018036
8.551169 13.544491 11.985852
9.211891 2.554897 12.001815
19.588766 5.394464 11.991923
19.031047 9.416294 12.002194
1.536776 13.679343 12.029244
5.333713 6.907289 12.015536
1.473704 8.976433 12.028240
3.856799 4.916911 11.997662
8.962773 2.925138 12.037559
12.059073 11.094543 11.999221
16.238324 11.022527 12.032499
1.733047 12.945023 11.991109
5.619020 2.275690 12.002514
12.211629 0.900284 11.994374
9.188831 9.388269 11.987675
6.165122 7.353275 12.002443
3.581520 9.367112 12.006763
14.181499 3.588060 11.994241
4.667404 12.406535 11.971782
13.663401 6.685321 11.992616
18.337050 10.133946 12.005830
4.332690 2.893769 12.005044
14.455056 0.717832 12.002896
16.017981 5.376307 11.994550
12.631329 6.380831 11.988887
6.508998 6.467546 11.970272
4.817241 3.626200 12.034140
15.778677 7.014867 12.001444
6.482073 7.581900 12.022653
16.091843 4.278852 12.002191
16.780798 5.016976 12.011674
17.409387 8.407543 11.993225
16.340470 0.652157 11.953668
18.006122 0.650841 12.033493
18.593665 6.482506 11.968891
9.894399 0.948737 11.996218
5.786482 11.160268 12.002589
3.751269 8.813177 12.011738
7.795549 0.394921 11.981221
5.083171 5.008263 11.997622
16.871735 1.339956 11.998449
16.837351 13.568357 12.002755
8.848870 4.688302 11.987470
16.152950 5.712428 12.017113
12.815495 11.773371 12.020292
11.459529 3.235160 11.995786
16.197700 3.084452 12.016268
16.116300 12.110215 12.007307
15.958047 8.006604 12.008272
10.919421 3.857567 12.019885
6.411869 2.367330 11.973303
8.077033 11.859128 11.988066
13.611952 3.037334 11.997870
18.221325 7.344600 11.999668
14.466738 2.801129 12.037086
15.812189 5.616267 12.001631
5.825893 1.257033 11.985019
8.787657 0.206366 12.014460
14.941445 8.638448 12.021225
17.401119 8.544536 11.989598
10.219254 2.842207 11.980294
0.394915 2.945366 11.997396
17.700992 11.572621 12.013689
1.942395 6.746275 12.020949
10.595154 9.067669 11.998199
9.564609 4.169359 11.978890
19.268751 8.797187 12.010744
2.511037 6.269535 11.987888
13.323725 4.125005 11.966713
6.184977 8.320142 11.982331
8.678047 0.994516 11.990737
8.346839 1.889606 11.976596
6.965659 6.651263 11.992953
17.571079 4.625976 11.988523
14.431479 12.083717 12.024918
17.993128 2.941905 12.006085
16.214517 2.033806 12.030185
8.346619 0.989675 12.011768
1.266568 12.261161 11.983459
5.977898 12.918168 12.003439
6.929321 13.504793 11.995701
2.045261 13.312336 11.987342
3.034183 13.051171 11.999064
0.463642 14.618882 12.000703
8.804600 5.963603 12.007301
3.427023 9.851070 12.035407
5.448766 0.622851 11.949301
9.641977 13.028780 11.986107
3.317959 2.143695 12.005833
1.305527 10.202005 11.995002
15.315141 4.872145 12.013504
17.694055 8.810055 12.028938
6.739503 11.852227 11.994969
9.253661 7.628148 12.017207
5.772310 14.245899 12.013930
9.248522 4.647428 11.996805
1.784941 8.407271 11.993994
9.199433 12.880882 12.011143
9.240012 8.227872 12.018087
6.121896 8.038635 11.972790
17.391961 5.753000 12.006465
8.394909 11.675299 12.034509
2.971479 5.406545 12.030692
14.998708 3.728123 12.027361
2.934491 1.917969 12.010301
1.709735 6.421791 11.989431
7.382003 4.286360 11.990105
15.972333 14.834167 11.984894
19.002704 9.164800 11.996955
13.174264 14.862922 11.966311
17.863897 10.439059 12.020692
11.392173 12.704160 12.002602
3.761706 1.712458 12.023136
11.319728 10.353736 11.992729
14.723929 1.811128 12.020000
1.494313 2.208222 11.981766
8.367768 1.159032 11.977253
1.650841 9.356937 11.994705
7.913421 9.749938 12.007574
11.249337 4.357783 11.996601
14.387802 13.457808 12.002325
7.091669 13.839926 11.974172
2.430453 12.086352 11.988127
9.897338 9.414652 12.011060
2.586635 8.963820 11.996039
1.953462 5.901166 11.994869
14.623359 6.855120 12.006850
12.141296 2.114211 12.006699
10.607638 14.372089 12.030541
3.328447 8.835054 12.019377
18.405517 5.716709 11.987041
17.176638 3.039787 11.993355
16.907774 6.120642 11.978799
1.318918 2.516127 12.010514
1.430604 11.977188 12.021185
9.443076 10.852730 12.062314
5.756663 11.233209 12.005913
6.714510 10.268066 12.018057
14.185544 13.371808 12.016795
18.712189 2.723624 11.974781
12.072623 7.895931 11.982067
0.580998 9.297852 12.018976
0.802901 14.724164 11.990646
4.632397 5.430857 11.994852
0.178456 4.119714 11.997444
2.825446 0.859652 12.031518
1.084675 14.566518 11.990490
5.570979 3.840216 12.023240
0.919818 1.670487 11.989036
18.230282 13.464173 12.002808
10.463386 13.972840 12.038727
17.241367 8.125619 11.954107
13.591758 4.083714 12.012868
9.221916 7.396620 11.996260
9.349265 1.642470 11.975262
14.384760 1.996769 12.033958
6.424933 7.218164 11.962085
10.605562 12.647319 12.034089
2.353339 2.166731 12.005970
15.694871 9.701217 12.041054
6.589929 5.017977 11.991857
3.584419 0.800871 11.993481
14.787600 3.791677 12.000052
1.882026 1.052572 12.024577
19.026465 2.784139 12.040923
13.780432 4.578539 12.023527
14.804771 2.582192 12.044425
1.630562 6.098186 12.009520
11.296442 0.068990 11.993989
0.613487 0.476555 12.028680
6.568793 11.496227 12.000316
14.467410 11.687717 11.990971
4.306343 5.754016 11.973074
13.937936 14.730446 11.973643
10.986389 4.098753 12.022669
18.211824 11.192367 11.988993
9.946047 6.670130 12.021351
6.030720 5.161007 11.991593
17.476940 4.321445 12.027414
9.575434 3.471566 12.000428
5.766589 9.938396 11.985065
8.315738 0.442772 11.992687
8.873003 13.574924 12.029398
4.431306 3.810932 11.966964
15.931490 7.232222 12.018643
16.425560 5.889215 12.013264
8.905359 14.249029 11.987307
0.309108 2.520316 11.997053
2.062949 5.464692 11.990544
10.199721 9.904099 12.000683
5.207472 4.207209 11.994531
6.600628 8.163928 12.004311
10.570303 0.426975 12.062836
13.239672 13.523336 11.986292
3.724060 12.619850 11.996480
13.757499 1.889462 12.023621
2.206947 10.912499 12.020962
11.290444 0.953500 11.985045
13.378491 13.840887 12.014470
5.806474 1.793194 11.979577
16.747341 5.373200 12.024029
15.750794 12.871316 11.973881
17.635865 3.082787 12.032057
6.858413 13.926794 12.021970
18.656171 10.020884 11.999901
9.695185 7.125438 12.000374
6.188004 1.826028 12.037793
12.460077 9.838122 12.002502
17.644100 8.823106 12.005301
17.792375 6.343119 12.031849
4.843846 6.024351 11.994389
3.040407 8.842751 11.995784
8.960269 6.171823 12.019245
18.772784 10.253646 12.037152
19.271674 6.547384 11.999198
5.518551 14.708983 11.984825
1.338117 8.326888 11.998383
14.169544 2.129084 12.014148
4.640268 14.530779 12.012692
4.221181 14.791560 11.977505
14.710252 14.915288 12.045288
4.024577 4.567070 11.994240
15.644156 5.163628 12.002250
18.503717 0.090182 12.015445
3.073842 13.304069 12.021794
10.951904 10.632792 12.001845
13.961468 4.230549 12.057238
10.724683 2.797749 12.006243
18.206933 13.362765 11.998912
1.312979 5.316178 11.989258
19.892836 8.430712 12.013328
11.253951 2.391475 11.999798
4.299158 2.660272 12.015751
12.647469 5.813845 12.012848
13.335020 3.789521 12.012996
0.106330 3.355570 12.011842
16.771088 6.090919 12.001843
1.439564 3.169745 12.040231
4.268762 14.150220 11.999819
11.896549 8.791953 12.003705
15.515477 0.652634 12.009402
12.755177 3.283772 11.980434
12.380399 6.752433 12.000942
9.880768 6.452236 12.023758
10.290650 10.308538 12.005193
8.612664 11.612643 12.000572
5.563444 8.526855 11.983590
7.242264 5.357590 11.987130
17.566529 2.812101 12.001262
7.677021 0.560697 11.996189
15.227247 0.937392 12.002237
12.226087 6.130436 11.994393
4.457292 -0.027335 11.994147
3.085784 5.105846 11.999648
2.465454 0.124268 12.001656
9.895364 12.959994 11.980235
4.080155 3.151664 12.002258
5.200658 9.950171 11.975730
16.748020 13.404055 11.969957
9.805191 13.345409 12.014295
6.633002 12.338196 11.986680
3.714425 9.478674 11.987589
8.782642 3.345751 12.007596
5.277142 6.397269 11.997469
0.799770 6.090329 11.997602
17.341633 8.842773 12.014787
11.370050 5.827069 11.984317
16.606647 1.352795 11.993690
14.787794 0.681405 12.014674
0.311852 6.077725 12.016762
13.055086 13.065767 11.996266
2.778479 10.558228 12.013186
1.470518 4.558355 12.022734
0.576775 13.999110 11.989017
16.865242 9.830300 11.990435
11.423159 12.599826 12.021261
15.470311 12.324134 11.971102
12.789298 9.322934 11.997228
2.785883 14.119977 12.009401
12.142524 6.724309 11.978591
2.262416 11.799792 12.000920
1.022197 3.074112 12.003786
6.791687 14.132624 12.010140
1.988430 10.933471 12.003777
14.116635 4.031061 11.998560
12.091975 8.818556 11.965930
13.628717 0.284227 12.008299
18.119885 7.872898 11.998177
7.261812 11.432521 12.014753
11.195057 5.505482 12.020853
7.488006 11.096326 12.012333
2.765557 10.946437 11.963453
16.813859 13.986836 12.007778
11.460302 14.429530 11.980652
12.452976 3.145500 11.989760
5.148333 4.870822 12.010372
16.580529 3.382782 11.992117
10.216432 5.855745 11.999657
1.406205 0.591263 11.981453
6.413942 7.257111 12.020829
9.094362 13.273247 11.976344
6.675467 10.873142 12.000355
2.295035 8.448008 11.983241
6.482551 3.756017 12.009473
0.037690 3.677571 11.981069
4.249334 1.227126 12.002128
12.784915 1.265574 11.975589
10.822868 11.474984 12.033353
7.535242 14.130907 11.985034
19.210203 12.678045 12.004325
0.902881 14.051145 11.956365
12.801076 1.249046 11.989347
12.424881 5.313743 12.015591
10.416257 3.608175 12.005845
5.281879 1.454469 12.023844
10.073775 3.579144 12.033995
9.395150 9.612276 11.985489
2.891264 7.258009 12.000091
4.745453 13.635479 12.017445
8.746057 1.984745 12.001746
7.456111 10.240460 12.018166
2.585652 8.810684 11.962695
4.760676 11.086658 12.011084
11.846053 7.048980 12.033232
14.073878 0.512892 12.009383
15.022763 5.866721 11.999658
10.780275 3.212669 11.994725
1.099917 4.644081 12.043800
4.616941 3.329908 11.998469
14.528269 9.501485 12.029950
5.753134 13.821643 12.017163
13.399016 2.232817 11.994415
12.964155 5.795304 11.981303
10.314334 4.281166 12.049963
6.188515 1.749271 11.996585
1.568907 6.023137 11.967584
14.577176 11.950836 12.052169
4.980206 4.137699 12.042982
5.651507 3.909314 12.029182
2.421655 13.927502 12.008847
14.563839 9.675585 12.008722
19.199433 4.239596 12.015602
9.666492 0.461163 12.009904
7.264863 14.892765 11.996902
10.350102 14.635406 12.016352
7.812370 10.003532 12.010655
6.189472 1.888911 11.983654
19.382035 10.873636 12.029174
18.662108 6.787019 11.981272
12.517941 0.729402 11.995341
0.379725 1.980215 11.957519
7.443732 0.643655 12.000094
3.969948 1.719047 11.994452
11.664123 8.288219 12.008278
7.982261 11.037324 11.988440
8.339090 14.701650 12.004173
18.426716 14.764512 12.004196
18.078838 12.172580 11.999085
5.442841 0.728007 12.027598
12.455294 6.764229 11.995365
17.279391 0.736169 11.993361
19.212627 9.519307 12.015306
14.882664 2.377696 11.996601
1.992387 9.867199 11.959324
13.623982 3.793452 11.974579
9.826390 9.804743 11.993152
5.779343 10.925517 11.982889
17.845245 4.347226 12.004219
12.783177 14.866777 12.000408
18.239461 3.444522 11.999433
1.312880 1.510192 11.985910
15.684802 8.735236 11.939531
11.763688 6.167322 11.956519
6.007817 12.495528 12.009646
17.482150 7.729346 11.996342
15.953207 3.827642 11.965312
11.354760 7.846376 12.014971
19.426243 12.941350 11.994784
15.945540 3.582334 12.022451
9.370443 1.791932 12.007042
1.108082 13.075349 11.976532
12.155309 12.896300 12.020949
8.687734 12.750034 11.998724
11.572020 4.158037 11.991287
0.933641 11.938898 11.973703
16.477803 3.883512 11.996517
16.119069 9.272352 11.980945
15.099836 1.781604 12.006564
15.595231 6.298075 11.995349
3.627935 13.558948 11.978162
10.247846 0.270643 11.980373
15.145128 2.299357 12.014322
12.468682 9.574678 11.965716
10.411801 11.924958 12.018274
7.053438 6.548520 11.991809
13.238040 11.452842 11.994702
0.776406 14.598595 12.000506
0.539403 10.452011 11.988435
8.719648 6.672992 12.058121
10.976961 9.417803 11.994266
6.519914 4.593248 12.016659
13.660376 1.420455 12.037854
18.592749 2.176392 11.996727
2.534634 6.547983 11.979541
9.532942 4.269877 11.979810
18.890144 0.696743 11.987146
19.111029 5.655087 12.020502
9.823602 12.775927 11.975248
15.408440 1.228874 12.026007
3.855765 13.549103 11.984966
16.056956 2.356181 11.994168
19.495575 6.882113 12.014677
6.649516 13.320388 12.051597
4.705259 1.164601 11.997032
2.350237 8.796752 11.980529
8.951806 11.309808 12.003798
6.538616 8.615077 12.016531
9.984852 0.611628 12.014437
10.335883 8.225038 12.057847
17.247915 2.238779 11.997124
17.627093 6.099055 11.994322
8.770385 3.400711 12.010556
15.181776 11.327174 11.980867
11.164913 12.100245 12.013603
14.502231 3.082949 11.996967
14.011426 9.619407 11.996091
16.540890 12.120310 12.023653
3.273255 6.526315 11.961687
15.950863 13.753194 12.026440
4.530203 3.286067 12.019095
13.772012 1.891692 11.977033
19.210088 2.266221 11.992145
11.681511 13.703574 12.004656
17.698370 9.294869 12.039166
16.199732 1.746892 12.011580
14.025326 5.847099 12.021973
1.522999 4.596188 12.008106
0.486717 13.136983 12.003900
18.097034 5.325762 11.957359
13.925768 1.300868 12.009304
10.948366 0.155624 11.982711
0.044080 8.582223 11.994920
2.442742 2.240688 11.983761
13.790844 14.884665 11.978882
4.705449 13.561496 11.985077
7.145873 7.807280 11.994600
16.604569 10.496649 12.001411
6.502384 2.989045 12.026634
10.346942 0.299073 12.003937
1.412184 0.432721 12.010488
9.902377 8.472679 12.031421
14.323342 2.553178 11.999629
4.595305 10.710457 12.002377
11.582461 10.586429 11.984946
11.766603 14.491236 12.021972
16.311809 11.580756 11.983745
7.256795 8.449699 11.998530
17.872425 5.179387 12.001307
9.427100 14.370717 12.021899
0.605829 2.826988 11.973172
1.557173 2.933609 12.001314
18.238396 9.441124 12.000718
1.568529 14.817319 11.968808
15.895523 1.278688 12.024301
19.704688 14.826673 12.001522
16.745034 5.904446 11.984162
8.111128 9.568678 11.979865
4.662681 10.264172 12.009109
3.207497 8.368954 11.977449
7.340879 13.748655 12.005690
9.843745 4.854161 11.997966
9.495402 11.018981 12.022103
12.385873 8.117504 12.021766
15.817534 11.489840 12.008046
3.310388 13.021112 11.995230
6.639787 5.835636 11.987674
14.854840 0.178262 11.978476
17.855656 11.816324 12.006549
16.766049 1.980671 11.956452
19.385597 4.225804 11.992762
15.926286 8.612558 12.007462
19.446943 2.832887 11.967652
18.705293 12.826246 12.012663
13.088709 4.249946 11.981012
14.119407 4.940253 11.992970
6.219090 10.840762 11.991544
17.943885 1.757948 11.989128
13.986660 9.882232 12.008315
17.945080 0.436747 11.997668
4.218572 10.326191 12.000353
7.381299 5.967331 11.983063
1.693954 11.437731 11.997410
18.674903 0.767217 11.982310
16.222276 13.662293 11.984624
15.225492 5.197504 11.991206
8.779978 5.808798 11.966116
0.220968 2.563571 11.980172
19.407194 1.935847 12.020107
7.697461 0.792499 11.966415
4.978123 1.609816 12.060295
17.099855 8.343708 11.981114
4.114066 10.946555 11.998316
3.428541 1.536225 11.985521
9.409953 1.931905 11.991709
9.153215 1.359019 11.973882
17.717259 7.348222 12.013674
19.906789 3.303552 12.026426
5.181384 2.202698 11.976950
4.006544 6.333933 12.002673
9.356873 8.895952 12.006321
8.876603 2.668469 12.012951
16.454641 11.639593 12.008436
1.907310 8.960677 11.973666
3.191807 11.381726 12.012418
4.064015 4.954415 11.986526
1.648730 5.881911 12.046541
1.261836 14.719388 11.999808
10.285117 9.080585 11.980791
17.778344 2.251586 12.001648
16.438227 10.696799 12.006860
3.878312 11.127776 12.006618
2.889225 14.496405 11.994211
12.271658 8.222922 11.962419
6.593034 8.842253 12.019681
10.134411 4.558785 12.018125
14.333465 8.334775 12.028978
17.964949 0.583302 11.998506
3.746087 12.377693 12.032189
1.415953 10.387665 12.029147
4.563795 10.261832 11.993974
11.077452 10.230694 12.040231
1.801996 3.235958 12.011935
6.549398 0.641269 11.997361
6.116097 7.938730 11.990340
2.188274 8.100204 12.035121
19.624748 12.808704 12.010538
17.081899 10.191398 11.980125
11.865965 4.886846 11.967191
17.647057 7.810062 11.996835
5.680623 8.027208 11.984497
16.904393 10.489218 12.015876
13.572669 11.287358 11.973286
4.650185 9.234449 11.964770
13.497141 12.836954 11.986385
10.188483 4.795717 12.003105
9.926095 12.294653 11.944848
18.594044 0.526716 12.026588
7.787589 12.532358 12.039283
18.345665 4.611464 12.018259
16.589723 10.440193 11.995342
8.437313 10.645482 11.982252
15.479602 5.631569 12.033185
2.284741 3.441587 12.010943
10.015365 11.300644 12.025718
1.254509 4.631771 12.047756
3.910794 4.847938 11.996660
7.139647 9.664473 12.028058
1.841415 10.417396 11.991874
17.859846 0.112882 11.998341
17.521331 7.546341 11.988862
0.119364 12.333116 11.989587
1.985645 6.053599 12.006557
18.784207 5.263729 11.977710
0.082766 9.318375 11.993055
19.125433 2.867059 11.981414
11.434696 13.863482 12.019170
11.109201 3.471975 12.013973
0.677277 10.436890 12.001681
7.244999 10.156905 12.026972
16.694742 10.717500 11.984093
6.498385 12.607397 11.977573
18.096688 7.850618 12.018938
10.308930 13.555762 11.987224
16.767957 9.165730 11.969977
15.664932 14.440585 12.027518
9.293889 1.373913 12.022084
16.709168 12.651736 11.971685
17.254736 9.407241 11.997788
19.228384 13.338575 12.024279
1.503885 5.234074 11.980586
16.199200 9.815822 11.977208
13.292837 7.687637 12.035916
14.015626 11.404902 11.997487
18.500603 9.870793 12.024803
0.772445 13.389003 12.006582
15.082711 6.451468 11.983444
7.495579 8.724973 11.992449
12.068312 12.751676 11.996361
4.716956 8.341028 11.956845
5.821453 6.394841 12.009093
12.318494 6.972884 11.997603
7.390982 11.593465 11.971588
5.944751 14.086643 11.996322
0.705360 3.023732 11.997250
3.087594 3.735173 11.975128
12.201376 2.933065 11.991845
8.122930 2.833150 12.017776
0.566359 0.931657 11.978200
7.019936 11.994920 12.006667
7.288946 5.110762 11.987779
4.602201 6.354267 11.973429
3.314660 12.928680 11.978324
0.233338 13.681844 11.968586
12.619132 8.160559 11.991934
15.353922 1.427974 12.020875
4.643376 6.831867 12.018880
6.477190 13.702592 11.979702
17.969187 13.566341 12.002520
19.346522 4.866055 11.979419
11.270490 14.558611 11.966833
7.986644 4.839188 12.009358
19.770479 12.270078 12.006411
1.165044 14.029644 11.984369
5.891345 1.978884 11.992161
10.550396 4.364554 11.997183
4.907584 8.424616 11.995943
18.463689 5.525816 12.011133
10.530328 14.705139 11.981186
17.809878 6.037753 12.026572
6.615851 12.575813 11.994464
3.292755 2.969210 12.024498
18.304640 14.773347 12.011387
9.527738 10.932694 12.045768
15.859148 0.191148 11.982558
6.305725 2.603894 11.993246
2.171991 1.488332 11.981803
12.657106 8.879628 12.008110
5.294009 12.483754 12.002670
18.337337 11.758141 12.018257
5.913040 8.673683 11.990452
5.757624 9.265703 11.975698
15.074724 14.140592 11.983083
7.531257 6.772909 12.016214
2.853023 11.258806 12.019351
4.777547 1.433240 12.018884
13.257930 1.303280 12.020175
2.483681 2.581266 12.022453
13.932650 14.325205 11.997966
18.969655 11.374788 12.051846
2.729279 13.684671 12.023445
5.576998 5.096621 12.008015
6.808639 2.510098 11.977054
11.733852 0.874794 11.999904
12.945653 6.578590 11.970088
19.266014 14.559568 11.999706
19.666627 0.652040 12.000836
6.400654 13.886220 11.994224
4.109911 4.150028 12.016616
4.957839 0.861298 11.997910
12.230968 2.572591 11.984804
5.374231 1.474978 11.991293
16.300889 10.209831 12.022722
9.254050 14.330649 12.013288
0.223381 14.830911 12.022673
15.710836 1.057913 11.980383
8.440775 8.181857 11.992437
19.864606 6.468719 11.993471
15.245015 4.187208 11.966487
11.213448 8.095294 12.022870
2.422612 3.684690 11.985408
10.403986 3.576338 12.004013
12.290889 14.353800 11.999009
17.085880 11.227237 12.019425
16.259024 11.508547 12.021576
18.749048 7.667104 12.005636
14.211068 6.385626 12.017341
9.581736 5.771632 11.990020
8.252006 2.047876 11.989331
9.490712 14.589363 11.975056
6.027846 10.142794 11.969638
2.837926 7.666447 11.990337
5.148591 9.421240 12.008002
13.865907 15.019402 11.992556
1.591338 3.749758 11.992570
7.821412 13.177384 11.987334
3.530941 1.488116 11.992012
13.811545 0.081559 12.017733
6.693670 13.697581 11.996505
10.428289 1.298257 11.979970
16.712639 10.306937 12.036328
10.535163 7.176981 12.000340
5.971871 6.163848 12.011266
11.928522 14.843203 12.007885
19.480957 4.835447 11.998672
11.364407 1.381029 11.978103
6.893144 3.692121 12.007849
15.384680 14.485699 11.989973
12.421730 14.030705 12.005323
19.337589 4.374121 12.027645
3.146853 8.208929 12.000945
19.757061 8.880180 11.997636
13.952336 14.677822 12.011581
12.232032 9.355343 11.971246
15.219914 12.771040 11.982319
3.030477 2.195018 11.988484
5.112013 7.410569 12.024999
2.423305 11.445896 12.012952
9.838092 0.605953 11.995323
10.254072 6.479146 12.008374
18.049824 14.199523 12.037565
8.849073 11.693938 11.996012
14.377901 2.073603 11.970025
8.052025 7.352624 12.014997
15.963888 6.891472 11.989898
2.302986 1.794022 11.985360
2.047805 4.637752 11.985222
6.446693 2.680579 12.011752
19.920646 14.815523 12.027468
10.679271 7.572122 11.968760
13.013568 2.295481 12.015640
1.981490 6.999578 12.003407
7.812315 1.345606 11.970757
18.634694 12.632813 12.005821
11.414920 9.611229 12.012423
1.120853 7.782327 12.007010
17.003634 10.951335 12.033818
2.146440 4.633171 11.985277
12.384865 6.114453 11.995696
2.980090 1.337539 12.016947
17.420042 3.634058 12.008874
19.444759 0.506639 11.998410
5.174961 1.542089 12.025952
16.931094 9.791107 12.002830
18.103209 3.427647 11.980239
15.201888 0.134018 12.014313
15.511685 2.943024 12.027106
13.997914 4.635305 12.009822
1.434453 2.128898 12.003044
7.127063 3.170657 11.983687
6.144446 14.626787 11.987769
4.214819 0.396383 11.949170
9.200286 8.449538 12.023012
5.216625 11.786804 11.982772
10.498603 14.717844 11.988056
9.610762 5.401786 12.009347
0.153678 4.570868 11.968349
2.584967 6.375083 11.984773
11.767858 9.412094 12.002686
19.600868 6.622079 11.989715
11.521805 4.944629 12.007567
18.604308 13.666526 12.002989
19.811605 6.165878 12.002368
13.669229 2.784792 11.989731
11.781797 14.957855 12.009247
11.612665 8.534192 12.021947
3.998574 12.747100 12.026842
3.317398 4.804077 12.006683
5.964080 3.505658 11.996773
6.661874 2.838896 11.986857
5.536612 11.313063 12.014469
3.819641 14.479861 12.010393
15.033705 14.091746 11.998960
7.467021 10.600725 12.008713
11.619293 10.875125 12.018220
7.940028 3.970572 11.960713
8.806687 5.603760 11.989227
8.512363 0.966437 11.983341
11.519802 8.433284 12.017435
4.647258 14.361559 11.990927
19.655713 9.955529 12.029496
12.025098 6.448052 11.986903
13.888249 4.596424 12.036043
6.932352 7.405970 11.982985
17.235260 5.179399 11.971590
7.348522 13.848122 12.013194
16.664774 10.638612 11.945089
4.559149 3.886258 11.985554
16.728899 6.532958 12.045925
18.985166 0.184005 12.015724
4.049524 0.327129 12.051695
0.669194 6.707058 12.012993
16.487412 6.547075 11.967421
11.694321 0.188395 12.010713
4.889255 5.491892 12.026452
10.716862 4.040711 11.998930
19.673841 4.142188 11.985039
18.889203 5.004106 11.976916
6.101216 8.937650 11.963233
13.753043 10.900897 12.018119
10.206574 5.908634 11.990479
5.711270 14.715586 11.968329
2.823004 8.742689 12.006633
2.515055 10.408912 12.010146
0.471971 6.767426 12.015832
12.780682 14.128269 12.008720
5.382002 8.050716 11.995646
11.725057 11.180018 11.987664
15.089615 7.840752 12.028421
0.068539 13.022799 12.005105
8.880115 11.502518 12.028505
5.445191 12.371300 11.994011
12.269042 1.000641 12.000904
2.883729 8.593601 11.980213
11.418784 7.829362 11.981070
11.733666 5.819639 12.017551
12.801127 4.191482 12.009599
2.003312 12.285598 12.023316
19.602327 4.356531 11.970442
8.746621 8.484852 11.987567
9.160409 7.423188 12.003547
14.360206 7.676938 12.024106
18.490241 14.022787 11.997916
13.683179 13.402094 11.996985
13.338344 8.849369 11.975607
13.885374 3.058742 11.988915
13.566032 2.793712 11.985201
10.816437 1.640336 12.017752
10.303275 6.913260 11.986956
9.558985 2.833839 11.988020
15.243086 6.667179 11.991838
9.359638 5.240414 11.988196
2.764531 0.479429 12.026539
9.780289 11.832983 11.995930
12.736853 14.263323 11.999959
11.290203 6.105186 12.008661
12.354052 4.717185 11.998473
7.637871 0.751089 12.016018
3.509732 0.253097 12.007517
14.416212 9.524057 12.036471
0.747729 8.094171 11.988746
5.090349 11.756508 11.978540
18.607547 8.154306 11.987471
7.362873 2.889415 12.020650
6.685251 12.958932 12.019661
2.522581 13.332493 11.982324
5.032500 11.714442 12.026930
6.791710 14.296053 12.001998
5.595210 13.150638 11.993709
4.991583 6.994920 12.009671
18.576810 12.636782 11.937586
11.174182 10.969049 12.001408
0.983738 7.407527 12.018650
18.672804 6.158602 12.020690
16.164853 10.441517 11.983582
2.005370 1.070277 12.020838
4.712030 10.187237 12.027063
3.847952 6.294352 11.969504
13.798033 5.712453 11.984689
12.019664 7.063292 12.005800
15.342245 14.030049 11.988172
10.166582 14.647088 12.019543
6.029449 14.592353 12.010891
4.845613 9.714169 12.019255
13.255435 12.153616 11.962313
7.486151 2.528306 11.979687
8.055710 7.936600 12.007455
4.230762 4.680635 11.973502
15.667034 2.551495 11.982254
12.159532 10.546191 11.943047
4.401878 0.147176 12.020843
8.323459 12.995650 11.948212
14.116154 14.905860 12.010313
13.821690 4.755175 12.037809
9.043283 2.002240 12.026638
13.097322 11.868107 12.016784
12.441171 11.995511 12.017501
1.747163 11.751855 12.006817
11.670864 10.591154 11.954300
0.981042 11.832809 11.975853
16.000741 12.949295 11.947660
16.545574 0.541605 11.988084
1.026675 14.847918 12.001996
6.605307 11.441826 12.032402
15.651720 8.164242 12.033475
13.270924 5.985495 12.004360
7.707855 14.818954 12.011682
5.261733 1.381812 12.012558
5.872710 11.532350 12.036074
2.442251 2.023632 11.989369
19.965955 8.389020 11.991909
13.552550 6.968441 12.017301
10.980538 1.626188 12.016795
19.660345 2.675974 11.969420
7.382899 5.417761 12.006143
17.381765 4.880812 11.982513
17.825155 3.573840 11.993653
2.399769 7.296683 11.996197
19.811130 8.924757 11.996303
14.963937 10.747625 12.026270
6.883047 4.853750 11.959089
8.063205 9.776236 12.016000
1.421244 9.120712 11.994021
15.691439 10.573032 11.989967
6.111593 14.327102 11.991257
6.817023 13.516955 12.001670
10.343540 12.567849 12.014463
10.156097 10.675640 11.960536
4.126466 4.219876 11.968308
0.244842 2.238071 11.982668
14.299076 10.444945 12.005485
8.765656 8.821896 12.023018
14.396285 8.515004 12.006109
7.740390 10.634485 12.000286
7.437130 9.448722 11.994226
18.116535 3.480234 11.969814
5.387388 13.676261 11.963792
7.669737 13.217401 11.987358
7.052143 1.896959 11.990638
3.916047 8.925147 11.991496
4.074223 13.626125 11.970888
18.904951 10.016838 12.038226
1.921153 7.831936 11.983421
14.225097 13.662090 11.962367
2.280840 11.583421 12.018198
3.164445 9.884170 11.996223
14.645981 6.484482 12.005907
12.669869 11.637884 12.003583
7.106318 13.074013 11.966407
4.933354 2.471622 11.943241
8.352218 10.438484 11.990509
17.454744 10.485199 12.025344
14.538159 2.232508 11.995998
17.909827 12.668281 12.015482
5.752844 13.012860 12.009273
9.273547 2.016260 12.008561
13.324293 11.009375 11.991189
17.409887 3.500034 12.040756
12.178807 3.473228 11.984544
0.968406 1.900759 12.008674
8.933171 10.328286 12.013864
17.219682 13.600648 11.995487
15.746552 8.605039 12.008538
19.132911 3.889403 12.029425
14.923743 2.801252 11.994740
3.256167 2.539577 12.003972
4.024698 3.079371 12.022407
6.896478 8.289087 12.001911
2.324925 14.941286 11.960597
13.883391 14.020542 12.012731
7.163191 1.418769 12.000931
3.914485 3.011058 11.996171
4.691450 10.212068 11.993568
18.837110 10.358581 12.040256
15.357643 3.148297 12.024657
6.431235 14.341419 11.981351
15.661757 8.808054 11.993239
18.424984 7.978579 11.982231
15.399302 12.345162 12.012990
7.828225 5.657414 11.990031
3.517623 10.715382 11.998249
15.706250 13.795386 11.989499
1.107389 14.226931 11.995850
5.774769 0.598392 12.042430
1.567363 1.106332 11.995916
4.928901 10.645116 12.023744
6.300106 0.077789 11.997200
7.290413 9.950371 12.000790
2.870550 12.332924 11.987419
12.264300 1.343074 12.008819
19.238486 0.374248 11.994613
2.337547 7.628263 12.010566
14.239709 14.834280 12.012542
3.664281 8.024703 11.969819
12.858468 14.643831 12.009098
3.262141 10.518387 11.983806
17.744255 4.534791 12.009333
0.458772 3.611671 12.014215
4.337319 9.069439 12.043967
13.087727 4.951681 11.975203
13.445520 3.613645 11.998554
9.132934 5.928148 12.034246
4.899390 8.023387 11.993276
12.415823 13.887865 11.985575
19.820452 14.355842 12.000710
12.790521 10.950185 11.986678
3.567419 3.636449 11.995535
18.337733 6.919825 12.007747
14.276587 1.464275 12.007411
11.968963 8.614519 11.949699
3.530012 9.620184 12.014599
5.922367 5.950070 12.000998
9.523681 3.256476 12.017533
11.930320 14.808791 12.015396
7.034180 0.578889 11.976831
12.973735 10.958440 12.016180
3.288579 10.338646 11.980869
16.383037 8.415005 11.993037
3.429264 2.804871 11.989693
19.116324 12.768260 12.029799
14.479667 9.164327 11.958394
15.384341 10.176446 12.036127
6.576258 10.645092 11.990026
6.229006 1.800290 12.005947
16.311317 6.987567 12.000308
16.677106 11.836076 12.022466
11.718578 5.974058 11.997273
7.676610 10.984927 12.016590
11.204061 5.636365 11.984271
14.092671 12.075315 12.016623
15.755510 12.691512 11.960933
9.039715 12.508413 12.003846
15.910528 9.784869 12.002315
12.833102 7.535641 12.005577
16.878735 12.776661 12.014585
16.039949 5.704606 12.004702
8.263369 14.457586 12.003985
15.398341 12.483664 11.976365
12.080447 4.012634 12.013277
13.252538 5.596058 11.979823
4.543667 13.448301 12.025856
15.491938 3.792612 11.983461
2.272189 1.222275 11.994271
3.896529 1.192730 12.013427
7.013066 12.989416 11.969541
15.208978 5.547307 12.051853
8.347867 3.142504 12.007855
12.337909 4.012084 11.990188
18.347486 8.912086 12.007449
14.263107 6.292593 11.985353
16.609021 2.131889 11.993973
2.656407 7.363083 12.001331
1.241848 9.762399 11.975144
4.844424 5.884321 11.971133
17.986081 9.263827 12.053388
14.564257 10.573715 11.973770
7.635483 9.714641 12.005810
18.219499 2.127372 11.972151
13.102116 6.550042 11.976975
15.997573 13.635781 12.009037
1.725880 2.367938 12.003522
16.625973 13.103062 12.018716
9.813548 6.711872 11.992678
1.690460 9.073690 12.016033
0.803244 4.724154 12.012188
11.342034 10.935258 11.954411
11.742027 2.705389 12.023535
3.614036 11.449238 12.014709
6.162344 2.149317 12.005145
7.882056 2.607476 12.024873
0.236497 0.143396 12.004901
19.393877 12.933053 12.020597
16.615141 12.667438 12.004893
5.009860 5.887975 12.015130
16.879916 0.057275 11.968340
12.174513 13.961104 11.982865
3.562377 2.528931 12.023448
15.784517 2.229664 11.982780
1.936734 3.195296 12.010454
8.484539 3.819385 11.997973
15.101197 13.993614 12.012131
17.990704 9.406158 11.985433
5.750776 5.142655 12.028777
12.026190 11.460814 12.019050
16.859764 11.605478 11.998296
17.251521 3.736832 12.012241
0.049657 2.608804 12.005213
1.903126 2.260679 11.980181
3.792517 5.335034 11.964428
0.238530 0.423021 11.967220
17.911453 6.638608 12.018329
1.330013 2.992539 11.983215
18.331168 11.494659 11.999348
6.112946 4.943369 11.997483
1.484077 9.755911 11.993615
7.554363 10.217000 11.971984
14.555244 11.914578 11.998680
2.675354 7.090824 12.029092
19.068805 5.953625 12.014866
3.527050 3.856593 12.002344
17.990429 0.148662 11.970161
0.261016 2.331397 11.988227
14.729131 3.312660 11.984615
9.708053 9.861106 12.011805
15.344422 11.885691 11.987733
13.139023 6.876635 12.004237
3.917084 12.325680 12.052492
1.016980 5.595199 12.025762
8.110602 9.787689 11.957111
11.591273 8.354438 11.949877
16.999826 2.253464 11.987302
4.755321 6.926777 11.991588
6.025044 14.487290 11.981162
6.742352 2.257079 12.017804
14.489310 6.089966 11.997662
2.544543 4.982717 12.017131
10.449625 11.164955 12.012271
11.785654 0.565759 11.995528
10.457296 6.781150 12.005773
10.855019 3.962953 11.989594
8.703551 4.450756 11.967903
19.712831 6.095885 12.004082
9.038461 4.367386 12.006578
16.734821 8.525445 11.979753
11.085303 4.326003 11.984079
12.222386 13.758062 11.969634
16.266385 6.699237 11.998362
19.645804 2.339867 11.975522
2.835739 4.355925 11.986174
11.639629 11.966930 12.009195
3.663402 1.615634 11.980503
0.978939 5.689120 11.970514
17.962587 14.229070 12.004595
19.864628 0.052113 11.981805
13.765516 14.539085 11.984983
8.122912 5.381837 12.006620
15.110437 3.173876 11.967972
19.748286 12.394109 11.981152
18.323167 7.001043 12.013605
17.270865 1.566880 12.005900
10.268481 10.007198 11.995103
4.307269 11.658488 11.987952
2.657350 6.776565 12.032901
1.472002 10.735451 11.999451
6.840662 1.613735 11.992721
0.841022 0.497050 11.984787
13.534498 3.295573 11.980956
16.505352 14.711233 11.947808
15.910604 2.653092 11.985442
1.710097 13.820846 11.958529
4.033317 4.452963 12.007716
19.407702 7.393808 11.996431
19.936492 10.554079 11.988682
19.464159 2.559225 12.004189
18.461260 3.009445 11.962308
2.944120 3.790821 11.980956
15.815394 7.178459 11.998516
4.275797 5.210902 12.007597
5.114250 1.291768 12.000177
9.815395 4.001365 12.015031
16.034618 12.435563 11.998992
8.846372 7.742479 12.003981
4.532984 14.225582 12.023624
18.189713 4.156440 12.037138
5.714806 3.919386 11.987003
15.465727 6.363734 12.003662
15.306861 1.203038 11.965005
1.773705 4.735129 11.997211
8.888467 5.379657 12.008648
2.628921 9.340867 11.972481
14.470254 2.163153 11.994053
14.837540 13.348073 12.024372
6.017873 13.132103 12.017307
13.638133 7.952856 12.004733
8.313129 6.332728 12.027771
11.196483 10.495887 11.999122
13.684421 3.040026 11.991811
16.805054 8.439130 11.963986
9.857649 4.297409 12.021413
14.046748 13.856729 11.992132
5.526314 7.233098 11.988203
9.350862 7.583362 12.013152
1.752457 11.440671 12.008266
9.642693 11.730624 12.005778
7.463066 3.528715 11.993729
18.427715 9.164157 11.994379
5.215313 12.992315 12.007292
19.898232 6.186712 12.006689
4.205714 1.657950 11.994285
11.979339 13.032895 11.989726
6.549969 13.445677 12.011148
18.014861 2.322186 12.013724
9.690786 3.244047 12.019994
5.242788 3.602331 12.017021
3.381301 12.483625 11.953416
14.937816 14.325883 11.970172
17.864762 5.901174 11.966684
15.376555 14.025312 11.991483
10.346394 0.291924 11.987549
18.402384 5.940893 11.976380
10.217574 1.707370 11.960402
4.396506 14.769553 11.993841
4.676109 2.954805 12.012476
12.819277 14.027056 11.957134
16.298929 11.647919 12.019234
13.918852 13.379888 11.967475
2.481607 7.604844 12.008309
9.239407 7.698065 12.003024
1.320515 2.198945 11.979302
18.393788 1.884833 12.013495
2.038815 9.895792 12.005768
18.261310 4.104044 11.971469
7.176810 7.086182 12.010799
11.651227 1.837339 11.992935
14.080978 8.869956 11.998333
16.672429 1.161787 11.984640
14.304041 2.605375 12.037095
10.065954 2.204652 11.990436
5.217090 2.060611 12.033295
4.042828 9.378649 11.972666
13.621138 0.537524 11.980698
8.008683 10.073854 12.002077
14.460852 10.120268 11.974347
15.639431 2.996822 11.999462
4.982573 7.078762 11.992282
0.493852 2.647050 11.992338
10.024349 4.464039 12.003268
6.508595 11.658657 11.972057
2.053901 7.615139 12.000767
8.631125 14.443676 11.967124
7.810525 14.079497 11.981114
4.484485 3.247160 11.998525
6.541341 12.194037 11.970424
0.899466 5.105214 11.997268
19.241593 5.778073 12.005554
14.325660 8.951118 11.995501
3.671545 7.537518 12.011469
11.345588 14.042319 11.987595
13.178649 13.570343 12.009123
10.650459 6.705147 12.009717
12.143376 12.420610 12.013757
17.345344 13.688568 12.016830
17.804451 10.846857 12.023023
0.561883 10.451860 12.014722
10.280264 8.430690 12.005771
9.130020 10.358171 11.978938
0.827615 2.238841 11.993383
18.118054 3.067969 11.968120
19.849553 5.496928 12.003675
14.159406 14.175545 11.998857
5.421917 4.467380 12.002736
1.299927 1.936637 12.024638
5.669394 6.942264 12.027621
12.125008 5.085751 11.997032
5.732604 14.865050 11.981122
14.883860 5.831619 12.048432
19.592726 8.446419 11.982994
4.277105 14.505860 11.999873
19.855884 13.355105 11.995351
10.001978 13.546885 12.029187
8.343076 11.900164 11.981647
3.918694 5.454871 12.007859
1.430419 11.589913 11.990283
14.898669 8.981155 11.970904
13.404778 5.447375 12.011585
15.316033 7.937955 12.000582
4.290076 12.960321 12.011872
14.952562 0.952709 12.030120
12.572041 13.484765 12.017561
7.943231 10.646214 12.024540
3.443757 4.921582 11.977390
13.281763 6.042659 12.028567
18.199414 6.453476 12.014221
16.012290 6.509122 12.005750
19.672421 0.316332 11.975304
3.047635 2.683590 11.996811
12.940914 6.565471 11.969026
7.170692 1.354469 11.988714
6.897744 2.105085 11.982999
6.691548 13.918657 11.986139
13.255495 8.492689 12.009255
15.677802 13.575906 11.986123
11.027918 9.734467 12.028492
13.979616 5.329531 12.004369
7.045962 12.147986 11.976373
9.999544 8.646022 12.017686
3.213708 7.848400 12.012940
1.077404 1.389722 11.990676
9.089234 3.072014 11.985580
19.530665 0.603986 11.990711
18.442690 1.284896 12.025354
17.946399 13.338951 11.999510
7.299156 11.881862 12.010318
14.999783 3.380266 11.976189
18.760033 3.642525 12.045878
1.183610 7.384109 12.032761
8.917256 4.938452 12.042460
7.424808 8.343159 12.029904
16.850829 3.249057 12.035307
11.554035 6.099822 11.946024
19.986243 13.733430 12.015657
1.127136 6.916962 12.027503
6.237763 13.120291 12.011623
11.092723 7.974131 12.004285
4.396678 6.385425 11.990931
19.362565 7.676682 12.035898
13.857263 11.129980 12.004367
12.130148 14.958010 12.004573
2.720689 0.450933 11.979956
15.800045 7.775688 12.003906
19.419120 10.070641 12.015166
16.034516 6.085805 11.990931
11.290958 8.559611 12.008467
13.665857 0.839607 11.972784
10.653389 4.229875 12.005712
0.734751 5.681017 11.981427
17.418798 6.061472 12.017678
4.687372 10.235124 12.002604
6.271859 13.537707 12.006098
18.311710 0.897435 11.954836
14.998979 6.725779 11.996487
11.029645 5.973680 11.971392
5.061000 14.489319 12.011939
16.459631 10.588908 12.000770
10.692942 14.331684 11.992223
10.934946 7.560784 12.017437
3.812160 9.430818 11.990906
8.781287 12.799228 12.004022
7.121169 0.559036 12.023990
5.872281 13.868681 12.009881
9.490883 7.127973 12.002311
16.823258 14.415203 12.010258
6.292096 0.147190 12.035871
4.929933 1.410405 11.975677
17.637195 1.128931 12.001867
15.431826 0.844971 11.982851
11.297866 2.023628 11.995228
13.588244 4.978101 11.985695
1.682488 2.028749 11.999359
14.787578 2.153599 12.025818
17.819970 6.745450 11.995249
9.506496 9.390169 12.041417
16.854261 0.652194 11.980767
11.390958 8.619298 11.992033
0.710681 8.759717 12.003078
0.267867 4.815895 12.000867
2.576703 2.839108 12.052606
19.296450 9.474954 12.024876
19.135474 11.750065 11.986479
0.801290 4.263073 12.029358
7.371544 7.659268 11.986520
18.953374 1.476122 12.005366
11.054206 11.712982 11.961547
15.815124 9.935069 12.008975
4.121555 6.415136 11.987261
2.029232 9.095863 12.011429
6.615914 14.332978 11.992535
13.876023 8.413212 11.990523
18.577815 6.405000 11.984492
15.591017 6.766737 11.980831
8.155596 2.735832 11.982755
7.487685 13.668653 12.001393
17.419204 8.281079 11.990101
10.343939 5.946380 12.022856
9.120454 14.090163 11.972947
5.666245 8.299240 12.014574
13.799622 2.209328 11.986420
3.005807 10.391785 11.986056
7.738664 14.493359 11.988227
15.039363 12.410027 12.011157
13.506793 5.655247 11.979654
2.645395 12.153955 11.983031
7.120179 7.232756 12.001825
7.936138 6.042427 11.995641
4.651662 8.312578 11.983546
3.983699 1.155591 12.001260
10.179314 3.989075 12.011162
6.719375 8.691913 12.006184
12.158282 1.736297 11.986918
12.821442 6.154549 11.971576
19.120530 12.441403 12.027273
11.798441 13.424620 11.991937
16.423620 2.761019 12.026813
18.204458 14.158986 12.029966
8.506974 6.945509 12.008799
3.473462 2.275279 12.011863
5.555813 11.273697 11.969698
13.672790 1.285693 11.975391
6.410974 10.981139 12.010587
2.614486 10.488478 12.080567
2.758656 9.517520 12.022468
6.662086 12.424863 12.012143
2.893392 12.350368 12.034186
18.346511 6.637316 11.973801
0.139755 7.752847 11.998474
4.664738 6.267097 12.006650
18.564202 9.182294 11.979536
16.122433 7.812734 12.037354
18.492672 4.446007 11.977045
17.586356 6.341222 11.988217
8.390854 8.467908 11.993924
1.835999 12.019220 11.977723
16.651212 1.996847 12.003465
7.458623 8.419740 12.009621
2.325293 14.112729 12.007462
15.467548 6.111065 11.964213
0.517781 1.022532 12.000181
4.346819 12.729462 12.013533
13.156941 3.159528 11.962520
4.797602 10.447255 12.023674
1.335953 6.964293 12.021556
13.652043 14.115251 12.007826
6.049194 11.616418 12.027412
18.327241 12.024706 12.013134
1.294770 8.999343 12.004891
6.986906 2.085770 11.962820
17.947262 2.517687 11.997311
1.583649 0.640426 11.994673
17.560487 9.429200 11.992246
16.727710 10.339716 11.968447
2.680578 3.052221 11.965716
11.191764 12.844536 12.015420
2.397498 5.286362 12.000831
18.542829 3.271464 11.987695
19.716647 11.253191 12.011513
6.938877 9.407648 11.992244
19.229032 3.012720 11.960403
5.494827 12.475794 11.991224
12.059881 1.576043 11.995328
4.838440 2.854803 11.984833
0.444890 11.533500 12.000266
7.000876 8.094295 12.033458
8.818454 6.496815 12.008445
3.811533 2.261599 12.044032
10.278243 1.313260 11.991009
18.592019 6.509551 11.976897
16.281313 14.765356 12.008012
8.236632 9.354400 12.002860
8.412866 4.774258 11.994769
17.349573 14.994027 12.025249
11.415205 14.969966 12.011302
8.325294 5.038171 12.004356
5.512143 3.257727 11.999733
18.816632 2.908365 11.957715
9.763177 8.837856 12.010648
6.531356 4.697536 11.991591
17.967904 11.681909 11.995832
13.619607 5.372964 12.002931
17.710423 9.087111 11.991206
6.034177 3.734655 11.997902
19.605379 7.238013 12.015432
17.439693 9.876642 12.042758
12.767530 14.848516 11.967522
19.505348 4.577913 12.036125
8.788399 11.317764 12.022240
10.024260 9.077002 12.000110
11.928028 11.350381 12.010710
15.604111 9.185042 12.055956
14.005543 1.584186 11.975175
18.355775 3.590946 11.997699
9.391775 10.675795 11.965340
11.398307 11.128915 12.004451
8.323714 9.470965 11.995483
15.769442 2.965871 11.997366
14.351222 1.588055 12.007782
19.123629 11.078944 11.984872
19.395535 9.538945 12.002984
11.213477 8.387675 12.028239
0.745427 0.280408 11.995938
11.753859 9.285605 12.004675
12.965286 11.691324 11.984976
1.324074 6.955462 11.981636
3.611236 0.780679 11.973249
17.338715 4.391691 11.964104
8.615244 2.618186 11.967922
18.465539 9.310304 11.987483
6.438188 1.794575 11.982380
19.607027 0.656969 11.996268
13.477225 12.272029 11.982545
14.931016 13.857478 12.012071
12.015438 12.663910 12.023176
10.844772 8.756017 12.010320
14.564293 5.357417 12.008340
4.007859 1.175342 11.988128
9.736544 5.872506 12.010276
19.031714 2.763103 11.995735
17.916446 12.096643 11.994182
18.608758 12.482529 11.978266
16.008040 7.049120 11.992987
15.697464 4.615191 11.953264
18.521140 10.473512 11.967148
15.301252 9.413593 12.002944
1.827389 8.700038 11.980151
11.519105 13.873654 12.053970
0.763498 4.196210 11.981695
3.532337 4.930600 11.992203
13.562380 0.838733 11.993508
18.431369 3.299277 11.996128
0.304937 7.070327 11.997311
15.105331 12.303005 12.002216
9.112259 2.828083 11.967997
16.462297 7.821618 11.991479
12.666398 4.605876 11.998881
11.726891 11.809991 12.024746
8.542783 9.571810 12.004966
6.960503 0.832007 12.030949
10.034346 2.448485 11.963954
13.441964 11.453823 12.004564
7.587470 10.200801 11.970195
9.775090 1.778185 11.990740
11.907815 4.530830 11.996979
0.055216 4.108778 12.047537
4.271555 7.117326 11.992888
3.702684 0.368205 11.982331
17.460868 7.970074 12.004154
17.958339 2.469176 11.965433
3.601564 11.020146 12.002556
13.963377 8.205472 12.003367
8.360102 11.820252 11.976584
10.957240 9.436360 12.017620
8.184074 13.644647 11.993117
9.355380 14.326828 11.995555
13.813998 9.329062 11.976333
5.793368 9.415883 12.012208
0.418018 5.347632 11.973174
10.070924 14.020144 11.991130
1.982668 12.227324 12.025546
19.126937 3.725952 12.010994
6.843248 3.926779 12.037402
0.453765 11.131112 11.986262
9.595379 5.274028 12.028730
6.484709 12.332725 11.992880
13.719996 13.758487 11.982907
14.089069 1.727164 12.006198
14.001694 7.790965 12.022588
7.834921 13.313256 11.968963
17.166497 8.279154 12.045355
0.942200 2.213638 11.993904
9.399005 11.836364 12.022996
18.952646 3.079767 11.994196
8.369335 7.416741 12.008994
19.626835 14.513654 12.009948
14.253937 13.348247 12.025933
8.182809 9.124343 12.041632
13.648836 2.373010 11.987585
18.946489 5.798997 11.999996
17.024650 3.565121 11.992579
3.935380 10.105222 11.970839
16.334720 11.422382 11.989072
4.551868 9.383839 11.978866
1.995596 9.123404 12.006125
8.080315 4.655580 12.010723
11.807396 6.787251 11.978895
6.250571 14.749932 12.001144
16.929231 13.609558 11.999260
6.512009 10.699445 11.991387
2.434382 13.011772 12.018389
9.963733 10.635216 12.012478
12.659086 9.554938 12.025365
5.511861 11.342073 11.993994
17.877609 3.718317 11.999821
1.229852 14.484114 12.001995
11.951940 6.512499 11.969882
16.820774 0.646618 12.002256
16.241574 2.816375 11.995429
13.018113 9.943238 12.008310
0.856295 9.957221 12.045016
1.609618 8.117724 12.023893
9.654144 7.518723 12.013557
18.892485 9.515778 12.004693
1.616922 10.849943 12.021332
17.068258 3.002829 12.003700
16.251496 3.082543 12.001719
19.042983 0.537506 12.002541
3.047248 9.043651 11.984193
2.078462 5.591636 11.977447
7.612000 14.063615 12.054301
10.357267 5.046088 11.975730
17.188868 8.469181 11.998315
18.436867 5.213774 11.980401
6.401165 5.371831 11.992642
16.475285 5.453737 12.028179
16.763289 9.149159 11.960732
8.259882 5.501586 12.035517
9.166832 2.206598 11.975074
17.631053 2.482532 12.002094
17.513804 7.852525 11.980860
19.173180 6.490279 12.004830
12.270745 13.044974 11.979495
9.743728 0.621152 12.003253
16.543494 3.964360 12.024094
1.662369 10.359291 12.018539
17.489414 10.293186 11.986219
4.325125 1.114033 11.988601
9.380662 3.711896 11.977275
13.727170 3.423353 11.990683
0.573789 14.382464 12.006509
7.785575 13.797289 12.019206
5.824084 14.744168 11.993451
1.325473 2.187179 12.014684
3.409959 10.468300 11.981390
3.206877 7.831069 11.987771
15.045726 11.275079 12.004619
8.056836 3.153524 11.981987
0.934330 0.461004 12.034709
4.435148 1.733912 11.994794
14.468616 7.580479 12.005069
4.477420 14.714438 11.995112
8.757946 0.507076 12.013556
13.162663 8.793728 11.975132
19.225380 2.989226 12.031723
1.181790 1.103989 12.015950
4.460270 9.368736 11.993313
4.457960 5.571478 11.980169
17.654297 11.134691 11.969598
11.011051 5.518789 11.994730
15.023380 1.476224 11.990944
9.182846 10.954013 11.998527
9.464309 9.811480 11.973602
19.471908 13.574020 11.965282
3.297905 10.417543 11.991409
7.930159 0.199867 11.994095
19.713767 12.465000 12.003561
5.230828 8.274296 11.992137
2.239453 0.156781 11.999899
5.925358 11.988025 11.998625
16.709103 11.554875 11.985610
19.885285 14.978433 11.989464
12.474625 7.229531 12.002198
19.796281 11.670698 12.019428
3.553413 10.687048 12.022097
12.585343 7.378227 11.946824
11.883155 2.610284 11.996522
2.585540 6.658632 11.978906
12.311574 2.330694 11.994209
10.731791 4.576869 11.998694
15.128592 13.053339 11.998322
16.614089 3.800694 12.029717
4.476018 12.370954 11.999990
2.188756 0.450779 11.993909
18.516866 7.320312 12.021666
14.827579 11.159031 12.009078
7.248787 12.984473 12.005570
10.728210 0.367140 12.009221
16.435270 11.907706 11.973794
3.286388 13.363085 12.015366
0.012099 2.320232 12.008047
10.968061 0.811380 12.014714
1.851767 3.040307 11.997195
19.243916 3.544655 12.014103
4.076414 2.854395 12.030482
14.726218 8.833449 12.020478
14.225713 3.790183 11.980881
3.351052 10.853249 11.986552
0.514731 7.734822 11.965129
4.603727 6.811493 11.999635
10.864690 12.990991 12.037525
2.562878 8.936573 12.010303
18.795792 3.957562 12.004067
15.639280 1.350243 12.000830
4.463358 8.095546 12.014714
2.283537 11.200835 12.020579
1.394712 10.113305 12.002374
16.406849 12.029686 11.972678
17.631380 11.672124 12.002244
10.525907 7.765432 12.023045
11.299064 3.972712 12.009811
8.431729 12.364801 11.978346
15.926331 6.590706 12.034492
17.461630 2.054192 12.011295
6.270852 13.404239 12.013216
18.000562 3.091813 11.999291
4.794737 2.488209 11.983405
4.378089 2.847859 12.013424
17.026304 3.080957 11.977782
10.406629 4.152298 11.993591
1.061995 8.499800 11.988573
2.024974 3.189140 11.958330
5.768907 12.946194 12.024191
3.532989 6.454040 11.960175
19.913787 7.099004 12.018348
14.364617 10.365325 12.015965
8.790983 0.833519 11.992235
16.151445 4.753962 11.996617
5.870202 10.282191 11.982944
0.589800 5.770954 12.009184
7.301061 1.428687 11.999626
7.187572 7.340261 12.004174
2.783016 3.242681 11.983720
12.610918 13.217180 11.958581
7.723142 1.774555 11.965020
5.977902 1.152897 12.012334
12.122355 8.377943 11.978052
14.452624 3.006424 12.002672
19.830614 12.889594 12.020657
17.686278 2.658660 11.977778
0.241238 7.072634 12.017899
3.057405 11.250536 12.018629
10.857437 0.742085 11.990648
9.287267 15.030929 11.990737
17.457363 11.527911 12.044956
16.315481 5.014757 12.017518
10.563125 7.095615 12.012660
18.961468 2.357193 12.010579
7.197159 5.905864 11.989527
13.053742 4.762835 12.038164
13.916879 4.569972 11.989048
10.173266 11.565934 12.017969
4.329176 12.036086 11.987331
3.088360 5.469703 12.005199
3.248287 1.761960 11.949835
7.767728 0.629151 12.011804
13.401432 14.289021 11.987052
6.188052 1.563596 11.988968
17.230252 9.816885 11.997775
11.909265 1.382148 12.016600
9.113760 11.871531 11.994218
6.419434 5.420230 11.981018
2.251731 4.941247 11.962487
10.961176 0.368397 12.053082
7.565565 14.460276 12.008628
19.268735 7.259719 11.986477
14.817071 2.261847 11.990586
2.713944 1.929464 11.993862
11.091877 10.216207 11.996890
17.487285 3.102346 11.987541
18.776978 7.441904 12.017999
18.677160 2.942517 11.997328
16.327948 5.739285 11.973747
5.545705 11.468420 11.977861
12.621521 0.433897 11.998348
14.172198 3.444544 12.023824
16.672628 13.804946 11.982553
17.731101 9.902082 12.003371
10.597723 13.272448 11.998914
6.463477 0.372749 12.020868
10.501893 13.141553 11.999041
18.440796 11.738065 12.025357
10.513300 1.894514 12.009189
2.827487 6.606139 12.010434
8.682772 5.826417 11.976865
15.223693 12.954186 12.042593
19.454711 9.921990 12.029280
8.467443 11.079052 11.989605
15.918811 13.699997 11.988408
5.441349 4.686635 11.987933
7.292095 0.994947 12.007023
5.963471 6.529774 12.012521
13.571419 14.092948 12.021259
18.296716 10.176037 12.022677
16.410380 0.528181 12.000766
11.872546 14.753268 12.003011
10.702212 8.074370 12.014303
17.020983 5.927272 11.973516
18.758989 7.401205 12.005377
15.568714 8.086856 11.986251
13.108698 13.803821 11.968027
15.922318 5.421454 12.004245
9.761932 9.918464 12.025086
8.471137 1.708827 12.017897
19.283380 6.369840 12.022199
11.036524 13.938412 11.986377
11.546632 11.438925 11.995741
2.347999 13.953710 12.013138
10.242791 1.966629 12.032197
7.599334 6.999422 12.024954
5.592102 7.875545 12.013964
19.309182 1.433254 11.956966
18.584909 7.788258 12.018619
19.534773 5.689121 12.018725
7.023730 0.152243 12.015061
12.980329 1.616187 11.973192
6.138363 7.329725 12.020111
8.911207 1.588311 11.999273
5.321963 5.943477 12.016598
11.704824 14.800644 11.993809
5.777994 6.603844 11.987026
5.846103 8.455916 12.029779
8.450024 6.239270 11.982084
0.436546 1.576893 12.039021
17.952213 12.148404 11.993228
4.437631 11.004146 12.007350
12.612594 6.680652 12.023110
1.351072 2.865166 11.967327
7.622860 10.964322 11.996020
0.877169 4.950358 12.014508
19.913654 7.317228 11.993704
17.368575 3.860835 11.964865
17.039692 6.355003 12.001440
4.106381 13.670161 12.035422
11.398127 4.470193 12.030698
17.371894 5.764596 11.997877
7.614373 7.611088 12.030413
0.671505 4.236802 12.022651
8.422746 14.530715 12.017377
17.828195 1.547556 12.007734
2.216689 1.850084 12.004129
1.742348 9.465913 11.979246
11.969550 9.134026 12.006147
4.537293 4.290446 12.006253
7.762386 1.120816 11.984612
7.970256 1.986881 11.998348
14.007685 3.305634 11.993682
0.573335 6.020586 11.970293
13.213565 8.429707 12.020355
9.836158 9.286445 11.984047
10.257518 10.439306 11.987496
14.154014 0.758311 12.017908
12.827001 8.152579 11.969281
13.531492 0.675494 11.971558
5.982690 9.786834 11.998703
17.039443 4.750962 12.015451
12.299556 9.149139 12.003541
9.213588 7.171623 11.992712
10.044043 12.218111 11.983988
4.883739 1.456803 12.041170
15.751920 8.024775 11.995460
5.540023 4.692344 11.989931
11.579872 0.210773 11.994758
18.679953 8.071214 11.998121
11.005323 11.749149 12.004440
0.779603 9.209663 12.021123
19.366325 0.732007 11.981889
11.272726 9.751201 12.016541
3.681598 10.765454 11.994439
9.976234 1.044910 12.015998
7.329938 5.815997 11.979447
8.383823 4.458928 12.011843
9.676046 11.271104 11.986820
16.524942 5.514162 12.032759
4.835309 3.142414 11.988978
13.183890 7.994078 11.972449
14.381792 11.378904 12.001508
19.569624 5.903753 12.027410
6.300947 13.425347 12.008685
4.005217 9.761982 12.033187
18.689003 1.756281 11.965099
19.022875 14.663029 11.996995
15.575084 10.836509 11.990675
7.741010 3.529323 12.017968
19.454223 4.657888 11.949368
11.663189 7.096119 11.996728
4.364606 0.343587 12.019730
16.523792 13.394127 11.977620
9.642220 1.164647 12.032796
1.155566 2.554111 11.989369
15.585997 8.015424 11.961540
16.310870 11.960144 12.032041
17.139309 14.067800 12.005662
3.259436 1.735728 11.960613
6.719821 0.248271 12.037314
15.839875 10.508967 12.017656
15.224867 4.029428 12.022634
17.753693 1.974974 12.023831
10.958225 0.036552 12.000937
6.202851 14.469185 12.007988
8.198197 10.981108 11.990837
5.909686 5.126097 12.014492
12.859581 8.956636 11.983140
9.906929 13.353830 11.989932
11.353740 13.710218 12.024793
13.451020 7.953873 11.995224
4.763313 14.075833 11.993015
17.886420 11.388202 11.995446
0.930898 8.214778 11.978850
4.887983 5.691215 12.012454
2.494633 14.091834 11.967326
8.244545 2.885455 11.980084
18.851476 8.164930 12.005454
16.531867 1.948689 11.989350
9.870202 1.984814 11.999435
8.065199 0.887374 11.978258
0.784415 4.687555 12.010102
9.779642 12.013004 11.991717
5.087952 2.736372 12.002967
-0.019936 12.464261 12.012159
16.902791 14.890146 11.996120
14.461903 7.888975 12.013243
18.768916 11.800632 12.038708
9.355330 10.010836 12.002455
9.939421 6.873559 11.950215
11.210445 4.272518 11.964615
17.650904 10.078027 12.019453
4.095980 3.466813 12.011033
1.400694 5.545735 12.021124
13.285539 2.310253 12.025395
10.161552 8.696813 12.015835
11.845245 2.438086 11.998593
17.733548 11.999526 11.988569
18.146868 7.134491 11.995173
7.539695 10.700751 12.031474
13.771824 6.805385 12.014955
9.868077 11.644617 12.006888
11.084219 13.296637 11.992151
16.249473 7.004893 12.010847
5.611047 5.527043 12.012856
1.852011 10.796200 12.000011
13.641884 14.470162 12.015223
6.129654 2.644842 11.991104
5.964151 11.178835 12.025149
2.526734 0.062798 11.991436
19.029781 14.683229 11.984679
16.698114 11.937590 12.047741
14.608837 14.173421 12.006742
10.873961 1.632676 11.994875
0.567498 0.755270 12.024066
19.453940 6.540814 11.997002
3.950405 0.904785 11.988230
14.280700 0.800944 12.016461
10.909703 1.379214 11.992147
5.607963 0.912481 12.016962
9.140854 1.483810 11.983191
11.495328 5.501975 11.999190
14.031415 7.482863 12.016686
14.842699 1.569462 12.012767
0.705044 9.608075 11.953947
17.388217 9.103907 12.036393
14.414487 4.427101 11.987140
15.651155 4.569660 12.005420
6.915686 14.799354 12.009035
13.870368 4.510231 12.023696
12.252515 13.594712 12.030082
6.751109 3.043335 11.990610
3.376902 2.712301 12.003230
11.639473 12.939130 11.976774
15.390456 9.091246 12.021224
6.891207 11.518095 12.016015
17.336214 8.626476 11.989322
17.400122 14.611197 11.968276
15.252157 0.433822 11.974494
2.542204 2.248471 11.955733
10.269052 1.667630 11.994916
19.649080 10.065092 11.977521
5.179349 4.693123 12.012596
0.699733 11.788650 12.000531
10.337962 1.852289 12.000459
5.332357 3.458566 11.984535
14.784540 0.977009 12.003657
18.827943 14.876150 12.044073
8.607405 10.735737 11.985904
15.984950 1.645913 12.035684
14.288485 9.698080 12.020260
13.400313 6.617876 12.000694
0.629687 13.708516 12.010446
14.533806 2.018171 12.007932
15.560168 0.436564 12.024530
1.441439 2.303639 11.987633
18.164482 14.054756 12.008905
9.262021 13.898511 11.956469
15.444658 1.012419 12.034374
13.976720 7.813200 11.984053
15.993310 10.257624 11.996536
0.424655 0.071107 12.000392
12.880160 0.245069 11.987425
6.359531 1.002954 12.000039
7.536263 10.542796 12.018172
2.687142 14.113875 11.958900
11.419793 1.041746 11.991710
14.434578 2.163755 11.953253
4.878835 6.990088 12.018451
3.119584 6.643867 11.975571
19.042020 3.182778 11.968960
4.832092 3.017663 12.001658
6.581729 2.085143 12.023143
17.656017 3.722163 12.010696
8.398921 12.630204 11.998084
6.596100 6.855466 11.988726
1.406023 13.785768 11.995593
15.744376 12.581938 12.010691
14.727142 7.890438 12.009326
5.469379 12.308287 11.978757
12.234735 2.465496 12.044924
1.154680 9.633378 11.993378
4.629852 14.073657 12.010397
16.199320 9.273801 11.968474
18.954232 7.375310 11.995024
15.416979 9.864859 11.967566
14.445821 2.023356 11.997519
13.352792 4.436810 11.967963
1.471758 3.770999 12.019851
11.092938 1.735669 12.007286
13.478627 10.656276 12.019217
15.247392 9.532216 12.001923
14.240147 13.074770 11.992408
6.601462 10.485278 11.957852
11.611100 12.160610 12.004690
16.118239 2.105495 12.013513
9.892480 0.991213 11.999263
8.258037 5.530414 11.975750
1.787217 1.963532 12.032635
10.948578 11.534016 11.982472
14.157923 6.486694 11.996035
7.093458 14.071104 11.993945
15.063986 1.311185 11.984515
19.861601 14.228719 12.017612
4.189785 10.884042 12.007802
12.425219 12.048600 11.969187
6.741334 7.355737 12.017791
4.842658 5.443199 11.980894
11.174328 10.859773 12.000090
7.638626 14.644776 11.963585
12.414886 0.420745 11.994727
13.272648 8.964007 12.023377
8.272722 3.686533 12.003852
0.289063 6.018454 12.015337
18.252418 8.630196 11.971588
19.210759 3.283565 12.021768
5.530668 0.153929 11.980447
17.219628 1.071224 11.983230
18.246982 0.410138 12.001609
4.406776 0.690317 11.990460
9.700744 2.429570 11.964972
1.600021 6.688269 11.996723
8.877278 6.790537 11.991767
6.101087 0.193734 12.005316
3.270805 0.376336 12.030530
11.109306 3.823335 11.957807
2.563831 0.773921 11.997153
7.014061 3.060736 12.005607
17.294159 0.521398 12.021908
13.601267 1.290373 12.015741
16.134450 9.903330 11.985611
4.634257 2.028444 11.988473
11.251256 6.697244 12.007043
5.858761 12.089325 12.009456
9.068598 0.916765 11.988121
12.156280 4.031072 11.999000
7.630390 9.401520 12.031378
10.591121 2.578015 12.004796
11.721185 7.792797 11.991509
2.582767 10.404035 11.985212
0.418536 14.235020 12.009529
1.806556 14.602341 11.999017
17.635403 2.426588 11.961338
19.706369 13.166749 12.028339
2.936687 0.805366 12.016200
7.061140 6.704511 12.045312
6.655930 7.042466 12.029215
11.888017 1.314719 11.983379
6.179009 4.734899 12.002008
19.104554 11.650304 12.025807
3.669228 3.220619 11.967352
9.584548 9.327770 11.992080
4.409695 14.454153 12.020447
8.053460 0.795532 11.983082
4.031225 0.226732 12.009334
1.784186 3.975918 12.029123
17.998354 1.466660 11.986984
11.656614 1.265434 11.992985
13.414720 6.159192 12.005739
8.097818 9.818228 11.994883
3.119585 11.146338 11.965213
19.419925 1.646855 11.979831
6.751430 8.548844 12.010622
14.782794 10.768286 12.018761
18.055502 9.258887 12.024160
11.211767 6.978058 11.988754
8.244665 6.595946 11.991147
5.151335 11.681578 11.993998
0.974954 3.453773 12.048290
1.444821 2.812094 11.990017
13.387625 0.881373 12.014505
18.356588 6.069426 12.009544
15.156830 9.951876 11.989567
6.182280 7.833402 11.998897
2.294776 1.231609 11.987434
4.033710 14.861576 12.004331
17.165791 5.561638 11.970013
4.986918 0.050259 11.999287
10.842214 9.077112 12.015597
19.898036 0.089705 12.005107
19.968430 13.509863 12.002641
4.291414 9.001609 12.020940
19.218569 4.904383 11.982441
6.195709 5.009341 11.997444
16.686173 1.539361 11.994973
4.687631 6.324971 11.964222
0.766247 7.499579 11.993574
16.106867 2.285074 12.004774
9.126514 10.174764 12.025678
19.735263 4.753663 12.019497
7.081637 1.029413 11.959818
7.332173 3.708732 11.986140
11.347546 0.509210 12.060540
15.885131 13.655743 12.004287
0.438596 6.938103 11.991297
12.688058 14.388660 11.980663
4.857455 9.216268 12.000223
4.480992 0.644594 12.015636
1.734098 2.598439 12.031230
0.144281 7.980271 12.009089
6.091959 0.145443 12.024088
12.938207 9.160832 11.992841
8.580410 13.091731 12.010377
2.343334 4.793165 12.018588
9.823733 12.589738 12.036319
16.499331 13.896012 12.010984
16.714351 3.811616 11.997414
11.649757 7.086581 12.011675
11.038299 4.654788 12.026248
7.314571 4.296949 11.993236
9.811629 0.126331 11.998579
15.437507 3.429056 12.008209
8.667279 11.906428 12.046349
16.799718 13.456423 11.976175
12.278238 4.426299 12.003491
8.132163 0.564173 11.997686
18.424896 11.283932 12.012902
17.755296 10.567925 11.997913
7.978902 4.230425 11.985923
14.816731 12.228999 11.986478
18.580058 11.362806 11.998947
11.757955 1.384529 11.976949
18.742520 7.305526 12.001452
1.607733 2.546140 11.966825
18.754975 2.501554 12.006233
13.648505 5.593870 12.006363
3.180106 2.384973 11.993247
2.418717 12.440924 12.018110
14.620641 6.660571 11.974842
4.987558 13.048985 11.978259
0.673619 8.212583 11.976112
4.028384 9.003966 11.988003
2.095730 8.558869 11.992247
3.419520 2.766245 12.020369
10.598736 2.041904 11.986384
10.671783 4.477190 11.968655
8.980678 10.047597 11.958597
14.934110 12.992374 11.988206
0.311131 2.320662 11.990900
17.778511 1.260991 12.013550
19.801617 12.666258 12.011682
18.886688 5.390214 11.969663
5.320403 3.767474 12.008621
17.586543 0.134717 12.007723
14.830901 2.987915 12.026509
9.703653 0.627924 11.931441
19.795138 10.352963 12.010643
4.526654 1.040615 11.979854
11.696461 11.240276 12.000305
4.269699 10.307035 11.990433
5.120825 0.490920 12.009071
16.636516 14.904522 11.976546
12.720527 14.693019 12.036387
14.316222 14.183438 11.987703
7.096676 3.731520 12.006352
18.474168 10.016944 11.999923
9.137101 6.701995 11.977419
6.549404 5.006368 12.011108
3.724087 6.352380 11.992386
5.291543 10.450958 12.019988
15.768450 1.611483 11.982038
6.689727 6.658642 11.984726
6.433715 14.079888 11.981513
7.758689 9.156894 12.002222
6.559454 13.786039 11.989408
10.466543 0.391097 12.008056
19.584348 8.505173 12.015497
18.964782 10.481944 12.008201
18.676600 5.092703 11.988643
12.055026 1.837934 11.987464
19.642960 1.337849 11.998530
7.330524 8.083595 11.989991
3.974479 2.902951 12.003599
18.116994 0.767890 12.010058
16.363619 12.483716 11.961963
7.798901 12.081344 12.024884
4.802698 11.196301 11.977960
7.376857 8.211459 11.983158
8.632638 7.721585 12.020678
16.680282 8.249721 11.997476
7.795309 11.585117 12.015498
9.633798 9.934012 11.986783
3.666450 2.155049 12.002269
14.652587 5.207518 12.003998
12.535261 10.244921 11.999825
2.979454 8.281438 12.020981
5.661416 14.007836 12.017797
6.187093 4.192082 12.006769
12.308328 10.803345 11.970726
0.422916 10.628505 12.014066
11.670761 11.373622 12.007491
5.147928 9.643764 12.001570
18.183155 13.319749 11.952269
16.466527 11.739261 12.017276
11.190514 12.232365 11.977311
5.929735 6.676274 12.004065
5.286178 1.036112 11.973927
1.161422 8.200988 11.968766
7.637499 7.224906 11.983935
3.007392 13.914484 11.995542
12.581751 10.164162 11.966094
17.240741 11.872959 11.994743
1.554256 10.486453 11.982265
17.900677 9.532688 12.030707
8.097703 13.684711 12.024599
0.574910 1.019057 11.996371
1.664824 13.100971 11.980938
-0.033005 12.046404 11.987146
11.819018 14.909020 12.004882
5.387719 2.030062 12.004462
9.355005 12.589144 12.023929
14.580459 3.668988 12.003441
8.357538 0.913347 11.999733
3.934820 3.747041 12.006852
16.771247 2.227625 12.020050
4.137867 4.308173 11.990011
14.497369 13.740430 11.971014
13.724367 9.828993 11.999596
16.020077 8.575069 12.004832
8.913060 13.074657 12.016335
18.602566 13.475743 12.007786
2.415650 14.428886 11.966657
10.754632 13.170456 12.008048
14.153347 12.256263 12.017813
17.301389 0.473334 11.953914
12.948375 8.393130 12.033707
13.202952 5.843775 12.026060
19.239639 0.926311 11.975323
8.200958 1.387902 12.004986
10.637012 6.415825 12.031652
13.486094 14.155554 11.987006
5.369645 6.835493 11.998030
7.772566 11.600051 11.954169
13.770828 3.180724 11.989888
7.893176 3.536239 12.004025
18.163405 12.632059 12.022144
11.377443 4.362607 11.988445
13.909289 9.741324 11.993243
3.264215 0.030463 12.003613
19.381530 0.406984 12.015532
19.885695 7.124393 11.998203
13.397714 8.834462 11.990586
4.191277 1.174956 12.009246
10.859909 11.842206 12.013852
1.960168 0.967070 12.018610
1.123656 9.905343 11.999920
6.055096 10.119406 11.972517
4.454821 6.627318 11.993399
19.163379 6.930702 12.030056
14.933442 0.048183 11.992006
14.262763 7.978509 12.034289
15.244433 4.507085 11.974816
7.181170 3.412893 11.997434
19.856301 1.617055 12.025358
11.628759 9.165391 11.978960
4.182881 12.840788 12.026180
13.472115 1.884474 11.956256
11.045520 10.948696 12.037770
12.154283 7.198234 11.964768
5.332883 0.170276 12.018463
11.699981 7.335652 12.052016
1.483992 12.675873 11.988723
16.276987 14.376309 12.012954
12.110336 7.017376 11.988057
13.257238 6.769868 11.990568
11.521275 5.174883 11.984049
19.724756 5.657791 12.054019
1.672846 7.153417 11.981198
9.361336 1.227586 12.007209
13.406378 9.730468 11.996789
12.047316 5.332495 11.984759
14.428739 9.893720 11.998819
19.587503 9.522334 12.009833
9.708732 13.290036 11.959895
15.967697 4.216171 12.008331
9.949362 13.989235 11.991392
14.788070 9.892899 12.009165
10.029305 9.334974 11.988792
9.028390 8.335050 12.016898
19.262574 3.058547 11.996904
13.678309 0.122306 12.004502
13.644724 8.371508 12.013067
10.428716 13.735994 11.977100
1.422309 12.688088 12.007794
7.166319 1.156947 12.007584
1.005247 4.689940 11.986835
14.812313 7.181209 12.047068
15.948479 7.302547 12.027488
0.623029 2.759480 12.026530
9.979929 10.231897 12.033718
18.010086 7.257632 12.009931
2.077228 12.896724 12.001590
7.130672 3.762887 12.005188
2.376536 13.658442 12.005398
9.965655 12.391131 12.005368
10.714345 6.237395 11.989410
7.802867 12.130596 11.959158
16.759844 9.514850 11.984627
8.206563 6.793713 12.007882
2.183875 7.671418 12.025807
15.958046 8.258467 12.006885
4.222155 3.400010 11.967692
14.487853 2.298997 12.025189
8.711268 11.798675 12.034916
4.387063 1.303666 12.008697
2.017304 10.342533 11.986679
16.511788 13.181802 11.986385
4.381042 6.536280 11.992329
19.788492 11.656052 11.984452
10.445723 12.959202 12.006276
14.551513 4.236609 12.010196
11.315901 3.749188 11.981818
19.985792 7.989574 12.006935
4.803333 13.642465 12.015040
7.844255 10.411103 11.969935
17.637782 2.797513 11.995252
3.862159 6.012453 11.999401
12.561992 8.679458 11.997365
17.933879 5.588013 11.986433
19.822080 2.904056 12.037972
16.002698 12.182067 11.997065
1.399612 10.335602 11.993005
11.367061 11.799328 11.995122
13.730672 2.422259 12.013034
6.098348 2.277034 12.005647
13.543441 1.432491 12.016667
18.210657 9.816765 12.003415
12.914197 13.558734 12.000450
9.853046 12.807344 11.984099
15.197145 3.885520 12.012592
5.922290 5.044195 12.008292
13.363118 7.181910 12.014359
10.140457 0.269551 11.992746
12.203154 10.079213 11.990966
9.804556 3.234397 11.991684
8.317552 12.248360 11.977190
1.058053 7.785147 11.996075
12.445024 2.346648 11.991284
19.563533 11.239805 12.019157
7.114805 12.151646 11.993726
12.505682 12.818593 11.977206
14.468395 1.603955 11.994559
12.103765 7.054073 11.978596
17.999249 0.763469 12.026351
18.649583 14.374374 12.014897
17.408434 6.982904 11.974876
8.375929 11.426803 12.011292
2.815361 3.733095 11.959823
8.002852 3.162194 12.016672
10.464689 7.203715 12.014562
0.856563 9.134949 11.982184
16.776461 4.106695 11.972983
17.701444 5.195237 11.983754
12.641026 6.200878 12.022244
11.625772 0.148064 11.986864
7.746326 3.633172 12.012495
19.523722 11.553913 11.981881
8.722787 12.160826 11.995879
4.089846 11.045997 12.004351
19.253152 2.089315 11.992896
16.733477 2.141090 12.000853
6.539308 4.693675 11.985357
11.137596 3.207453 11.993674
11.728568 0.342463 12.018304
17.490934 3.314403 12.029515
10.929710 7.274389 12.016781
8.352548 9.134713 11.987917
11.835805 1.357236 11.978166
19.430604 5.652824 11.984243
1.048031 5.669478 12.001843
12.948145 2.026421 12.046014
1.649953 14.209124 12.016666
5.240493 14.931610 11.989056
13.907101 1.677453 11.983016
14.225911 4.104858 11.998947
16.714036 0.177048 11.999648
10.789514 11.825386 11.981287
16.025970 6.276371 11.994297
10.077719 14.723995 12.035763
4.044669 7.416332 12.009043
8.911700 1.052903 12.016425
5.080350 14.103407 15.060662
11.408602 2.596085 15.036648
0.517662 13.993084 14.987393
16.569321 10.654629 14.964706
9.863936 9.185304 14.964905
9.801519 11.058093 14.970716
2.813394 3.287401 14.995638
0.671961 0.932268 14.990439
18.866281 3.235806 14.987681
14.645671 5.286531 15.015008
5.244711 6.448641 15.005797
0.506016 1.837482 14.982388
12.748398 11.335136 14.963768
17.391591 8.294614 15.010050
9.399111 9.897392 14.989414
13.324551 1.272214 14.979114
19.063905 7.489017 14.986564
9.687278 13.096891 15.006577
16.237320 12.910824 14.981483
6.937281 10.500800 15.005800
0.210259 9.087058 14.973489
17.044190 13.861080 15.014115
18.951045 1.568766 15.022189
1.149996 0.573758 14.991325
12.976886 10.894602 15.004238
14.121812 5.308376 14.990243
17.321659 2.010605 15.019674
13.519963 14.009350 15.006611
16.447304 0.289612 14.998819
14.703753 11.840342 15.025271
7.640694 6.051585 15.017801
2.651003 5.712290 14.989681
17.914182 6.182445 14.992966
19.016217 5.242650 15.010618
0.476606 1.667721 14.990916
14.071208 10.640772 15.006817
1.932885 7.782429 14.994867
14.198643 5.982677 15.013220
4.279234 7.978717 14.987382
19.529048 7.167063 15.005745
14.874252 3.653392 14.990237
14.028592 2.358648 14.958071
4.412059 12.007643 14.948783
4.753958 10.728074 14.986382
11.106363 2.930898 14.991542
3.190579 1.848372 14.971949
6.364540 8.259410 15.036521
18.318322 9.782359 14.999416
9.138125 8.782288 14.995725
6.826494 4.123014 14.992469
17.129348 10.964766 14.982300
13.362953 3.164655 14.996412
9.018161 7.693233 14.980738
15.439104 2.877379 15.010790
4.259957 5.230716 14.988323
2.109188 7.454102 14.992439
5.832084 8.588848 15.030622
6.351518 1.604296 15.000726
17.997408 5.369698 15.009406
19.410543 8.069663 15.016528
1.073603 11.935541 15.013421
17.832381 3.887996 15.028309
16.547377 11.871842 15.020434
3.780133 14.458082 15.039569
9.483830 9.713141 14.980336
9.699739 11.082680 14.981273
4.141379 12.022489 14.955798
7.630266 13.014098 14.982043
3.272267 1.475074 15.044728
11.182414 4.709161 14.995215
6.763225 7.585748 15.031759
9.232705 4.992621 15.006030
9.934536 3.274319 14.972988
10.507236 13.694488 14.996651
3.708908 11.539026 15.009155
0.270531 3.333257 14.978899
11.482030 3.616837 15.004179
6.074915 9.484151 15.003876
1.269284 7.003982 14.979965
7.558650 4.628329 15.005644
19.751232 12.546204 14.990518
12.372779 13.992769 14.961705
14.491902 5.449209 14.992164
16.913820 9.687128 15.024188
13.501910 5.023895 14.994162
8.787751 14.303021 15.002971
17.356066 6.067728 14.989786
6.123660 3.086987 15.001076
5.079477 5.970746 14.956429
5.195666 4.763386 15.005536
7.043679 7.641735 15.009303
15.531155 1.403176 14.997749
2.141817 9.252761 15.009485
10.454214 11.589127 15.026369
12.037765 3.927318 15.021145
18.573761 3.740332 14.975695
7.670771 5.013097 14.974855
9.540952 7.679503 15.004640
13.766134 1.572974 14.964984
3.333040 8.311070 14.989171
8.142716 9.914524 15.020074
0.593595 14.676670 15.008645
0.037615 14.477506 14.967356
8.479919 4.759621 14.982151
16.345140 9.990408 14.982840
7.718232 11.000445 15.003195
11.059691 12.469977 14.983215
9.401493 1.279593 14.969680
8.615157 1.930340 15.017127
12.227204 4.482890 14.971887
18.979358 4.002541 15.004987
10.992352 11.764457 14.999519
16.972702 12.198472 15.006082
6.722453 6.996237 14.987890
5.569396 7.127839 14.980871
1.593770 7.804280 14.998528
11.656964 0.456653 15.048411
14.726150 5.971721 14.966676
12.558568 1.394105 14.982345
16.990562 2.005037 14.986777
4.228794 10.262939 14.997921
13.313631 8.155715 14.974845
9.906731 6.510130 14.990071
6.320371 11.384834 15.018066
9.731008 8.715898 15.027340
14.436692 3.958813 14.998857
17.830910 9.944436 14.971796
12.022552 4.315804 15.000772
13.240434 1.695260 15.015882
18.671226 14.358931 15.027357
14.802347 12.485410 15.009422
4.417247 8.264497 14.979359
15.366591 1.428208 14.995322
2.550213 6.383648 14.982534
2.678243 8.611598 14.960048
19.013533 5.012227 15.004886
2.238002 2.944156 14.953446
16.575299 7.591715 15.000724
13.501107 13.289030 15.005290
15.097733 4.748401 14.972947
11.235260 13.077689 14.975161
15.128949 5.703149 14.993548
19.096187 4.268873 15.015934
14.840003 12.932696 15.032341
6.398856 1.456062 14.983582
17.856876 11.494067 15.004850
9.597021 7.111652 14.975188
3.161800 1.134550 14.989540
18.066389 10.113937 14.998070
8.252147 5.561813 15.003177
5.001596 11.390631 15.002654
12.805035 7.728001 15.038536
19.881384 12.063618 14.972407
16.859927 0.347911 14.982460
5.027475 7.286934 14.999845
14.261162 7.536043 15.007192
5.063045 12.812509 14.982607
10.274709 12.863985 14.979400
2.787806 7.186180 14.987693
5.758557 4.153951 14.994140
19.807916 6.618435 15.016453
9.090017 10.901930 14.999527
14.827493 1.173141 15.007845
8.772709 14.653091 14.999969
0.020636 9.562033 14.991586
13.090155 6.430013 14.996476
8.398478 8.914324 15.022949
5.262676 13.392061 14.965848
3.888640 6.054513 15.006371
9.701650 3.428420 14.993636
17.944638 10.013935 15.025308
6.806502 0.849869 15.011261
11.335494 5.651720 15.007038
1.040664 3.128127 14.985898
14.459593 11.278091 15.025261
15.681157 12.895565 15.019834
7.558938 12.088512 14.987340
8.793791 1.545125 15.007359
1.391991 2.139343 15.041628
18.413646 13.966221 15.000637
11.025954 9.293772 14.988615
2.784284 4.083758 15.002832
14.863024 8.956505 15.043487
15.595042 10.983546 14.999331
4.021206 10.107801 15.008635
9.063756 5.493371 15.013089
8.836534 9.287951 14.995223
7.470380 1.342964 15.012675
17.273665 13.684500 14.969558
14.132996 11.983373 14.999678
17.655451 13.207543 15.000224
10.606832 3.891269 14.991704
16.194820 3.559635 14.997137
4.750112 8.398047 15.016725
5.637137 5.634150 14.991157
9.843767 2.960424 15.007327
9.820923 11.960660 14.997844
0.859704 1.284733 14.983847
11.715308 0.400316 15.027960
0.296485 12.445540 15.016942
3.855052 3.258010 15.026729
6.256101 13.132834 14.978558
16.741848 8.361599 15.029667
3.910480 9.089520 15.018008
7.804631 0.301123 15.003922
12.929011 6.599807 14.985392
2.961711 13.744178 15.002795
1.473358 11.163241 14.988846
0.111085 3.864128 15.015524
19.284233 0.626391 15.014968
0.814109 2.127578 14.973176
13.066447 11.899304 14.998200
0.064286 7.433567 15.017001
16.504863 7.304543 15.020817
13.390968 12.876048 15.019334
19.590735 6.830453 15.015714
18.702663 6.677123 14.965785
19.344522 0.959732 15.021004
1.510594 11.856838 14.994112
11.735129 6.669711 14.978320
14.953450 14.115601 14.976549
2.440510 3.387406 14.999447
4.191866 2.846932 14.997149
8.170955 0.062890 14.997028
16.997874 10.356220 15.021395
16.277571 8.068649 15.011020
16.368370 4.270607 15.024050
5.554981 4.960895 15.041424
15.326116 4.525427 14.965799
1.888163 5.765230 14.994694
18.970754 4.636570 15.000914
9.963552 6.559980 15.021314
14.334517 12.688409 15.000342
19.472445 7.976131 15.025816
8.346591 11.635655 14.999972
6.090833 8.587833 14.974086
6.324688 4.134432 15.003924
1.887239 14.552741 15.012609
13.562196 2.756588 15.006846
19.917747 14.262422 14.973369
17.442659 14.042270 15.012066
19.375782 2.747643 14.998714
4.222025 2.407782 14.985022
1.353169 4.399941 14.983903
5.544106 9.117711 14.996152
12.170821 6.452892 14.994909
14.654745 12.792125 14.984816
15.641363 14.733474 15.027812
0.912840 6.632946 14.983007
12.144924 0.187640 15.000671
5.300442 14.643574 15.001799
5.253600 6.306756 15.033622
15.665500 7.534225 14.987956
17.904781 9.378915 15.002971
11.939764 11.411041 14.986614
0.363709 7.225069 14.983082
6.510741 0.541835 15.003254
18.810002 9.337801 14.991495
12.430655 6.700601 14.959732
16.655508 8.121309 15.015630
9.534861 4.099172 15.012628
8.926547 0.072189 15.001976
11.054444 2.006015 14.982325
16.907727 8.727897 15.005454
18.916034 9.691560 14.998387
10.683245 1.839408 15.017517
19.166684 6.522257 14.988001
15.668116 9.439836 15.002865
15.523030 6.401367 15.037338
18.887192 10.500692 15.035065
2.838560 14.025400 15.013087
0.985010 4.928020 14.992260
2.381856 11.882673 15.048792
11.358471 3.547490 14.975908
17.175966 8.669376 15.005098
1.006744 13.101886 15.024307
10.194617 13.155182 15.019347
12.548716 6.297204 14.995679
12.172277 12.380251 15.018524
5.791319 7.074467 15.000776
4.860258 9.696561 14.997063
0.462765 7.965234 14.984068
3.225207 8.415357 15.024311
0.273279 1.012808 14.987889
9.750338 12.710081 14.985402
13.242642 4.638127 14.980789
12.246112 1.629267 15.013457
14.366573 5.427401 14.991541
1.634012 1.203093 14.973766
11.334978 0.385962 15.013037
4.088320 5.619318 14.989870
12.892834 7.448592 14.981516
16.154630 13.512583 15.038128
12.792417 5.843286 14.996014
7.876143 12.122567 14.995052
7.729938 9.359355 15.014071
11.137854 6.995378 15.019153
17.834606 0.730149 14.994966
13.129374 12.779915 14.985522
1.938096 9.316981 15.012570
15.698994 3.292913 14.966370
1.055286 4.144669 14.990137
7.466426 11.157492 14.964395
7.531319 12.244669 14.991113
12.459978 10.891895 14.997062
16.678720 3.098916 15.004328
5.523129 1.065954 15.016099
12.706191 6.606719 15.035268
11.551304 8.088997 15.000634
12.225130 8.099058 15.026915
0.384050 8.251178 14.976419
10.258204 10.660684 15.021877
18.669884 8.515543 15.025069
4.902408 3.564627 14.988928
15.689063 0.579285 15.031600
14.440950 7.197701 15.044015
19.683035 2.828329 15.031998
6.352572 6.131192 14.997578
17.034855 3.448366 14.983486
5.576019 7.218239 15.033839
9.182954 3.491579 15.005142
9.659593 4.525329 14.961971
14.051999 2.826331 15.020963
4.974846 8.900672 14.960474
6.726571 10.256504 15.000156
19.521262 8.077055 15.002076
13.047496 14.943575 15.012071
11.013940 6.383247 14.978944
1.139433 2.793909 15.022786
19.968109 12.352478 15.025623
15.322783 6.789201 15.014110
19.532584 5.716870 15.022888
6.734750 8.057294 15.012358
2.541644 2.014542 14.993179
14.957664 13.721175 14.989051
14.703630 12.366402 15.042403
17.438731 13.916683 15.013413
0.125541 7.148566 14.988355
11.729562 4.972322 14.988795
2.863528 2.087608 15.051747
9.589483 9.966937 14.980467
19.979323 3.525246 14.994573
14.896938 4.537831 15.018138
5.314590 0.201988 14.999011
12.462180 14.417518 15.039386
9.652134 12.661645 14.976875
9.051458 10.726862 15.020432
1.332795 11.351849 15.018177
12.884665 12.479647 15.021190
12.283696 3.292485 15.029266
1.860022 6.985588 14.968646
2.613944 6.564340 14.996956
9.238810 0.634141 15.006890
10.740319 9.220366 15.018938
3.830848 1.950759 15.001516
16.633877 8.569951 15.019244
14.141032 11.269147 15.005555
4.553056 1.523738 15.002009
16.096312 2.583111 14.980431
11.711355 13.065052 15.022417
6.345356 10.923850 14.948249
16.606529 11.741618 15.015434
10.269074 2.300666 15.030679
8.761831 10.315476 15.003312
0.319947 2.049609 14.987676
16.425596 6.264259 15.016790
5.505470 0.620096 15.006270
5.767241 4.929249 14.996511
16.711865 14.547116 14.981754
1.709869 10.391331 15.000058
19.113816 0.519770 14.980701
6.629040 11.501721 14.992302
6.674610 5.872569 15.002171
13.988547 4.378010 14.962384
7.226618 2.847836 15.001894
5.440621 6.308525 15.022821
3.153776 3.887020 15.007186
6.586077 13.801218 14.941594
19.454801 10.526514 14.992721
2.627067 13.735841 14.990269
18.700235 0.567666 15.005055
11.510573 0.607463 14.951495
13.478232 9.415282 14.990174
15.903643 9.197741 15.004984
0.879185 10.730073 14.994318
19.485236 8.516564 14.989730
15.213819 0.545690 14.983987
16.054355 10.347116 15.022276
8.520984 12.439188 14.972966
11.967129 10.496828 14.996922
11.249322 12.292543 15.000011
1.930544 6.643017 14.980139
3.856986 1.573975 15.013320
15.362371 13.470412 14.990937
9.877495 11.444154 14.989715
3.673048 8.101325 15.024190
17.197271 2.146986 15.006337
3.366704 2.571226 15.027207
18.444209 2.910134 15.003326
15.095136 2.319411 15.009620
16.291563 12.326467 14.971097
10.118371 6.696011 14.985226
10.068431 4.328055 15.005635
2.403408 5.067200 15.013389
18.634180 4.015334 15.032505
7.787155 7.933044 14.998994
11.443636 6.684247 14.979043
1.447116 13.473371 15.014745
3.960751 2.613240 15.032588
17.379217 12.869002 15.018104
8.702993 4.721428 14.975400
7.654339 14.637068 14.983914
5.250937 10.336423 15.011376
19.187416 13.909501 15.013568
13.538724 13.515081 14.987708
9.891043 7.342489 15.001593
19.100099 6.425779 14.987668
11.496464 2.614283 15.013237
18.626765 5.177627 15.001270
3.177244 4.534347 15.002597
8.230499 5.231363 15.008885
10.919068 2.649474 14.994820
3.640968 3.150955 15.003065
12.704209 12.138575 14.988044
14.752919 11.888894 15.007602
4.770411 12.942380 14.964233
7.856327 2.675073 15.016533
18.577973 14.233121 14.975144
11.800382 3.747820 15.012205
13.916648 2.915181 15.019775
15.887994 1.975599 14.979285
4.411641 2.020233 15.018463
14.361937 4.091481 14.985183
17.740154 14.733960 15.015232
19.043120 10.835272 15.013825
1.965024 8.013049 15.030733
4.155034 5.192334 14.997422
0.095727 8.858970 15.014607
7.927109 7.035466 15.018159
6.015907 13.398089 15.005171
11.775159 4.035433 15.032006
4.886229 2.845580 15.002296
13.990995 4.106413 15.039119
19.171966 11.252411 15.034587
2.008971 8.332347 15.013809
4.306664 10.831595 14.992251
3.902030 7.349532 14.959975
19.581276 6.097655 15.003149
11.605372 3.832331 15.016971
6.244306 12.065862 15.020830
7.578715 5.286061 15.015186
16.239797 0.603649 15.002668
15.068176 4.486849 15.026426
8.364076 2.331156 14.974358
5.698483 8.382913 15.048967
19.162270 7.461284 15.022999
16.709706 7.166319 15.020696
0.146249 3.791418 14.987516
10.230810 1.549331 14.980995
0.898437 1.818702 14.999662
10.945622 5.266591 15.015296
18.851395 9.407236 14.998037
0.381881 0.267127 14.983173
6.090284 0.112464 14.988388
10.011552 1.937601 15.003346
5.122531 7.633600 15.023490
2.429627 4.980169 14.989080
5.427192 6.669797 15.010886
7.730093 4.598802 14.994858
6.184437 10.295381 14.991785
19.895540 4.528943 14.980232
19.254301 3.067305 14.986215
12.676482 11.466429 15.027930
1.083649 14.470687 14.996735
1.557431 8.432705 14.993417
13.966440 0.827284 14.997480
13.377859 12.008937 14.973878
3.627520 6.423632 15.017993
17.703542 10.420775 14.998860
14.365413 8.710418 14.994696
4.077208 7.511346 15.027150
18.082404 5.549018 15.013494
14.734170 3.132051 14.988623
18.166764 5.762589 14.987787
17.801214 2.400873 14.965261
0.114179 10.055665 15.020668
10.731917 1.310040 14.992839
2.056542 10.738233 14.978554
6.801751 11.999316 15.021005
5.951103 9.187576 14.987155
10.266335 12.323279 14.996534
16.905447 5.150903 15.010226
2.904437 7.510949 15.024495
9.410319 7.558770 15.012038
17.063299 9.576049 15.031285
9.335958 7.041553 14.987037
5.352944 0.893983 14.973040
11.220398 7.730860 15.005654
0.318212 0.380980 15.024375
9.047663 6.548608 15.029713
10.506451 0.510461 15.010196
4.386778 7.249340 14.988214
5.016715 5.586613 14.981043
2.090970 7.651049 15.033090
17.891495 7.951701 14.991672
0.966567 11.901055 14.981963
17.829712 14.110348 14.980515
19.226937 3.681626 14.971428
11.485709 13.711431 14.981178
17.831267 5.643460 15.010509
10.411110 2.468668 15.019243
0.657957 9.014423 14.983167
4.951935 5.902557 15.019446
19.421544 4.823122 15.042323
16.243292 9.342212 14.994573
19.668164 10.445732 14.978760
8.563780 6.722155 14.975593
4.541947 4.150366 14.971131
5.341383 11.802546 14.982035
16.541221 9.749417 15.002117
4.011096 9.441981 14.961198
12.155308 13.778923 15.015637
17.979808 14.967598 14.983992
16.290662 0.667885 14.978636
8.471109 3.838994 14.986919
7.806648 12.175143 14.978643
11.898563 1.509436 15.007014
8.748310 0.380874 15.003344
5.489684 4.941529 14.967160
2.282599 11.815952 14.959546
6.258342 6.167713 15.018431
2.809281 3.208294 15.021292
1.260988 2.551371 14.987240
17.864274 8.280399 15.018885
13.211231 5.297131 14.981471
19.282287 9.431245 14.960859
14.923921 11.894688 15.020958
14.617653 0.047118 15.019140
9.555837 4.833631 15.004197
12.401992 8.205521 14.977127
1.899239 10.181662 14.982588
13.285331 4.511774 15.026967
12.867800 7.142388 14.979689
9.808407 1.561493 15.031753
13.080071 1.480757 15.001507
16.148170 12.927113 15.009915
8.371340 8.123642 15.012460
6.540907 6.974225 15.032123
5.876856 6.562736 14.981969
17.514936 14.304233 15.020848
19.375089 6.362721 15.022280
16.099305 3.901114 15.016149
13.865949 1.450689 14.981517
16.801613 12.044761 15.015339
15.309865 14.203688 14.980562
5.983776 13.934919 14.989626
5.263255 2.543444 15.002713
17.403424 9.649670 15.014607
17.154079 7.963327 14.992970
5.688292 6.155819 15.017815
5.502053 12.213606 14.993038
19.276266 13.493788 14.991046
11.491104 2.065819 15.000780
15.126315 0.082627 15.008258
0.781464 2.906974 15.036846
10.180305 12.151584 15.015942
8.051329 13.721855 14.972675
5.278984 10.192878 14.984765
6.359351 0.282170 15.029472
17.040174 8.642088 15.001190
0.418269 6.275408 14.973944
13.909033 11.723796 14.979997
10.218219 11.303964 15.029896
7.539231 2.949696 14.994421
17.911150 4.721294 14.992439
15.191540 3.239285 15.005914
12.085052 7.905871 15.009019
8.349603 1.269973 14.977793
18.286044 8.884147 15.007322
18.768057 7.190475 14.985716
14.634888 8.434937 15.017991
8.508085 12.593840 15.001989
19.676294 7.294791 14.991661
0.916736 11.846393 15.006565
16.922943 14.039633 15.028375
5.928735 1.345315 15.019219
9.742603 1.146945 14.966604
1.683386 2.784021 14.975272
9.364922 10.947032 14.979125
4.575699 9.560459 15.030541
6.318755 9.028688 14.992270
11.325163 10.088439 15.024393
19.428968 6.882562 15.015238
4.505946 4.353397 14.999516
6.839495 2.793763 14.997386
4.790705 14.070396 15.038960
10.117769 3.692093 15.011305
5.339361 5.098963 14.985362
3.854801 10.816402 14.998988
13.047447 11.281108 15.046236
3.509339 7.911799 15.002121
11.278252 7.789110 14.980092
1.130568 14.477084 15.017824
14.378033 6.909279 15.005388
-0.025274 13.465017 14.998660
13.583888 14.824542 14.986152
2.905455 0.967467 14.998838
14.056308 9.815951 14.967644
1.606622 14.478678 15.027917
6.406223 6.667036 15.010441
14.200758 5.690733 14.959367
12.388314 5.626472 14.987668
5.813069 11.450179 14.977539
9.195490 10.058330 15.031025
6.651508 6.617043 15.013239
0.236255 8.751266 15.000202
11.246689 8.985983 15.001772
19.786067 4.351445 15.003549
10.249459 0.111907 15.016804
7.478632 0.049020 14.999149
9.868362 6.725720 14.999885
14.306685 10.288310 14.987475
1.982148 13.825866 15.026213
8.945917 12.578070 15.021670
3.448545 5.181930 14.979035
12.942919 8.118469 15.003749
19.005289 6.728867 15.005335
4.664055 3.100046 15.015383
7.826321 3.111047 15.004747
5.417596 12.634378 15.003814
7.757063 1.877869 15.000065
9.175839 1.064417 15.006349
15.572475 4.136011 15.001313
11.224419 7.306879 15.031473
10.054548 0.709668 15.010792
0.602320 5.119811 15.002497
0.848998 12.428021 15.036070
17.195309 5.568480 14.984451
16.538901 8.930368 15.003854
2.755326 14.438052 14.993418
17.631636 10.526403 14.988028
19.599746 10.199304 14.984347
14.314687 14.597022 14.999646
9.278617 1.386506 14.991649
4.404328 14.071455 15.014823
17.740095 2.273815 15.015597
7.100607 0.530764 14.995599
4.809163 6.972249 15.022102
11.533370 13.277163 14.978759
18.109168 4.687989 14.993273
17.415261 1.394075 15.004053
16.164876 0.299898 14.973562
6.196769 5.863966 15.011974
15.295872 14.773819 14.979619
17.950106 10.182954 15.004047
16.796613 7.630651 15.015974
12.228238 3.062689 15.023294
11.305559 14.227077 14.973475
16.883123 0.619263 14.969798
10.508705 0.477090 14.991797
4.950341 4.477956 15.049248
9.045173 6.798022 15.015002
16.972896 13.338128 14.979911
0.363243 10.693090 14.981862
8.249838 5.942003 14.995100
17.180352 9.739203 15.020440
10.871885 10.881011 14.973002
7.875533 2.824581 14.988930
14.218816 5.063398 14.981036
12.270191 3.590570 15.015486
11.269289 12.432127 14.991337
4.610419 13.323265 14.979957
18.403018 13.423285 14.983047
1.718786 8.868984 15.014651
13.852367 5.301128 14.994741
13.369975 7.637665 14.998457
2.620672 13.220301 15.034524
1.976728 10.195373 14.976380
6.865811 12.509665 15.013589
1.629631 1.310105 15.001792
19.077903 7.955324 14.987055
17.218455 12.182565 14.991630
18.994083 7.982201 14.974609
19.787679 4.560646 15.002385
4.403808 5.276928 15.011510
15.404724 1.008067 15.015151
9.086615 13.215502 14.995708
0.869019 10.441554 14.967768
10.303177 13.547202 14.963089
1.678183 2.460396 14.982024
19.706343 3.509529 15.002585
16.659899 8.161981 15.011730
16.502926 1.389060 15.006867
1.553583 9.345306 15.021541
0.137552 4.857094 14.989424
5.343398 2.492425 15.008263
16.686788 5.113779 15.045781
11.624321 14.126200 15.008485
13.063221 9.167617 14.985578
2.577617 9.358142 14.968912
9.235471 11.436320 14.965726
9.287601 12.458461 15.017520
19.588899 8.705677 15.001585
15.492515 6.815782 15.032512
2.683333 1.479737 14.978848
9.188192 11.605381 14.989894
15.459501 3.629261 14.989732
15.660366 2.390113 14.966059
9.122969 14.027650 15.016120
16.483780 9.956113 15.016338
9.504485 8.892634 14.945376
0.644832 10.349114 15.006121
16.208224 5.350085 15.025254
19.911541 13.297359 15.010898
5.537465 7.484575 14.990154
13.315289 8.172455 14.988735
8.097433 5.086365 14.983623
8.115418 14.680665 15.011617
18.362708 7.364469 14.966537
19.225328 0.487552 15.008126
2.174690 13.471721 15.006172
14.536266 6.241282 15.006667
3.605204 8.752001 14.998621
10.636198 3.971847 15.009253
16.037585 0.487301 15.002479
4.441764 1.409073 15.009954
6.493816 4.281867 15.010382
18.895587 12.505254 14.968605
8.362459 14.841038 14.994620
1.572858 1.677737 15.006532
8.312673 9.697800 15.006213
8.984608 14.030456 15.005474
15.569726 4.670864 14.977424
6.970969 13.895253 15.003152
2.522626 6.998321 15.030194
15.531053 5.233804 15.069568
7.496420 12.261235 15.017936
0.639408 1.510212 14.981090
16.637441 7.312162 14.975406
19.314996 3.079597 15.030891
19.237010 6.969659 14.971292
12.387947 7.867287 14.963865
5.298186 9.355663 14.999057
17.335911 2.100236 14.964307
3.512737 12.060144 15.006326
14.964779 13.731464 15.015683
17.463738 13.245174 14.972825
18.563221 8.568549 14.969250
11.411051 10.100718 14.997631
19.115378 13.618314 14.995148
0.734953 1.592707 14.973738
0.756031 10.582276 14.986143
15.210739 8.498184 15.012025
19.961500 10.747415 15.032145
2.936391 2.955657 14.944018
7.480115 4.421282 14.979092
19.726061 13.752699 14.981136
17.433007 1.402493 14.983706
8.227617 13.882262 14.985653
17.845151 10.798735 14.975035
9.037548 3.864095 14.955876
6.743054 10.418815 14.982374
11.754240 13.482388 15.007070
5.583239 2.983525 14.976352
13.167632 10.376963 15.010414
5.856865 14.435943 14.998889
10.126053 3.809193 15.024516
15.461809 13.770658 15.005659
17.252707 1.960515 15.009891
0.819330 10.868376 15.007183
14.501773 0.708171 14.995246
17.755570 7.948777 14.975772
14.693507 0.817094 15.026583
4.597045 14.647320 14.994095
14.984005 12.606763 14.987930
16.089423 12.909519 15.037185
3.562363 13.860247 15.017685
18.268077 10.803970 14.994427
5.449309 4.354788 15.041973
18.937915 14.991187 15.007949
10.009702 5.230661 15.005098
2.588206 13.033667 14.991511
14.139165 11.253047 15.037423
11.345641 9.536512 15.013130
15.255106 10.071869 15.029804
6.005324 0.020782 14.997782
1.147483 8.583852 15.001981
3.422582 1.438355 15.032914
9.524313 15.020527 15.012528
0.899620 3.166866 15.030771
13.207790 12.757005 14.992556
10.076877 11.866123 15.002408
4.188866 10.048864 14.979812
15.991967 8.626287 15.016106
13.073390 6.418547 14.976427
10.993209 11.435592 14.978463
14.454187 5.809487 14.968481
11.872065 11.301780 15.009079
0.236544 2.726115 15.009324
10.933651 12.287851 14.964570
5.039657 11.552967 15.048215
15.336832 11.420964 15.009136
13.332490 6.126322 15.025288
11.872321 10.533850 14.965359
10.697700 7.675172 14.980188
5.137522 4.009463 15.009290
13.089247 7.057305 14.998457
15.882456 6.002686 15.003386
7.851849 2.435569 15.028556
7.039408 0.261575 14.976615
18.747534 9.839106 14.979771
16.058767 11.105930 14.997108
1.259445 4.645739 15.033159
5.562134 14.993313 15.045636
17.036726 3.274079 15.003279
15.091619 9.106688 15.015880
3.859849 12.232975 15.014869
9.792275 10.803481 15.004849
3.757897 5.935428 15.006562
11.799947 12.857655 15.023158
1.772001 11.196879 14.990103
5.269640 3.806872 14.980751
1.665444 11.079571 14.990001
18.463507 4.964600 14.966678
3.566261 3.932694 15.007904
10.417224 5.692349 15.014998
3.606930 6.025547 15.003275
2.587887 0.219688 14.992157
0.056460 3.949738 14.974030
1.637228 10.253946 15.023602
10.573799 5.609379 14.980565
10.540768 9.520937 14.983404
5.097333 9.875850 14.985225
18.635922 14.687948 14.978686
8.809595 6.422630 14.979527
16.110375 8.899022 15.034677
10.186248 10.792048 15.035322
4.888366 10.144824 15.013581
3.200833 7.917932 14.997653
3.477838 11.895784 15.006421
13.496827 9.825000 14.997403
14.972456 10.033344 15.031258
3.355999 4.270032 14.991165
19.775256 11.891852 15.010267
18.285292 8.459436 15.025505
4.865693 12.708885 14.986777
6.260816 2.364504 14.995698
19.435619 5.850121 14.974183
19.908423 10.522024 14.971316
8.209226 13.612044 14.998341
16.772080 13.004890 15.004769
18.426599 9.141460 14.984997
17.674078 11.071465 15.017599
13.371053 6.176847 14.994924
8.356018 2.614108 15.030827
10.092382 7.312157 14.992440
14.244111 14.323020 15.004973
5.200065 5.621324 14.980323
14.155411 7.922285 14.974471
10.514649 14.154792 15.006764
11.624998 1.527287 15.028297
16.727291 0.786926 14.989614
18.864538 9.331980 14.999301
6.104015 5.248197 14.997430
15.266037 9.970916 15.011240
12.005079 5.953653 15.022144
5.843792 7.655252 14.976882
12.938529 14.544514 14.999133
13.060928 7.065325 15.005103
16.388218 10.148572 15.004164
8.130141 14.965406 15.019399
16.198220 5.951530 15.001159
4.912366 0.129454 14.955561
9.243200 10.499815 14.991320
12.400971 9.645532 14.968143
11.987586 5.348622 15.014487
0.972089 10.983525 14.986625
7.077573 11.502042 14.992837
6.390261 3.475307 14.996757
19.318007 2.907912 14.939252
19.407466 10.234610 14.996168
7.272818 6.374743 15.024073
15.729138 1.886308 14.992616
11.039125 1.689381 14.982391
7.890601 0.121574 15.010815
15.620545 1.205054 15.001020
19.027784 10.097659 14.999461
7.210431 14.071612 14.989273
3.360533 11.941522 14.964082
18.978633 7.214943 14.997367
14.183157 10.392134 14.991076
4.310884 8.849652 14.985071
0.157832 3.484193 14.994555
13.255392 5.967298 15.045741
12.460429 7.206388 14.994384
4.478721 4.086664 14.997576
12.850956 14.107558 14.995680
3.086463 4.194718 14.980603
8.114953 10.430045 14.994274
6.245933 4.940105 15.006694
17.277416 7.145844 14.986307
5.843115 10.598847 15.001773
5.642184 11.417982 15.013199
15.127793 3.517571 14.997901
0.346677 8.237962 14.999670
14.394504 9.593947 15.036209
0.950788 0.527919 15.007529
1.119309 11.370673 15.028109
9.803012 9.353468 15.003299
19.160054 9.620548 14.997533
3.244579 3.038667 14.988003
6.065777 7.365807 14.956660
13.637672 8.536034 15.042369
17.824719 5.234107 14.997173
9.871852 10.223928 14.989481
9.965079 0.595106 14.992767
6.249702 7.600418 14.968496
7.573425 0.872537 14.978763
2.816640 6.574183 14.987167
2.392919 13.364834 15.019844
14.703968 6.763812 15.010394
9.679278 14.707770 15.003834
15.551486 11.318065 15.004111
12.966825 14.197303 14.983687
0.047829 13.146475 14.980180
10.037690 12.843453 15.005507
10.987410 4.926619 15.022064
2.744740 12.363577 14.999101
19.133094 5.027653 14.938595
15.964133 12.687254 15.017367
18.015224 7.042468 14.983203
11.945860 0.136272 15.008115
16.632980 13.671258 15.007542
3.606407 10.462801 14.999603
17.083131 10.297076 14.993667
18.456002 13.142883 14.993491
0.395162 14.431986 15.001739
12.800731 11.470679 14.998903
1.894800 8.539073 15.015959
12.956918 2.699058 14.979489
17.939926 10.722495 14.998892
3.624930 7.503331 14.973231
9.876774 7.919802 15.034071
1.940185 9.786499 15.000082
13.054152 11.399752 14.969057
2.385607 3.895717 14.994262
19.451262 4.752006 14.989645
6.433680 3.628558 15.006709
3.737620 11.328895 15.006511
19.051215 6.941956 14.971700
12.901601 8.923214 15.051777
9.730535 7.965165 15.006722
15.051738 12.688348 15.013641
17.271416 8.737283 15.004498
16.200928 14.710617 15.055820
7.106604 8.926409 15.055152
7.925399 7.519035 14.968401
10.527790 0.915138 14.984603
11.684036 6.346234 15.008598
6.001726 5.025096 14.990307
2.724929 8.766282 15.004216
8.753891 5.235127 15.007152
16.279689 4.621714 14.981327
5.522679 14.976925 14.966305
7.483138 4.800656 15.021455
5.453617 12.749617 14.977256
12.162433 12.090390 15.008862
19.038786 4.875631 15.005232
3.594401 5.691665 15.021112
15.603094 11.116196 14.979927
13.294254 5.792029 14.987396
19.751968 0.632978 15.008658
2.010836 7.565663 15.020642
18.159757 7.980032 15.009608
16.166515 4.993459 15.009696
18.093178 0.810391 15.024324
15.051607 6.565704 15.035727
5.622186 14.445372 15.001261
8.367000 13.952575 14.987995
2.194312 12.506027 15.006268
0.007943 5.566697 14.962474
18.930705 2.723389 14.977600
16.539392 14.614844 15.014754
1.623259 12.891106 14.983664
9.109112 2.933556 15.010524
5.786581 6.402580 15.008308
5.949938 9.051882 15.003261
17.885074 9.150025 15.020923
19.843497 9.688607 15.009111
8.443074 14.226106 14.977967
16.282909 2.320326 14.976468
3.274104 13.419486 15.000172
15.411725 4.187272 14.972836
1.022949 8.321650 14.973647
6.822359 8.324621 15.003778
11.379293 10.478062 15.014798
1.267299 5.274453 14.976036
2.378707 1.757209 15.022186
6.389555 12.716498 15.003735
9.519339 2.740330 14.992724
4.317894 3.573357 14.982717
6.332969 1.145386 14.985671
3.386703 7.635386 14.974487
1.976638 9.071746 14.983022
8.436151 7.821782 15.035072
4.405638 1.289689 15.004883
13.020965 12.569313 14.995878
4.543696 0.899201 15.039399
3.815907 14.703308 15.007805
7.348228 5.631372 14.994172
2.069934 8.540287 15.009629
0.827481 10.360327 15.006164
15.350489 7.896742 14.984147
3.439819 12.611695 14.983735
12.262797 11.725350 15.006067
6.068421 8.702037 14.953267
6.534142 0.220091 15.032163
3.178146 9.599125 14.982638
4.604190 11.878020 14.984956
11.426872 12.216416 15.005149
11.767507 8.174275 15.004835
5.720909 5.174485 15.030575
4.215404 5.406485 14.999751
6.843591 5.519086 14.975458
1.799632 10.382130 15.029166
10.625580 10.477067 14.972044
16.477131 8.942911 15.015378
12.580707 11.525654 15.046236
0.420079 7.206415 15.014075
5.451772 7.997799 14.980231
9.395036 13.029371 14.991233
18.238023 7.518989 14.999785
3.438380 4.493135 14.990128
1.498709 6.265617 15.004542
10.599384 3.815983 15.008550
11.197058 3.372497 14.990215
19.620909 9.111173 14.987146
10.835682 0.279933 15.000473
0.362589 4.647272 14.997664
13.382201 9.627779 14.988211
4.126738 3.204515 15.003806
16.268514 14.934914 14.991488
8.843732 9.381820 14.968887
17.252909 9.419686 15.064513
3.516136 7.992681 15.022931
11.931783 11.494093 15.036658
14.002432 10.411949 15.010764
0.846218 12.544738 15.016658
9.473325 3.851560 14.995064
13.606706 6.406665 15.016866
12.481362 8.018176 14.967819
2.124365 5.318572 14.985777
0.632007 3.924533 15.000849
4.331290 0.257838 15.013020
4.829986 5.607725 14.987019
11.946673 6.818959 15.016319
0.480003 12.056612 15.003622
5.439601 10.283565 14.995662
4.648229 5.100968 14.982508
16.750645 11.018488 15.024057
7.088746 2.262601 14.964015
14.414744 4.473143 15.008158
16.493570 4.974956 15.000211
14.172243 0.426738 15.010144
2.243138 13.103220 14.998651
14.764537 6.405993 15.007717
17.000418 4.595407 15.013388
7.493083 11.166923 15.000133
17.743317 7.951267 15.012107
13.777496 13.248944 14.974400
14.225123 10.214339 15.010256
10.924332 13.418286 14.999137
7.645658 10.836351 14.982827
6.410171 11.717862 15.020705
15.958183 6.465342 15.006570
16.784329 1.570846 14.998090
6.642232 7.264282 15.005838
12.624398 8.116206 15.002827
14.451622 3.728121 15.022922
4.286439 3.444831 15.026992
12.594576 5.550377 14.999911
6.793862 6.285144 15.018074
5.497969 9.298438 15.015187
6.321399 4.384543 15.009278
6.495523 1.020742 14.995127
9.926149 4.989706 15.009363
7.093086 3.340937 15.003041
14.368135 9.272389 14.991814
17.988650 5.642324 15.036325
15.421711 8.718511 15.008540
11.029160 5.441850 14.994767
13.641806 8.619249 15.028017
17.925067 0.058397 15.012805
11.834045 8.923132 14.987753
1.094857 0.717450 14.994798
5.965584 11.476586 15.017086
6.614662 13.650928 15.011300
19.675242 7.934779 15.035048
14.789405 0.379183 14.992748
8.569918 4.566954 14.968743
7.090491 1.561037 14.993933
19.236943 1.073134 14.999984
15.303414 9.593380 15.022732
4.114954 10.017487 14.961226
9.499919 9.336201 14.987291
4.554029 2.246633 14.999315
19.821584 2.683626 14.960763
11.470029 4.481700 14.976064
1.647535 6.113174 14.994880
6.204804 3.446075 15.023939
10.594539 13.356869 14.965569
10.301031 0.385683 15.011244
4.413856 7.251289 14.991213
13.678438 14.265125 14.981132
4.663666 14.793591 15.019661
19.704834 4.856911 15.002785
16.512184 9.485175 14.996897
8.944279 12.094902 14.963084
7.347363 3.397824 15.002979
3.534210 8.308695 15.006216
1.677221 14.563287 14.984669
15.072954 13.408687 14.998546
17.770104 13.279271 14.999973
9.961414 9.128609 14.977158
17.901823 9.329107 15.010276
18.982836 3.507915 14.979922
11.808048 12.146813 14.996930
5.107784 11.539830 14.978897
16.348851 6.495977 14.986106
4.376259 12.859190 15.018539
18.600700 3.676207 14.991385
3.805566 12.723588 14.985545
7.070577 9.372525 14.989496
2.408836 0.690457 15.001760
5.657725 5.304063 14.991855
10.050158 10.286194 14.983821
7.765963 10.861273 14.994900
12.551919 5.490802 15.026929
7.302398 3.424056 14.990329
11.407113 2.618665 14.985658
12.598862 14.639478 14.997978
18.451834 5.900286 14.991505
17.637753 6.096715 14.984999
5.281284 2.494417 15.000948
9.418632 5.649589 14.999282
1.995156 14.693855 15.007233
4.443933 7.515269 15.012900
5.901074 10.651920 14.980021
19.097106 14.120105 15.004014
15.132586 13.871879 14.978690
17.922177 13.219777 14.984489
5.950600 13.614899 14.971091
17.161440 9.205642 14.989064
15.447479 12.993944 15.012584
2.903539 11.915588 14.993543
6.422299 14.872632 15.000089
14.230795 13.196986 14.982030
6.494861 8.057525 14.966159
5.008396 0.031938 15.011683
19.821233 14.944028 15.006070
9.686640 7.991178 15.011631
6.975959 14.131245 15.000789
7.167362 6.335657 15.017000
12.357645 9.711999 15.009624
12.896693 13.190576 15.000951
17.292613 2.336682 14.987303
13.124541 5.490950 14.983097
18.743442 13.110635 15.028921
11.497473 7.424094 15.000117
9.868679 9.880507 14.987626
15.696013 8.181191 14.982075
4.244914 6.987211 14.994927
12.663977 5.425041 14.972769
7.992571 14.480433 15.021590
2.643723 10.866777 15.004734
6.339869 14.297564 14.971491
12.614120 12.950611 15.011306
18.872875 0.657308 15.031014
11.028531 13.014688 15.037129
8.240604 1.296247 15.004238
17.902866 14.110769 15.019163
3.961516 7.794925 14.984354
1.655229 4.525584 14.985644
6.463768 9.995898 14.973464
1.777052 13.582914 15.061603
8.391195 14.891122 15.000489
4.828394 3.338568 14.963996
3.784427 11.112543 15.029246
3.892547 3.203189 14.983066
4.965870 0.568588 15.006881
10.826815 2.463073 15.009363
0.029585 11.514239 14.999589
12.347247 1.822615 15.000206
14.067418 10.936248 14.981596
14.314896 14.298685 14.974982
10.150561 11.015008 14.990186
9.252324 4.029312 15.003226
12.044403 13.195649 15.009996
5.985958 11.957894 14.988651
2.308924 9.049523 14.996182
10.140193 14.594943 15.006732
17.357810 2.641857 15.014371
9.719445 0.103578 14.990750
5.575307 3.936477 14.991290
4.224492 4.368565 14.997474
1.300216 2.535281 15.053191
18.495355 8.317284 14.998482
6.553746 1.593794 15.011178
17.965154 9.291411 14.978760
18.876378 1.862375 15.002924
8.893605 5.914408 14.975512
8.463508 6.969700 15.011276
6.334804 2.364442 15.000906
12.782750 14.458580 14.977023
4.254063 1.425350 15.011105
6.761883 2.960308 14.962789
5.871579 5.787318 14.975776
7.452229 12.255788 14.974226
1.521206 8.177954 14.990396
10.570365 5.338689 14.988011
1.877683 7.130662 14.993484
15.674405 12.781162 15.017849
8.335297 6.588645 14.975500
14.735801 3.501703 14.961246
2.600404 3.115082 15.025247
11.575406 12.622417 14.996552
3.774996 3.727271 14.955877
11.629312 7.997513 15.008279
8.427298 10.450742 14.988528
12.936208 2.294454 14.981991
1.768485 0.333867 14.984508
18.023052 14.821785 15.022960
9.628037 12.197072 14.999054
13.478389 14.193683 14.995924
5.126068 8.482687 15.031945
14.441994 3.366960 14.983720
18.806563 7.823903 14.999890
19.129265 11.407554 14.993729
15.905348 8.968481 14.984817
7.994365 7.115324 14.997895
3.619626 8.367790 15.000187
5.344535 3.394975 15.034803
15.027134 5.829495 15.017660
5.670843 6.798625 15.001557
5.624336 11.390912 15.001773
5.449598 8.044233 14.989774
6.427498 6.735765 15.000288
10.907566 14.312318 15.000018
13.933495 3.157612 14.972486
7.785146 12.140401 15.010675
7.734636 0.063751 15.006285
16.617419 5.866688 15.023539
3.977209 2.938657 14.995337
12.202496 7.164570 15.045396
11.120619 7.405863 15.033751
9.199678 5.842203 15.017782
18.037991 0.782720 15.030038
0.211075 3.452853 15.015279
16.012144 3.918452 15.004693
8.177388 6.978126 15.014182
16.503136 6.381853 14.990428
9.023605 3.005436 15.012114
3.628172 9.111378 15.021081
11.308811 7.073991 15.005169
19.476490 3.307631 14.957362
2.147926 1.145912 14.972765
17.699218 1.857415 14.990527
12.466360 1.041521 14.996815
16.429130 0.648757 15.011601
16.529954 1.438342 14.995676
2.477943 5.088927 15.010039
7.938609 7.983524 15.011927
11.483518 7.068521 15.009774
16.351709 13.487967 14.987500
5.987323 13.584025 14.982488
19.279182 2.754650 15.012966
0.843904 12.976270 15.018526
11.426070 8.478154 14.999613
12.981926 11.081845 15.012876
11.511552 11.855115 14.999104
1.158571 6.053176 14.982810
9.069942 6.361728 15.007486
3.847093 11.335339 15.010314
10.864604 12.329557 14.994580
7.332108 6.598154 15.012691
16.516712 3.721957 15.006957
1.266065 10.037000 15.016252
8.567684 11.657227 15.005320
17.142916 11.459720 15.009362
13.111185 5.840976 14.991220
3.540412 2.736558 14.999968
16.180518 7.520996 14.992313
6.723362 4.238504 15.001911
10.405117 4.716011 15.003095
11.708930 10.267854 14.967823
2.374556 4.874250 14.979850
13.197595 12.057696 15.004938
13.689142 5.909044 15.002771
12.714712 2.581900 15.038262
13.576145 6.768536 15.021395
4.810379 5.215782 15.010362
4.591963 4.802854 14.977179
5.000674 2.974908 14.985247
5.297244 3.601061 15.035888
7.266022 11.333319 14.979137
5.008960 11.504857 14.978238
19.343620 6.342337 15.005489
1.687506 4.340490 15.040550
16.923795 9.307964 14.995011
7.161079 9.898903 14.991577
12.112862 8.251057 14.989409
6.333688 11.309652 15.013820
18.032140 6.294008 15.000364
1.324394 9.715413 15.007485
5.260678 7.703411 14.989475
19.197253 4.839794 15.002116
7.178300 1.966048 15.026251
5.044735 2.834513 15.019436
5.959434 7.354756 14.999704
2.340402 3.002168 15.022260
6.809742 14.461534 15.019966
6.313626 5.411778 14.993970
5.585069 2.308230 14.997842
1.602930 13.952329 15.053710
11.881294 12.613262 15.017969
13.725599 3.799393 14.982148
14.050311 10.034634 15.000639
3.225847 10.791454 15.015392
12.962843 7.402690 15.018691
17.788976 8.846383 15.015676
19.554632 12.688867 14.982201
17.820791 7.302528 15.008906
2.696216 6.838443 15.022399
19.025631 11.105390 14.998492
6.450364 14.161492 14.996128
0.607734 13.839747 14.990218
7.292318 9.272774 15.027604
6.157426 8.200023 14.986859
13.515634 9.405931 15.004926
19.689630 0.886567 14.997681
14.510222 13.331508 15.004168
13.549549 0.525944 14.999145
3.373599 1.096473 15.030399
14.415364 0.573543 14.987565
5.408894 10.958425 15.002758
5.609056 4.218393 14.991092
8.626558 6.138374 15.042123
17.881786 3.721883 15.016875
4.355382 13.859154 14.982920
17.854184 14.902139 14.962555
9.940750 6.622906 15.000084
1.376498 12.257374 15.023106
13.489283 3.797607 15.013756
13.441496 9.709032 15.010740
19.290196 2.011926 15.016951
6.397053 12.954671 15.023008
1.978744 6.463760 15.006694
8.884858 10.891532 14.967822
5.628964 9.570626 15.008016
10.929820 11.727351 14.984559
11.353656 5.660982 15.001638
6.868862 9.024594 15.002764
19.072694 9.160649 15.007587
3.447743 2.969510 15.021191
4.296714 2.796191 15.001390
7.708102 10.652402 14.995565
10.778773 3.480426 15.030936
10.734897 9.405646 14.998592
14.103237 14.409414 14.980666
1.762557 4.045917 14.974985
18.937787 13.160546 14.982674
1.117378 7.850261 14.986119
12.759042 8.860439 15.020486
10.524155 4.049454 14.994301
4.931239 13.871276 15.027491
7.528774 10.665602 15.000925
9.823990 10.655071 15.013086
1.143985 12.857435 15.028990
7.220640 1.700862 14.984526
8.349774 1.505963 15.019892
9.853154 1.265377 15.010255
9.651187 13.247763 14.983705
19.447797 13.487381 15.036530
17.656888 6.437798 14.993127
14.035180 9.977858 14.999762
19.497584 12.694288 14.974012
6.556422 5.426750 15.050831
6.085438 3.886273 15.035524
9.279980 14.481743 15.038207
13.615285 2.866846 14.989340
14.117569 7.533620 15.004274
13.036335 8.793803 14.984410
3.854573 5.625962 15.002941
4.358995 7.402474 15.005750
6.278332 12.101886 15.032889
8.681461 10.778385 15.026829
7.264161 11.908272 14.977655
13.328125 4.234058 15.008331
13.370181 3.980326 15.018989
6.390032 3.735265 14.980494
14.895321 7.985947 15.001635
7.347869 2.454162 15.022015
0.685798 14.499049 14.996782
13.074883 12.270751 14.988869
15.774970 14.749774 15.025920
13.567317 3.686338 15.004346
3.764479 9.726216 15.035775
8.569882 13.587339 15.001198
16.026476 6.636684 14.983708
1.460134 7.283477 14.988036
18.885025 0.595158 15.009777
0.813215 14.304458 15.035978
3.778721 11.086721 14.995432
12.230590 14.455715 15.016214
9.504962 3.341269 15.031244
11.995937 11.558046 14.992209
9.045656 3.136162 15.021748
16.643909 2.251618 15.017580
19.295681 13.764421 14.983540
15.401614 1.942599 15.016427
11.926615 10.074948 15.025892
7.598781 6.246442 14.982921
12.663448 13.947977 15.037217
15.877078 7.738240 15.025554
15.753146 9.592363 14.969369
0.145692 11.391399 14.998122
14.009688 5.262337 15.050642
4.023780 14.108829 15.008703
10.653864 1.110249 15.033254
14.930581 1.952644 14.981293
19.165658 10.019209 15.017308
0.692545 6.530471 15.006626
6.576438 5.126253 14.976927
1.211996 11.351982 15.023239
15.411913 11.514020 14.959026
3.400821 13.055436 15.009166
2.500461 2.558413 15.029094
1.918933 12.154457 15.013342
14.206335 10.149470 15.014392
1.833595 12.785086 15.024529
8.920959 8.928669 14.973118
3.206735 13.237398 15.019142
12.630354 11.616939 14.990881
2.889034 13.956815 15.023896
4.653204 9.741611 14.986518
17.154392 6.180644 15.023353
0.372967 5.959759 15.038051
0.691339 6.100064 14.997885
14.659721 10.209080 15.003146
4.227824 5.012554 15.037880
4.636059 0.156361 15.020539
0.186177 1.471113 15.012509
10.228501 11.932874 14.992352
7.909893 13.868579 15.005058
16.668857 1.060722 15.020818
2.080717 4.864045 14.993069
19.979958 7.867111 14.999303
1.124983 11.517344 15.014770
4.367010 10.436785 15.017930
2.806535 14.832779 15.005548
15.545107 8.761963 14.986153
5.647552 6.339210 15.001469
0.495924 13.612794 15.002608
10.587493 4.495769 15.054500
4.798618 3.137438 14.976874
12.388330 4.069463 15.010396
8.943979 4.651739 14.995447
1.697969 7.204624 14.952423
18.005753 4.343772 14.995569
4.550524 12.799398 15.004088
0.204576 14.854736 14.990737
11.640454 14.495321 15.007268
16.513309 10.227606 14.988012
9.888961 10.492519 14.999672
16.957904 0.777723 15.037641
1.456234 7.322235 14.995881
5.704765 9.042512 14.974872
12.819906 13.693113 15.033818
15.484046 1.317643 15.020207
1.583955 7.642568 14.988072
12.233851 6.484716 14.979658
15.364634 2.242754 14.984831
2.524141 14.400600 14.996919
2.975774 13.801363 14.993777
10.159650 2.174090 14.988212
8.653034 3.703125 15.020069
8.550307 8.599083 14.980046
17.318544 3.860664 14.997517
1.297054 10.215381 14.996242
14.712408 11.990157 14.959319
16.341516 6.266991 14.967202
7.690378 14.374368 15.018195
13.839454 2.220504 14.993448
11.712918 3.056829 15.017353
5.287300 10.842160 14.959018
10.230390 8.085588 15.011160
1.141163 9.326520 14.999490
16.203277 8.071175 14.996121
1.079765 13.047925 14.982874
5.838573 5.727125 15.009242
8.184929 0.942155 14.986983
10.023409 10.275161 15.002474
10.655220 7.669017 15.000196
12.104226 9.164983 14.996115
18.315311 3.515000 15.000349
9.581200 11.851483 14.980870
13.041979 0.969880 14.988310
1.786685 2.969761 14.995613
16.813264 0.125719 15.046102
6.748884 10.335286 15.014831
11.866781 11.473892 14.976360
19.632117 8.124167 14.980476
15.144866 2.661170 14.992664
8.098752 0.742662 15.024485
9.026237 4.421579 15.019187
2.887536 5.811120 15.016177
12.665436 7.115835 15.035461
11.022585 11.424591 14.960375
11.850276 14.149440 14.999491
5.370185 12.101614 14.992821
14.233276 5.283158 15.007454
5.987559 0.284906 15.021134
8.913383 14.620128 14.993888
3.035324 10.178862 15.009878
14.326975 4.810964 15.000775
3.505310 13.958671 15.033791
11.708068 1.370864 14.958331
16.527350 5.144595 14.965548
11.796184 7.458375 15.019930
12.119604 4.181390 15.010981
17.583177 1.717772 15.039945
19.938760 1.899706 15.035467
3.894531 9.950048 14.990770
9.527649 14.516576 14.998602
7.258304 14.762194 14.982383
1.388808 7.115298 15.026175
7.333967 11.484751 14.981538
14.007663 3.142154 14.995919
17.030225 10.381349 14.978155
16.455751 6.857021 14.973667
0.409395 9.684425 14.993135
7.893149 0.496537 15.043706
18.998656 11.455734 15.023953
11.076745 8.372609 15.007556
19.577385 8.219092 15.019042
6.880378 3.321519 14.988104
7.972462 5.380314 14.991563
9.107634 0.773878 15.006865
17.037200 5.179382 14.998617
5.814141 4.082254 14.989417
8.749159 11.726512 14.998979
15.719527 2.005942 15.030283
6.607498 2.503258 14.956471
8.121582 12.008490 15.020019
17.616286 8.791327 15.005704
7.045577 9.758245 14.989705
10.969462 1.922154 14.994119
1.334386 9.787283 15.024256
19.010778 9.692133 15.002556
13.249987 7.059604 14.977145
19.235110 14.372167 14.991197
16.246333 4.075363 14.995996
15.267151 8.641855 14.984663
2.660049 1.925131 15.022168
9.680179 5.821640 14.988657
0.323709 3.956965 14.949860
11.213966 10.435703 15.007741
19.110797 11.446433 15.000549
7.714755 12.891556 15.001790
6.970127 3.726692 15.002108
5.757380 9.689968 14.973941
11.529037 7.570151 15.017932
18.098841 8.004155 15.019809
11.798209 3.373233 14.998023
15.106077 10.593013 15.013898
7.335017 9.359421 14.997417
7.404287 13.631700 14.968684
4.755338 9.005336 15.001999
1.953038 10.431570 15.012460
16.694864 5.183679 15.015217
14.548297 2.831346 15.001935
2.604478 14.196955 14.990668
10.757749 9.042086 15.036126
12.511655 7.175017 15.005670
17.307132 15.021601 15.009046
2.810181 3.952537 15.004598
2.304038 10.587480 14.981353
5.170961 3.381977 14.967391
4.779419 6.624832 14.958006
2.957958 5.663379 14.995934
17.536887 11.337020 15.019967
19.840783 6.972183 14.969716
13.109630 5.149504 14.987120
15.162588 4.391000 14.966067
10.495432 12.552789 14.987084
12.480569 3.117855 14.998276
16.998225 6.875675 15.017851
17.718035 6.329893 15.002027
6.492211 7.071485 15.011203
15.965479 10.018172 14.978358
0.309682 13.323847 14.993709
2.433095 2.378477 15.030157
5.862863 10.741445 15.037898
9.903097 2.144387 15.000383
4.667722 0.108619 15.000568
17.429330 0.105942 15.022270
10.849929 13.450070 14.997845
8.256003 12.659637 14.964743
15.845933 4.914354 14.986851
14.086460 9.733811 14.980990
15.069008 2.260714 14.993414
6.467619 11.310913 14.972032
6.278792 15.004422 14.992671
6.002719 14.153291 14.985570
15.829393 9.512203 15.013253
7.642694 6.701637 15.024257
2.420697 5.480035 14.992404
10.032898 4.143654 15.004184
4.240906 1.260917 15.030474
11.535245 3.147172 15.000484
10.504601 8.403746 14.977028
5.413853 4.089767 14.983968
18.478386 10.895734 14.984579
8.824528 11.507842 15.022814
10.648236 7.135607 14.975500
14.279256 13.584418 14.987171
12.727450 12.224614 15.030731
0.804245 1.153580 15.002929
9.872425 12.018859 14.994851
18.042609 12.438721 14.975339
17.793015 5.156921 14.986814
2.567500 7.383664 15.029197
5.944268 1.073019 15.002670
5.510515 3.982879 15.014463
18.306409 14.263053 14.989598
19.344634 13.995286 15.017358
8.768922 10.227753 15.038998
13.902129 0.289237 15.000094
3.360916 0.357862 14.999029
13.195633 8.920709 15.001240
0.943432 3.463695 15.054261
1.546638 9.781820 15.000321
7.851100 1.453905 14.991129
17.124551 14.839305 14.993175
0.280088 1.731166 15.001900
6.622819 5.066320 14.996496
12.680958 1.482444 15.055567
6.099558 5.738451 14.980736
0.136046 5.026922 15.012242
10.588979 9.676965 14.990091
2.483541 12.888022 14.973221
6.311363 12.134731 14.976150
18.007083 10.984592 15.009812
11.857739 14.972214 15.027976
14.642292 0.646838 14.973645
3.193211 11.852855 15.006494
14.959056 1.977116 14.991238
3.394195 9.157959 15.001610
17.524718 12.156355 14.988638
13.798947 9.953976 15.008656
13.417746 1.721226 14.968983
4.402107 2.739295 15.030103
8.616574 13.278348 14.965557
0.778669 13.602262 15.003730
6.924185 11.175024 15.017252
0.451973 4.400626 15.017348
0.140063 3.736609 14.971227
3.609303 1.112238 14.984526
13.558417 6.998687 14.996927
4.656194 5.927493 15.002962
17.986658 3.666357 14.978673
11.060555 9.732855 15.001909
8.986087 3.119420 15.013465
8.477685 1.312014 14.982657
8.956054 6.483678 15.021818
4.187286 10.899741 15.024009
8.340036 2.789652 15.012442
0.263018 8.810802 15.033950
8.296905 1.325549 15.040795
7.635781 4.029982 15.044202
0.832552 12.523439 15.008521
12.137131 2.179319 14.988579
15.727570 9.983070 14.998257
3.834551 0.226247 14.959003
9.222942 8.245494 14.998367
18.276499 3.651666 15.006491
17.989961 3.342445 14.953458
5.222785 7.590505 15.025042
4.408228 14.827018 15.002803
4.389399 3.542170 14.964594
11.789906 8.260115 14.976959
16.789520 5.661602 14.974906
4.836828 10.413430 15.010635
12.869581 13.983921 14.991903
14.215402 6.338273 15.003018
2.692136 13.646037 15.009562
1.777638 13.764893 14.987418
1.783245 13.074329 14.962628
9.007780 3.737744 14.997470
5.139391 10.512554 14.994520
7.153096 5.067128 14.976982
19.463665 2.824695 14.978025
6.448672 6.899899 14.980191
6.556433 7.247388 14.966998
14.815784 9.706487 15.012298
18.827611 4.842611 15.000012
12.899804 1.225203 14.996526
15.357310 4.354341 15.021697
4.567206 12.270882 15.005227
3.761005 12.934054 14.959182
19.949015 1.064831 14.977272
19.285062 3.050771 14.995355
6.867745 0.923317 14.986572
16.089912 7.513925 14.995846
5.658967 2.609725 15.003669
1.071269 11.702397 15.018146
13.893605 12.330019 14.989214
10.730051 7.473529 14.993336
1.055041 7.030044 15.025013
8.478147 8.043226 15.015615
11.735807 3.590606 14.994767
7.897945 10.375545 14.986269
0.848052 10.180082 14.973029
18.707746 2.097773 15.012371
18.540231 4.621323 14.999023
17.761053 7.143671 15.001176
13.972166 13.696174 15.021726
18.109632 2.440171 15.011683
17.084443 1.081716 15.028208
10.908328 1.972084 15.007041
10.222134 3.510901 15.029633
12.318404 9.129373 15.003024
5.680561 0.454417 15.023172
2.371512 0.510951 15.001157
18.576584 13.354676 14.983851
9.856350 1.807182 15.019614
1.760718 4.925098 15.002483
18.921671 5.400894 14.998289
16.151000 11.947753 14.979890
12.911857 13.677229 14.977947
19.810796 11.564724 15.015914
16.391603 7.509516 15.006001
1.600805 8.171566 15.029262
14.438152 6.548049 15.006699
2.403170 14.679240 14.995281
15.507507 14.432923 15.025520
5.399031 11.403284 15.012151
6.979472 13.222055 14.962795
16.643582 8.332656 15.000118
2.626889 8.440691 14.982507
18.891616 11.165149 14.949783
2.524738 5.248363 14.993500
0.492908 9.920107 15.003954
0.496164 6.344112 15.013290
16.189389 13.840564 15.026468
9.576514 5.342639 15.040713
10.165061 9.526189 15.009773
16.687159 0.269195 14.996608
10.238734 8.696385 15.017350
19.091800 11.661436 15.011372
0.109583 12.528290 15.022480
3.242245 13.149613 15.002272
15.781629 7.614329 14.979910
18.324399 8.799144 15.000846
14.135211 4.719557 15.000571
5.938217 14.317589 15.006259
16.845326 9.514465 14.987948
4.406098 3.874474 15.009604
8.787412 13.411270 15.029912
15.691498 9.578737 15.018773
8.119693 10.270722 15.026264
16.489238 1.906894 15.019185
12.082893 0.320315 15.000889
17.248152 8.824099 15.003646
4.713083 2.494688 15.009866
12.677886 10.309264 15.007873
13.247128 9.025623 14.963375
8.284703 4.857089 14.973341
8.644514 6.557973 14.977001
18.303184 12.466923 15.017168
4.438577 10.198136 15.041855
1.919872 4.651823 14.996460
10.327975 7.509985 15.022288
17.631353 6.838193 14.999083
19.538945 0.697913 14.974936
17.973373 5.395509 14.965140
15.400067 1.811463 15.006926
2.166728 2.534262 14.993721
12.415053 5.076701 14.994680
13.047903 14.894059 15.009144
9.940307 8.921172 14.994421
16.830062 4.616822 15.021168
19.634524 2.483387 15.007832
19.461072 5.703127 15.006853
0.407868 4.132172 14.949731
0.728341 13.144571 14.974480
1.085822 7.893470 14.979262
6.235230 14.050091 15.005785
14.908547 4.848365 15.011003
11.516206 1.936694 14.977159
9.731877 12.827472 14.996810
14.715943 9.585221 14.996420
5.138083 10.363620 14.990862
19.827657 2.340132 15.001665
4.948534 4.712004 15.031721
7.423890 0.885673 15.016843
17.040326 4.120405 15.018787
15.780364 10.068310 14.989295
3.039416 12.129775 15.018040
1.232668 14.031554 15.044429
13.085981 5.200371 14.995333
13.937077 3.906848 15.003661
17.856434 12.752205 14.981151
0.599867 5.423290 14.994266
17.395724 6.146608 14.962506
6.738461 3.230580 15.014989
7.201571 0.795577 14.985006
12.881028 2.905023 14.997660
17.198548 2.761295 14.992119
8.249462 11.097249 15.007675
0.140181 9.612905 15.008080
12.951896 0.980017 15.011478
11.093272 0.243551 15.022174
19.427882 7.082683 14.987260
10.554456 8.508225 15.023026
12.645096 10.065190 14.972395
17.461831 4.535311 15.005615
5.365537 8.451079 14.982057
0.290707 9.077553 14.986677
15.011097 0.451609 14.980942
13.669419 14.880567 14.996083
17.619779 14.195135 14.995836
4.656401 5.657065 14.997069
8.581562 8.902488 14.980799
0.969935 5.712136 14.975668
14.254516 12.596158 14.998850
3.844170 1.358282 15.007850
11.107970 2.629494 14.999715
10.084722 10.898538 15.006920
8.157965 3.702690 15.046098
0.973683 14.765803 15.015593
12.123383 12.542705 14.999414
10.249518 12.427254 15.008441
4.850840 2.524145 15.015777
13.260058 2.974189 15.016041
19.440065 12.168231 15.005747
18.619278 6.354454 14.964833
17.772841 11.170819 15.006948
15.032265 9.423938 14.996052
15.983836 13.051678 14.991112
14.264393 11.950856 15.012687
8.191065 10.052144 15.029461
3.766600 9.498759 14.990405
15.114202 11.960178 14.929713
12.343613 7.407528 15.014426
16.139005 7.826226 15.032533
19.065963 14.095357 14.989983
7.845500 11.924672 15.011010
18.071401 13.235791 15.011959
1.373669 10.112833 14.995235
5.097222 5.577835 14.994227
9.345990 13.848129 15.016600
18.782417 3.787338 15.005163
19.450537 4.753007 14.985330
10.184434 3.427778 15.006054
11.638214 10.727799 14.976302
9.000826 8.809793 14.986499
17.824119 8.599263 15.001495
17.040154 10.507919 15.025541
5.062193 12.476033 15.008182
1.340912 3.896421 14.976565
1.466654 11.431658 14.993031
18.016733 7.804649 15.016729
14.560168 13.355221 15.004209
3.393502 0.605607 15.007058
14.009847 3.478953 14.993489
8.173702 2.695190 15.000875
11.714530 0.831482 15.011971
11.960524 10.034512 14.991512
13.610316 11.842522 15.007394
5.635187 7.890702 15.006205
18.507727 12.521940 15.040454
17.534824 9.568306 14.998628
0.234270 9.703656 15.024674
13.774010 3.489309 14.976811
10.799162 14.463582 15.016422
10.160527 7.426890 15.041637
2.251029 14.431861 14.998984
10.744443 6.032800 15.000155
14.749885 6.743395 14.973630
0.305614 10.599790 15.002877
8.499845 12.064509 15.011751
12.442625 3.517691 14.977771
3.020266 14.923352 15.009419
19.771822 0.551929 14.982477
13.794521 0.714349 14.997572
13.691400 1.712739 15.040395
9.001664 8.445048 15.006383
1.702197 9.552637 15.005357
18.037073 13.488941 14.978951
1.135418 6.701986 14.972626
15.583380 11.747574 15.048190
3.366735 9.188775 15.026310
14.390841 6.207406 14.998137
9.798122 8.608657 14.993303
9.071938 3.260591 14.993753
19.972318 11.451728 15.001206
19.933531 8.159950 14.992690
1.101114 12.388594 14.993415
17.938281 5.480846 14.984675
0.115832 2.857212 15.015397
12.007826 7.259341 14.987897
16.428568 7.370377 14.987462
6.415908 4.762305 15.014136
14.036308 9.125104 14.989400
12.072760 4.491066 15.045525
9.193048 8.889191 14.989590
17.015067 8.011102 14.983393
13.668378 0.327387 15.000281
15.902030 9.974199 15.004382
1.518168 6.172680 14.996637
4.145052 12.037262 15.009513
11.962274 10.889677 14.966098
16.484913 11.872789 15.041389
15.403123 3.933173 14.966322
9.349538 11.246925 14.968224
16.351124 9.895138 15.017181
17.729839 13.803181 15.015730
11.872271 9.756686 14.974999
2.972145 1.670897 15.014492
12.137551 8.076541 15.005649
6.273282 9.585042 14.982395
7.157966 13.819507 15.008178
17.868293 4.251925 15.031258
19.676308 5.393728 14.971006
14.213082 12.346197 15.001169
6.281852 9.146484 14.987135
5.576045 6.679550 15.016014
0.809388 10.822967 14.961321
1.213176 0.415397 14.967856
1.510423 5.781808 14.963655
13.538584 6.226019 15.038783
3.784493 1.255461 14.985095
1.655443 14.433103 14.992609
19.815072 14.700237 14.982170
14.285595 8.966160 14.974652
12.045411 5.005637 15.009344
10.985036 9.752005 14.999167
19.157370 13.889952 15.014939
12.291845 13.110540 14.994612
0.716546 4.873737 14.981138
11.796742 10.663981 15.016991
8.585938 2.301811 14.980584
20.013272 10.119426 14.984861
9.682475 3.535663 15.015196
15.665319 12.154542 15.022047
16.374162 10.442836 14.958018
1.077819 0.161955 14.952116
19.276713 8.390211 15.025416
10.415663 6.783998 14.977698
16.600434 14.103630 14.997865
12.811421 8.211127 14.992979
9.015753 1.669393 14.980552
5.510917 11.897347 14.989354
3.763562 13.174022 14.998713
14.219751 8.316089 15.002894
1.557896 13.137215 15.003712
4.846175 4.716867 15.009070
10.523682 4.393025 14.997596
4.375450 13.274410 14.980832
10.965462 6.303700 15.016243
7.225039 14.914212 15.012149
5.382260 14.018573 15.027059
14.298525 8.074361 15.000259
4.855900 11.758845 14.976693
3.928218 12.001554 14.982232
3.375901 5.357712 15.007734
4.027864 6.945294 15.024987
0.246167 13.512251 14.971551
14.296158 7.645317 15.002699
11.284070 4.543174 14.998789
0.970670 1.911703 14.961350
9.616525 6.380332 15.005918
16.708265 6.784229 14.999433
9.584788 7.383331 15.018188
20.026165 11.297420 14.997497
2.054249 14.650040 14.964364
12.280390 5.852155 14.981249
10.526899 12.190275 15.021980
11.724417 9.438406 15.012534
10.330398 12.745170 14.989438
11.262758 6.340850 15.050120
18.185925 7.003125 15.014459
7.293742 4.533584 15.001469
13.189953 10.512825 14.995925
4.450970 4.206006 14.991966
7.094941 6.144621 15.008407
10.741869 7.716765 15.005070
14.181748 12.319491 14.998108
18.284692 9.710436 14.983240
14.063576 8.050631 14.987297
13.774515 1.173925 14.998349
8.569333 1.026915 14.985754
4.758865 5.360633 15.006773
14.215493 0.359703 14.994937
7.459085 3.377967 14.984658
17.489000 14.255984 14.988584
17.239397 3.269403 15.015485
1.530033 11.991887 15.044285
0.770300 9.877992 15.025492
9.213831 1.905680 14.996578
4.494703 3.047775 15.019882
4.788025 0.452424 15.018637
8.222209 0.449785 14.972179
15.627053 13.303461 15.000300
3.301547 14.720013 15.010674
19.034294 13.947582 15.028755
12.106271 5.318397 14.986428
15.315696 1.147127 15.023647
3.155942 11.474334 15.024656
2.967767 4.255546 15.018630
6.297580 2.919887 15.014514
17.902219 6.887528 15.027510
16.754779 1.254784 14.977606
5.309496 0.368656 15.026031
8.339900 7.553017 14.980429
9.973973 9.469191 14.999525
6.496597 9.131920 15.000624
18.985568 0.381207 14.993349
13.573219 1.328995 15.025589
8.635076 2.749668 14.978869
0.136074 5.046439 15.021195
1.184347 10.913162 14.969323
10.980128 0.332521 15.001618
15.122411 2.788545 15.030194
12.324477 11.168566 15.010658
16.231301 5.822964 14.983772
15.487241 6.830430 15.019559
16.064218 1.548781 14.982348
12.203301 4.439351 15.011793
17.272106 5.113157 14.972766
6.714214 14.349242 14.978837
3.120512 8.343980 14.974690
15.990723 2.025930 15.025892
5.937456 11.247206 14.993703
4.596766 13.905969 14.992120
11.110976 0.565209 14.980628
11.255856 7.832772 14.961565
1.492475 6.040710 15.008651
12.462199 9.313771 15.005168
4.531038 1.635817 15.002648
2.665303 2.243539 14.988140
19.287478 8.269524 15.015675
5.831823 7.287585 14.991353
8.230107 10.517215 15.006105
2.845578 10.768786 14.989930
18.943041 12.343772 15.007452
0.307884 11.224340 15.008763
0.170095 14.199868 14.973245
8.112250 8.987023 15.037678
2.406557 11.600819 15.018746
3.883177 13.710553 14.987302
5.736010 7.120513 14.978493
9.330572 1.778895 15.028767
17.803312 12.584248 14.986593
8.481251 1.793329 14.973548
15.824246 5.035909 14.978135
19.228147 11.752107 14.959863
16.861060 3.167376 15.011974
17.117515 3.201019 14.963084
15.961121 12.407573 14.993203
2.284652 5.110492 15.028885
3.424079 7.607047 15.006174
5.448174 3.915712 15.033607
13.453532 5.514633 15.009019
8.384918 11.709538 14.999963
10.039753 12.903616 14.995689
16.299798 7.053701 14.993819
0.664877 7.500902 15.012356
17.287600 10.234895 14.967674
11.278947 4.269769 15.034596
11.783035 11.325409 14.998661
5.622337 14.172625 14.997966
3.296517 2.567619 14.998271
11.439424 5.534528 14.995385
16.869777 1.988216 14.985590
15.108844 1.612087 14.977945
15.979020 8.843319 15.032698
6.741071 4.173625 15.016764
12.579171 3.939850 15.019434
11.318178 5.923086 15.019482
1.794241 10.385675 15.018519
10.778699 4.402833 15.000551
0.024057 7.943979 15.031953
14.709620 12.078943 15.026778
17.781305 1.091006 14.992623
17.765979 2.745906 15.002090
6.464978 7.930744 15.011997
12.187739 4.162928 15.032581
14.925404 14.128199 14.999651
12.795703 1.079598 14.983682
0.282021 4.921542 14.983237
10.497416 0.100709 15.005233
10.299600 0.046138 14.995996
16.161345 1.018333 14.999895
16.079514 6.137506 15.010047
13.187578 5.010230 15.019386
3.052836 6.327229 15.008811
11.190914 5.469126 15.008718
17.735690 1.110349 14.987104
3.225595 9.087352 14.999088
17.127307 4.913804 14.998975
1.675200 8.033600 14.981925
19.294784 12.031071 14.974012
19.314826 13.649103 15.020502
19.671671 13.059180 14.988592
6.795843 5.479266 14.954091
17.068492 2.606417 14.997461
6.818694 8.369501 15.010966
2.032746 13.064735 15.010912
8.586904 12.105409 15.023549
16.037983 6.839977 14.953040
0.487511 11.637514 15.007242
8.823616 2.753590 15.002593
12.040054 0.410738 15.012037
16.317171 13.702574 14.981009
4.971696 14.280061 14.982094
2.194979 10.896651 15.000028
4.057705 5.097897 15.002855
12.254811 1.252290 14.996095
12.370380 0.550262 15.025771
7.135858 0.330967 15.041517
10.336674 4.394028 14.988366
7.433904 4.027097 14.989140
1.804762 3.852620 15.018336
1.797833 13.287232 15.001808
10.154444 2.587540 14.970359
18.607564 1.767750 15.024523
8.758585 6.100752 14.992345
10.416612 11.732059 15.023068
16.135377 7.095062 15.014131
10.896744 9.961737 14.996284
1.093792 9.772442 15.014407
7.489733 2.295007 15.038805
0.457190 11.144454 14.997279
18.396733 1.799277 14.992017
19.605620 10.672966 15.016665
4.479696 13.826947 15.019388
10.937761 1.754560 14.961227
1.570593 1.852312 14.965656
4.385357 14.816187 14.961108
1.707207 14.557894 14.985311
0.072678 7.311921 15.029098
13.063395 2.263899 14.993826
8.748636 9.604515 14.987866
13.878683 7.888409 14.990319
19.388974 5.833211 14.995295
17.890420 10.959395 15.005284
0.751280 3.572319 14.999108
8.175247 11.660869 14.989683
18.672414 9.753728 15.012851
19.238616 1.754343 14.964666
14.500953 6.392392 14.994180
5.079407 7.739670 14.989856
8.598840 7.185325 14.980613
5.658201 7.031157 14.968297
5.093554 11.900214 14.981359
5.162818 8.087482 14.998394
13.803393 3.351767 14.981113
14.108637 8.776033 14.985331
11.387816 4.341564 14.982726
18.848499 2.943555 15.011896
15.231575 14.932437 14.991530
8.406334 9.500923 14.990297
16.490571 4.929890 14.993595
4.868689 4.089114 14.989956
8.315915 6.219954 15.043479
1.038924 11.602808 14.991683
18.330506 11.443697 14.987574
5.534251 8.429278 15.003742
2.070176 12.276191 14.983717
15.493348 7.929036 14.977228
18.899910 11.913027 15.003313
16.787970 12.022691 14.985085
6.501797 8.432626 14.962144
19.951657 2.770186 15.032372
5.463197 11.006682 14.992507
4.609972 12.479992 15.011102
4.032446 7.954108 14.999053
0.314807 10.657508 15.021108
11.608685 7.341650 14.995301
14.689461 0.107340 15.009710
12.169436 11.737628 14.994333
10.651140 6.779493 15.006436
12.810536 14.498685 15.013447
17.423941 0.428257 14.998482
6.201817 13.049072 15.012696
9.569829 2.063162 14.982003
18.068610 1.216481 15.027748
5.442665 6.086127 15.019278
0.911468 2.732197 15.011418
6.631483 9.836454 14.986746
13.269392 9.113752 14.979345
1.259532 12.528712 15.004509
3.935026 12.726516 14.993174
8.617565 4.387764 15.018963
7.483231 11.581994 15.026210
18.463714 14.090540 14.997716
10.602773 4.826119 15.006387
17.775080 5.380068 15.000892
7.971335 2.282066 15.024741
11.674755 14.937875 14.995133
11.279029 14.288842 15.018953
3.209262 10.637947 15.048128
0.298814 0.341272 15.017518
5.398569 7.655631 15.024951
1.012469 13.123614 15.025507
14.916194 1.317853 15.021976
16.917535 6.288306 15.010479
6.791870 1.397782 15.005749
3.518120 13.460543 14.990100
2.977320 9.521202 15.016306
10.182757 9.270734 14.994730
8.855677 4.735981 14.952983
18.881647 6.090665 15.019358
18.197141 11.334217 15.007036
18.986939 1.303550 14.951531
13.029772 10.452369 15.048773
16.987127 7.436439 14.982122
16.130743 6.218497 14.982299
5.969736 9.496718 14.991839
12.330148 0.240554 15.008569
10.103520 7.985953 15.001281
11.392427 8.508973 15.010886
8.770772 1.697272 14.994874
4.997991 1.769607 14.984699
15.919664 5.759603 14.968196
3.087636 13.874563 14.986899
5.410922 9.160794 14.976808
16.299974 8.412905 15.013102
17.954726 14.578205 14.988457
18.717663 8.019723 15.016241
19.105009 0.427612 15.025477
2.905025 12.567229 14.992877
10.779558 14.358620 14.983534
3.574798 14.600439 14.985203
9.733634 3.136876 14.983551
14.752640 8.146849 14.982401
19.499079 6.085620 14.995948
19.344824 6.584011 15.015407
11.541521 4.821212 15.007600
7.844229 0.389106 14.958722
7.178912 3.017454 15.027655
10.973398 1.328901 14.997959
2.345833 7.285953 14.985833
7.575886 2.730787 15.006400
2.677876 7.476375 14.979013
1.241372 3.026652 15.003536
19.229095 10.202113 15.000540
6.327695 13.802161 15.000857
9.494185 8.748280 14.968420
13.927413 1.549091 15.019039
10.182485 2.390310 14.972218
18.017533 12.243292 14.984246
18.205333 6.284340 15.001690
5.530023 10.174911 15.019044
8.601836 10.173120 15.003367
3.988822 3.207102 15.006991
18.661895 4.399050 15.017700
1.201143 10.775294 14.999173
16.080140 0.178065 15.006210
16.609684 7.352245 15.021456
17.575845 2.017499 14.992089
12.994431 7.708219 14.984064
10.303652 7.340904 14.984546
12.088719 8.286117 14.999780
3.844618 5.268406 15.014649
3.528021 3.433465 15.025621
15.844128 7.049734 15.014307
10.925508 6.934379 14.958345
18.617254 7.015823 15.004402
5.314534 8.043598 15.011383
5.644967 7.261322 14.993771
10.229241 5.149809 15.031347
1.587865 4.295802 15.020696
14.885226 11.006125 15.029142
3.326138 8.132618 15.007456
11.231792 1.608129 14.996211
2.022748 3.063985 15.017398
8.177744 6.992099 14.983186
11.175567 0.471966 15.012155
10.648969 1.892851 14.987855
19.511915 2.026719 14.990830
13.391669 13.042451 15.017504
10.659420 5.692896 14.982232
13.068034 12.946488 14.939511
14.795665 5.503631 15.014047
19.108302 10.626794 14.995547
2.961137 7.793207 14.991118
14.289734 3.424130 14.979752
0.243783 13.548622 14.997825
0.126145 13.145629 15.005443
14.303769 11.249107 15.008588
11.079683 9.986489 15.033875
15.961429 6.645322 14.996558
7.534095 1.987411 14.992773
3.075170 6.279121 15.005231
12.853460 10.907894 15.002422
10.434352 7.197669 14.967890
5.957801 14.775134 15.011862
9.353897 9.472886 14.988000
10.941582 2.442638 15.021095
4.124274 1.144559 14.989396
14.678990 3.238883 14.980210
12.169545 8.126824 15.016361
1.329190 14.459458 15.006348
10.002744 14.833587 14.968201
5.356291 11.464732 14.982205
17.732513 3.612036 14.996712
9.034426 14.891583 14.988459
2.867641 14.094497 15.011019
13.331228 9.811141 15.000954
5.298240 0.193331 15.003610
19.160080 3.737461 14.990822
0.704962 7.273547 14.992350
2.637951 4.466980 14.998656
19.857631 9.187199 15.019812
18.961472 8.602758 15.009105
1.235668 14.734218 15.011077
7.600231 6.562788 14.992255
18.834364 0.481560 14.970220
5.405796 0.751998 14.992794
17.187499 2.351980 15.018613
10.424008 3.772653 14.994305
16.139468 10.037581 15.032195
13.251437 10.158171 14.963802
16.098196 12.663405 14.964956
6.873242 0.056334 14.992873
19.703169 10.175355 14.999990
7.882266 8.420371 15.019068
0.765600 3.809381 15.025393
15.387084 8.993243 15.018654
4.362677 2.210914 14.988528
1.869965 0.263419 14.996813
13.720376 7.130723 15.008338
15.618286 9.562837 15.012784
12.678311 8.220017 15.015623
4.908115 11.848466 15.017915
4.183937 3.534401 15.001403
6.270977 5.088766 15.013408
13.774550 8.803400 14.985194
1.208048 5.796525 15.029783
17.203849 11.663052 14.980729
19.275945 0.190488 15.004836
17.678940 11.550013 14.984355
8.451675 12.226858 15.057254
10.527796 10.519992 15.018874
10.268999 8.226726 15.000006
11.943274 3.615524 15.005110
17.112602 2.200644 14.994787
17.281322 13.392275 14.984526
6.211743 14.995216 15.016073
2.240146 2.477819 15.000639
11.132455 5.715004 14.986300
0.800372 3.461554 14.964700
13.540519 3.093653 15.007614
14.255795 10.522353 14.989781
13.410617 14.064551 14.984841
5.172732 5.983700 14.997824
14.848838 12.586231 14.992243
5.849035 13.104403 15.027780
8.526388 10.340246 15.030265
13.969913 11.681785 14.982795
6.209065 1.326693 14.978805
17.687825 11.875796 15.023596
6.542121 2.261023 15.016437
17.194517 10.833738 14.978463
18.798133 14.294292 15.011261
7.498753 4.279461 15.018251
0.994358 7.185520 14.976824
5.065956 7.057305 14.956690
15.418530 2.870696 14.985288
1.891569 0.299697 14.998504
17.520418 11.423751 15.012184
11.979089 13.355696 14.999049
15.897541 4.019683 15.000570
15.173855 10.069160 15.027622
15.085096 9.181716 15.007243
0.452491 4.845594 14.990697
14.757423 4.117956 14.987523
13.529619 13.093858 15.036885
12.049190 5.922491 15.029521
17.168535 14.921759 14.954694
10.568629 12.485421 15.028539
11.370491 12.551713 14.966519
10.372976 3.265548 15.025111
14.896471 6.221405 15.013628
18.595994 1.826459 14.973084
11.998038 5.668565 15.009054
7.073377 14.963707 15.048084
10.230935 9.454250 15.011273
18.915660 5.075676 14.999748
3.641249 4.415360 15.006031
18.115252 3.250878 14.999377
16.622579 1.676751 15.019227
7.388748 2.568181 14.961997
17.569821 5.496557 15.002725
14.970912 6.420377 14.995108
18.971109 5.689461 15.014394
10.190175 2.294947 15.011814
14.353980 4.205259 15.043705
7.065308 6.681911 14.982112
7.651638 1.283935 14.996674
3.592653 0.759507 15.000854
11.490406 11.901567 15.004365
0.027153 2.997600 14.981896
18.367645 4.522825 14.992799
6.665787 1.483063 14.986636
12.439744 2.725839 14.965061
19.493932 12.535802 15.035728
8.352103 13.897417 14.964701
1.425934 6.163396 15.015014
7.493356 3.179246 14.997648
19.659812 10.452711 14.990385
19.137256 3.041608 14.977514
13.665910 10.200255 15.023836
13.619666 10.283319 14.969947
9.679031 11.972369 14.999918
10.126718 3.766282 14.994247
11.048843 4.800325 14.971480
7.970310 3.781195 14.958940
16.347030 9.611709 14.998455
18.199678 14.598554 15.022741
17.248817 6.281314 15.015804
5.670718 5.080300 15.029311
4.024580 8.668735 14.963503
19.479070 5.294721 15.004883
3.150776 1.688996 14.983485
7.493459 7.457784 14.979705
1.003812 8.803863 15.029085
4.210935 6.474253 14.979414
8.523822 11.465540 14.989678
1.198290 10.181007 14.992992
11.490720 6.867341 15.020195
8.626112 14.263698 14.997592
8.612680 8.816658 15.025886
15.252983 5.368846 14.990878
7.933755 5.640717 15.006165
1.359785 0.361385 14.979334
13.667940 10.083537 15.008596
13.927652 11.192696 15.011961
10.280173 3.353855 14.989304
0.147024 11.552153 14.986942
18.972848 10.186346 15.013466
6.083661 0.798498 14.982664
6.123554 4.019329 15.023969
3.710380 15.014851 14.954892
12.742919 0.126079 14.971267
11.951503 13.813832 15.012058
17.755322 12.265672 15.003824
12.546771 10.933333 15.004738
5.402428 8.324372 14.949260
15.690548 3.818675 15.002234
5.809560 2.496962 14.981664
17.904264 0.860954 14.969321
2.124359 8.414316 14.975068
8.461539 13.196049 14.986665
19.590947 2.314405 15.021491
15.122207 3.611765 14.980123
6.902164 2.215390 15.012336
14.942058 9.364230 15.018355
0.281547 11.438312 15.006404
0.378134 12.601228 14.999107
8.131981 3.552188 14.956176
19.146412 10.497280 14.981019
11.345787 6.778306 15.027979
2.047815 14.832043 14.997025
11.551971 10.602323 15.009625
18.044173 1.523260 15.025831
11.461458 4.571248 15.000098
5.657437 10.199858 15.012562
19.485485 10.452262 15.022232
18.851751 5.888216 14.992305
9.412008 4.464711 14.997180
16.738065 3.846817 15.005135
6.132641 4.841981 14.966853
4.409887 1.285759 14.993161
9.038689 5.432932 14.995026
17.805463 2.412969 14.988289
15.283593 3.323607 14.987758
19.903228 3.479038 14.995183
15.797266 2.594611 15.009320
15.728477 7.565457 14.937998
16.935235 9.927811 14.976356
0.879221 13.048907 14.964989
14.248027 7.827259 14.983187
1.577554 0.781616 15.005750
9.960174 4.962175 14.990874
9.575147 7.956401 14.984454
15.117727 10.776821 14.995721
8.808729 3.309653 17.978214
12.556855 6.465498 17.994699
8.046256 3.193649 18.030297
13.516124 12.811196 17.986310
7.539014 10.206677 18.014413
6.163219 9.653180 18.025574
0.825760 11.086711 18.032712
15.898446 4.758248 18.004744
10.025508 8.307943 17.991136
3.939150 9.631889 17.963648
9.136083 8.470010 17.969283
6.595344 8.671035 18.021537
4.311907 0.899525 18.011617
13.287484 6.846951 18.006399
9.265635 8.675670 17.988481
8.610484 1.623312 17.968005
9.366444 2.728208 17.974345
13.018728 8.493962 18.038852
15.966449 2.624212 18.028633
9.306074 7.663744 17.989410
10.829365 3.308409 17.963681
12.935294 2.665514 17.995729
3.471895 11.921084 17.991053
15.458219 12.147400 18.001395
0.636421 4.973526 17.966479
4.762607 4.876951 17.966690
19.717598 6.221500 18.008633
12.501359 2.992726 18.001341
8.418465 8.245815 17.993939
14.763044 14.576519 17.999366
7.809817 11.437443 17.984503
7.246997 4.187921 18.014692
14.989416 5.268728 18.029742
9.392051 2.924933 17.977647
9.383066 10.508666 18.039652
2.222195 5.069715 18.005555
16.553555 13.137676 18.004207
6.914222 10.831988 18.022775
11.285315 5.406592 18.020170
8.181292 5.785983 18.041317
12.143166 1.998267 18.005340
10.547650 7.032780 17.975118
19.156447 13.999080 17.990759
19.172466 9.596225 17.982938
3.417887 7.242719 18.051014
17.855110 6.125474 18.040022
8.728400 9.218650 17.987782
9.335484 13.606182 18.004195
14.781879 5.952323 17.998033
10.169925 9.240694 18.009215
14.403401 14.744971 18.001122
8.358123 8.934060 17.993524
14.481319 10.359233 17.979288
9.846411 13.188826 17.994757
2.230023 6.838128 18.003862
11.940900 0.897465 18.004484
13.501326 6.533961 18.001043
4.943875 1.970722 17.982072
13.329062 13.331027 18.009882
19.948375 11.914575 17.986119
9.687879 11.451345 17.995654
6.228833 6.249084 17.994650
3.420786 11.304824 17.983973
3.927050 8.676949 18.025742
4.557720 1.619624 18.004267
7.241086 2.345673 18.041294
0.519875 12.391080 18.024497
9.518909 13.177830 18.028333
17.744187 9.636061 18.006018
9.349964 3.729829 18.002353
10.192470 13.629259 17.981776
11.407621 13.116504 18.044177
19.514245 10.603728 18.046166
5.799083 11.438682 17.977946
19.189881 1.648744 18.004433
15.283738 11.332874 17.995749
8.873443 13.177989 18.010700
16.841010 10.196021 17.997148
19.116918 13.992279 17.976910
18.784558 1.391776 18.007362
9.031523 2.363261 17.995456
18.190553 14.827814 18.006290
14.059897 13.198284 17.999655
1.535177 3.884280 17.993234
0.754304 13.945996 17.985256
7.948457 0.763027 18.024518
12.906491 6.778283 17.997433
17.886644 2.935727 18.001101
0.738154 13.869995 18.013639
5.420725 14.959628 18.043736
14.928208 1.661714 18.000638
7.241849 13.224390 17.995710
12.053304 0.976047 17.964968
7.946537 14.065459 17.995858
4.153419 13.808997 17.987249
1.216784 12.007850 17.981992
10.789859 0.355098 18.013823
3.728451 4.037473 18.007076
1.360725 8.070698 17.973300
6.169123 6.708243 17.975158
18.496837 6.598775 17.961484
11.205112 10.344238 17.995332
4.805328 2.189223 17.987225
12.392519 9.482786 17.984023
15.407908 2.265000 17.988778
17.013310 3.950459 18.000640
19.814881 8.854392 17.993083
12.329924 10.334605 17.999816
8.681649 3.466338 18.000769
13.616674 4.628722 18.027144
2.194452 11.440238 18.013924
14.760401 8.660852 18.017089
5.566536 4.654938 17.999499
13.335685 8.203859 17.982813
9.284891 1.950134 18.021652
5.126066 6.317813 18.033447
15.395351 11.817577 17.998098
17.547998 13.200139 17.994074
11.449667 0.123203 17.986361
16.783196 10.543915 17.975973
16.817363 0.182494 18.008123
4.885323 11.185845 17.992542
12.201930 12.772683 17.991545
19.856919 13.850782 17.996681
2.345571 1.434309 18.044929
12.957923 0.183718 17.961349
7.343227 5.506152 17.969672
7.782789 3.793864 17.986500
1.202453 6.174572 17.999489
5.633226 2.503441 17.969253
17.130548 11.535743 17.980394
1.223414 9.823195 18.023051
6.148943 5.928553 17.986136
19.727743 10.575617 17.986332
2.911233 5.172379 17.992173
15.231288 8.557140 17.996038
19.858710 6.788337 18.026596
17.726776 4.986917 17.939964
17.134316 0.860917 18.000215
19.921005 4.772975 18.041673
5.423508 6.973168 18.016763
19.230226 4.531084 17.978858
10.848871 14.565968 17.993429
2.130017 2.767848 17.987325
17.289404 5.766348 17.982650
2.615234 10.261249 17.996918
3.520095 4.054820 18.019446
0.025214 7.592335 18.016107
7.544497 10.771490 17.998311
8.318543 14.444023 18.040253
5.234411 8.141061 18.007172
16.364746 10.933328 17.985169
17.610099 12.147983 18.029000
5.882503 5.208264 17.995580
10.357649 6.900601 18.016543
18.812767 12.963053 18.033254
3.627521 9.622876 17.985015
4.411967 0.245965 18.003879
7.492869 13.456025 18.004663
4.828401 6.076606 17.984748
0.736545 10.763760 17.994121
17.987810 5.122955 17.997291
1.044673 7.934462 17.999975
7.301678 7.283409 18.009116
1.898234 1.011885 17.991159
6.960410 5.927743 17.993769
2.138810 3.696782 18.058169
2.208023 9.017845 17.995276
12.801470 14.387110 18.012560
8.854960 11.679524 17.968821
5.445052 13.701252 17.969112
19.087282 7.394078 18.023913
19.386262 0.800039 18.009188
12.230674 3.675277 17.985538
4.048492 7.212819 17.997318
18.619241 5.371326 17.982441
7.342469 6.918350 17.975099
9.651188 13.051522 18.022371
14.694796 0.182094 18.018474
14.837999 3.169056 18.018432
9.181400 14.509808 18.015024
10.810601 9.014192 17.984301
19.450303 5.506628 18.001210
9.907288 3.005700 18.011442
14.122552 6.460223 18.021351
4.241933 12.144119 17.954094
12.342441 14.729729 17.997246
3.587328 3.974836 17.969302
7.336728 12.067627 17.993923
8.945789 0.600080 18.009767
13.410265 11.257109 18.015467
1.613418 12.626051 17.985333
1.990823 4.592969 18.004540
1.030029 10.568823 17.999632
7.620419 14.454534 17.985473
4.038389 9.955109 18.005769
15.421537 8.885743 18.043466
16.499100 1.219778 18.031336
4.929569 3.241370 17.984213
12.317525 4.093059 17.983806
9.773326 2.492986 17.997282
4.022375 1.395732 18.018283
12.683192 13.246169 18.010368
14.733194 2.936493 18.012976
16.755098 12.955364 17.998154
6.073947 14.065159 18.022762
3.130190 6.254730 18.006019
18.598472 4.228868 18.042418
18.625454 11.966053 17.995735
5.695948 14.670569 17.991946
1.114712 2.200475 17.959146
14.187274 5.095265 17.963192
7.322195 11.556043 18.007300
15.173637 0.083979 18.017329
1.437557 5.737292 17.987320
9.213788 1.842622 17.992093
6.667850 12.214623 18.034812
12.838140 3.904958 18.012041
14.185633 9.262064 17.980277
18.957683 8.640884 18.000914
6.971089 13.938456 17.978042
2.590527 1.184550 17.965034
19.211168 7.196163 17.974906
11.406531 13.428329 18.026266
18.684477 7.933179 17.993938
16.646872 14.421595 18.022989
9.788169 3.585008 17.991717
1.790730 7.231178 17.984737
5.995722 12.054452 17.976731
13.966964 6.701757 17.974461
14.733459 3.736354 17.990859
5.037646 1.658479 18.012337
12.792970 12.689457 18.001997
2.038696 2.116584 17.983960
4.254237 1.979286 17.978614
2.443456 5.824994 18.040613
4.085312 13.944529 18.020436
3.306927 8.677898 18.014366
14.400924 5.470151 18.013568
18.295592 13.783672 17.985027
19.342832 4.232857 17.974167
7.795971 0.426208 17.978996
17.209011 5.387407 18.018432
1.808729 9.442823 17.980530
11.400773 13.423066 17.999045
12.149183 9.351930 17.995814
8.204366 8.781330 17.970385
0.455562 10.806467 17.994654
6.602518 3.151792 18.000002
0.077186 13.321689 17.994990
16.166845 8.842581 18.006902
19.950175 7.938130 17.998016
4.153528 9.588004 17.958961
15.435766 1.438982 18.006452
17.834838 9.479175 17.978543
5.768935 1.829201 18.004764
12.997321 7.526446 17.982116
5.030668 12.368029 17.974170
1.320705 2.233312 18.012760
11.508703 6.018929 17.984169
5.845189 9.476905 17.993849
17.234600 9.727741 17.997524
19.164805 2.458572 18.003479
3.519060 5.007999 18.020714
3.042536 0.242068 18.025651
4.030729 11.963122 18.003184
9.288301 12.193960 17.977610
6.331988 8.015391 17.983219
12.774963 14.670641 18.016262
9.308070 1.634036 17.988004
0.446633 9.596490 18.008755
15.000990 3.008240 18.008010
7.065769 5.208822 17.964724
13.258287 0.652029 18.026640
16.799594 2.056603 17.996111
2.178603 5.470016 17.988342
11.906474 8.568165 17.996427
18.633118 7.277236 18.006555
2.689131 14.660864 18.031369
12.101023 11.989340 17.967973
4.325958 0.829161 18.011852
8.526796 0.417766 17.977399
14.590940 13.614743 17.993749
16.827725 7.913452 17.994879
18.536549 14.764652 17.983950
16.077591 0.553228 17.984757
17.395825 13.766596 18.016364
1.787148 10.083679 18.013597
14.030850 7.161699 18.000213
13.987763 4.004094 17.988708
1.720484 7.658415 18.013760
6.733786 10.450893 18.015403
7.078028 3.360912 17.987466
12.947328 12.434378 17.999065
10.865713 12.750804 18.000764
18.765447 9.609631 17.996168
2.845040 7.750466 17.982638
11.869937 13.607666 17.978039
2.642860 5.437749 17.985487
17.186436 9.289107 17.991989
7.655077 6.660698 17.967371
5.593094 4.707081 17.990266
5.670910 13.911470 18.024535
2.383766 3.836484 17.999428
4.160896 9.522999 17.972454
7.682446 4.189924 17.981191
0.748432 9.053155 17.979946
10.111736 11.391729 18.027334
3.699352 6.752418 18.035190
10.996718 6.497220 18.009378
2.747030 7.404465 17.965047
5.176233 8.014652 18.012684
15.839434 7.679652 17.995673
19.909742 2.394306 18.028039
6.941313 9.005219 17.965350
9.488811 11.391517 18.008652
8.812577 10.965252 17.991644
7.182818 9.934711 18.025509
5.177758 5.923235 18.034154
12.866715 7.977322 17.975953
4.743947 11.826676 18.001733
8.973402 2.050687 18.039926
7.886902 7.183167 17.994160
14.927612 6.988691 18.014328
16.367721 9.483857 18.006500
0.421820 10.836328 17.995304
11.319665 3.286018 17.972024
2.311864 2.777542 17.991215
1.833379 2.296909 17.966824
6.804814 9.584440 17.975295
1.417361 8.979042 17.964200
18.605074 2.676769 17.997277
13.883866 8.973469 17.978758
12.925012 11.762601 17.991872
3.344867 2.231603 17.988706
17.010485 3.076967 17.986469
5.223369 3.313397 17.996276
5.252908 9.934222 17.994482
17.799663 13.420501 18.003701
12.507321 0.772510 18.024486
13.341002 12.868085 17.987403
19.426945 6.159304 18.021336
8.005839 12.480760 18.012923
5.470070 12.464526 17.995063
5.315499 9.690633 17.952609
3.973148 3.687623 17.955272
16.722526 0.431702 18.002989
5.778029 2.549893 18.031644
2.317745 4.842127 17.997006
15.515496 11.556717 17.982135
19.236786 10.695262 17.985860
15.338140 7.862721 18.020617
6.664235 0.505661 18.013683
3.430336 1.768554 17.985503
15.737658 13.919752 17.950220
13.241506 10.774588 17.944112
3.966824 13.718872 18.002323
18.970954 8.113727 18.014316
11.863307 0.836331 18.006501
11.842564 11.690844 17.957779
7.883064 14.859796 17.989405
4.098728 7.661907 18.028405
11.689746 1.316810 18.008290
8.453189 9.568688 18.027822
3.272665 11.358519 18.012525
0.350555 12.444718 18.007844
17.701294 11.285975 18.014263
18.676821 14.671562 18.007801
2.027579 5.759602 17.997830
5.853646 11.103546 18.025948
14.555048 10.794175 18.000378
12.889312 5.729929 18.004740
7.930449 13.377530 17.987963
6.464002 3.569702 18.023417
19.750340 10.159917 17.968520
2.197857 6.090335 18.009870
16.451593 4.213803 18.011001
7.721132 1.695522 17.996131
0.243582 0.096528 18.027213
15.968602 3.331699 17.982653
19.549767 10.783195 18.009137
16.587393 7.007276 17.974466
12.425046 11.453955 17.999582
14.918039 14.552044 18.008173
5.608929 2.310654 17.981084
5.567204 5.210135 18.004808
17.171838 3.076870 17.996177
11.814063 8.805486 17.996494
8.919030 11.472997 17.975518
12.621347 3.183064 17.983619
7.665724 11.982997 18.000919
17.989550 0.584302 17.966151
5.840081 9.702342 18.025761
3.243959 12.700036 17.968025
3.599751 13.734367 17.992362
18.468217 5.355551 17.957853
6.132714 1.628076 17.987366
19.574962 7.514846 18.004100
0.817234 6.990797 17.995563
0.982923 9.404127 17.984948
16.411843 8.697654 18.012682
8.111862 2.970936 17.980173
14.061932 0.701350 18.004904
11.852902 14.551430 17.985765
13.760244 6.186482 18.035571
10.506371 8.627707 17.990681
14.053224 0.550007 18.023823
11.387917 2.598050 17.971403
8.113527 7.372934 17.971363
13.961855 6.796911 18.015748
2.434488 3.677103 17.984754
5.379284 12.058467 18.008507
3.780592 13.597830 18.023128
16.795986 4.395393 17.989739
12.422620 10.337714 18.027741
0.059680 2.385102 17.986364
16.455169 1.537290 17.994420
5.501621 2.642514 17.970520
0.255376 2.244365 18.002659
1.611326 7.330480 17.997489
11.082443 3.109626 17.994844
3.605602 3.837531 18.008351
12.569330 3.350367 17.997854
17.119834 9.641822 17.982905
8.151464 13.803855 17.981644
17.439755 4.176900 17.990504
4.270721 3.640815 17.974546
12.828464 1.849015 17.993261
17.862392 14.783420 17.995353
11.023521 12.348173 17.980747
15.575235 5.505783 17.987345
12.101007 0.365172 17.984123
3.205861 7.941767 18.000948
18.401687 2.920939 18.003755
4.128876 0.180281 17.976273
15.699921 5.894448 17.999174
1.851998 9.945339 18.016217
9.774726 11.812495 17.991678
11.641744 3.845958 18.005265
13.542888 7.297387 17.992854
14.026266 10.917784 18.028530
1.104508 14.859949 18.013909
6.480152 13.840467 17.987244
13.364947 4.696083 18.018712
7.504489 6.200512 18.007290
8.900820 13.928671 17.974692
1.941609 8.472374 17.992275
11.982511 0.153402 18.014909
6.543728 10.769826 18.018201
2.289471 6.963179 17.974580
10.087820 11.413761 17.983978
8.051053 13.730736 17.977479
12.566250 5.561586 18.048836
4.577126 6.946042 18.011153
3.043207 6.603468 18.043764
6.823423 5.806162 17.999616
18.391464 7.231760 17.972107
4.311801 9.360891 18.039001
5.901516 0.121190 18.024487
15.684920 12.990751 18.008428
15.171929 13.023579 18.047030
7.893124 2.785085 17.994542
16.237588 1.789454 17.970098
14.940394 10.637241 18.006620
5.693005 14.242413 18.010292
12.403130 2.216244 17.983388
5.227535 12.312798 17.991995
10.450828 14.253465 17.970827
8.856099 12.298797 18.013415
9.512145 8.230481 18.009758
19.085954 13.833464 17.986380
15.865957 0.206496 18.012572
12.360946 12.927337 17.996302
0.996362 10.386332 18.017255
2.537733 5.878699 17.974385
12.775840 12.894894 18.010937
18.363162 11.036969 18.010069
0.976502 11.927242 18.034030
19.809680 4.287404 17.987505
9.394670 8.659306 17.981716
7.633537 5.400925 17.971458
13.637138 9.813951 18.006932
19.773357 11.081276 17.973145
4.078958 9.666813 18.029266
19.252072 13.199266 17.997812
2.486721 1.897110 18.010115
16.184617 8.310488 17.988978
14.083628 8.023275 18.014126
9.716953 11.200109 18.019978
10.956628 7.245753 17.991863
19.533985 3.812193 18.019005
15.303709 3.778138 17.997539
19.776567 5.048696 17.991696
2.294142 6.224727 17.986266
7.960223 10.259703 17.999198
4.966053 6.283496 18.005413
6.510291 3.283001 17.995610
19.327203 2.032476 17.996265
11.089714 10.556081 17.973099
16.685693 1.658339 18.005891
0.206426 4.449705 17.981363
10.438004 3.172159 17.982513
19.118832 1.238122 17.977224
6.844843 13.269089 18.004783
9.893046 1.039752 17.992315
6.025007 3.583408 17.984838
14.207740 2.513459 17.990036
0.187128 12.808614 17.972074
11.404559 13.415998 17.976616
2.217484 8.325213 18.007691
9.062332 10.538142 17.995816
10.080428 12.660776 17.978028
8.170477 4.638805 18.005548
0.997284 7.778723 18.032423
11.165365 0.098105 18.033553
5.020101 3.769899 17.978930
8.805422 7.866774 17.945632
1.850273 5.042799 17.984761
3.284644 2.137465 17.994007
12.293781 1.411721 18.012571
19.876574 12.736396 18.009212
19.640545 11.305715 17.996175
2.285490 11.767389 18.001231
11.613269 10.255519 18.009433
18.101751 2.619485 18.013772
7.970902 11.050441 17.979437
16.104699 8.386781 18.003016
2.837777 0.305577 18.022958
19.747449 0.765360 17.979490
12.856985 3.293248 17.999330
12.329051 11.818670 17.976861
11.593626 8.987803 17.994092
18.048117 8.963670 18.035937
6.174143 14.770899 17.992715
4.271772 7.388948 17.998793
10.673308 6.896045 18.002999
19.689133 6.933075 17.987799
19.667714 4.663210 18.010794
1.808964 3.272681 18.007674
0.933667 1.054164 18.009074
16.147878 4.715168 17.998511
12.851598 1.769428 17.999641
12.501239 2.230275 17.995308
13.963728 8.724179 17.986257
0.644032 3.327533 18.021684
8.190691 2.523240 17.990114
9.590828 7.885382 17.982596
13.169462 0.145673 18.011109
11.615280 8.625752 18.039509
15.092882 5.770171 17.949312
10.861292 4.282135 17.997526
12.631438 0.943345 18.001227
0.085620 3.598941 17.989850
12.723212 11.373930 18.002688
10.194403 6.324289 17.978807
8.289520 9.623896 17.985852
13.935261 12.699135 17.984934
0.043367 12.651216 17.965922
15.389879 12.140363 17.975675
17.768301 2.088564 18.013318
2.267833 10.453514 17.983660
7.067744 2.755044 18.013891
17.402111 9.639296 18.044878
1.259691 6.505739 18.001448
4.537562 14.018467 18.023569
16.110493 5.701863 18.021035
7.157654 12.205113 18.001662
6.784059 3.360232 18.022362
7.978157 0.369235 18.024717
19.327799 11.372144 17.994584
1.148175 10.602432 18.018316
7.343941 2.900340 17.989217
7.222974 3.157383 17.973434
19.566502 13.440592 17.988003
5.759825 6.499173 18.032536
18.878363 8.545196 17.982005
8.058717 1.705937 18.007857
9.148389 1.588178 18.052072
13.568674 11.331110 18.006446
9.607960 4.670201 17.972360
4.313999 10.977940 18.033311
16.779383 1.526542 17.994799
5.639980 0.202653 17.988091
17.178781 6.241493 18.027691
19.366523 5.904409 18.001606
10.670285 14.451381 18.014606
3.518866 0.478249 17.991270
3.267335 9.247270 17.979586
17.021766 12.296072 18.011640
5.689203 5.217171 18.031738
9.871883 10.312200 17.992622
15.681644 11.839429 18.016732
1.106982 4.325072 18.015353
8.666352 12.022644 17.974096
13.409360 14.505567 18.002019
11.497610 4.721747 18.009681
8.122680 2.921129 18.019626
7.020828 13.747451 17.985683
1.582996 0.313225 17.969642
12.076751 2.016013 17.991500
1.160739 5.822324 17.975132
10.412049 10.234521 17.953456
2.672513 13.948171 18.009491
0.805910 8.018657 17.965739
9.731127 11.740620 17.989630
6.103936 4.074800 18.011477
9.782203 10.324811 17.977844
3.289800 3.845486 18.012146
19.328318 12.873577 17.984857
0.293505 5.390189 17.979326
2.723426 10.886832 18.017290
14.235216 5.819043 17.990172
18.618103 8.675981 18.007939
0.916611 9.450922 18.006527
0.455572 3.452612 18.011420
11.178729 4.464252 18.005299
8.803503 3.904879 17.982257
4.116627 6.572877 18.016347
2.685024 0.756403 18.018742
17.093700 14.874313 17.988939
2.498913 4.351450 18.018437
13.891586 6.532168 17.970819
16.517988 4.118014 17.971806
0.426739 5.843047 17.991844
14.892752 13.618723 18.015888
13.653647 10.418753 17.989242
10.878418 7.479958 17.989151
1.595395 10.248978 18.001090
18.165173 7.453005 18.042602
18.193323 3.048807 18.005023
6.871545 4.434781 18.036895
6.777462 7.307052 17.998608
10.945787 11.028700 18.027812
17.517705 0.771244 18.006462
18.628787 5.547582 17.950156
4.982954 1.983149 17.991574
11.091411 9.848827 17.995964
7.320100 3.281204 17.995388
4.337975 5.236348 18.038734
0.065310 6.160295 17.950526
5.887715 6.350290 18.000466
6.564911 8.261982 17.994834
13.081524 1.600207 17.992608
12.900334 12.118501 18.015929
19.548604 8.167871 17.991416
13.279851 8.019464 18.035491
3.105040 4.220895 17.989273
11.783201 0.064665 17.986203
3.306106 9.098230 18.006984
3.056194 7.145056 17.984777
18.551732 6.008226 17.979681
3.596931 8.145058 17.985435
9.560184 10.587899 17.988963
18.127781 8.192929 17.986271
12.102367 6.485030 18.006929
9.209333 14.858277 17.998121
6.718893 8.823648 18.018116
2.532466 4.089194 18.001906
17.174550 3.381548 17.989066
16.065306 7.119654 17.987937
18.374887 2.014174 18.000165
15.492805 0.430532 17.961889
9.793370 8.432428 18.000853
3.858191 6.134017 17.988717
17.624887 12.164340 17.998744
4.102140 0.053118 18.006609
9.386394 10.717553 18.016241
13.169046 10.687976 17.961957
16.961728 12.533793 18.043860
16.876507 12.199494 18.010619
7.283830 14.599804 18.030844
2.438663 1.890901 17.997991
9.792580 5.077602 18.008934
17.451033 14.362432 17.997640
5.782908 12.447445 18.023201
10.751348 12.170814 18.008012
3.158389 8.556048 18.030831
14.838715 14.245729 17.995130
12.140906 6.485708 17.979444
14.792304 5.184330 17.995955
5.807930 14.842525 18.003325
13.548500 5.156023 18.024830
3.459625 13.561316 18.018265
8.387858 5.781475 18.008227
16.849038 10.895980 18.007859
10.201487 7.267142 17.988462
17.998264 8.902928 18.028003
16.360001 13.541635 18.060239
10.552670 10.803878 17.974693
6.818165 11.981267 18.003642
14.943679 6.820823 17.976655
15.031214 1.512249 17.991207
10.415048 13.803430 17.982017
2.736463 14.636619 17.969387
6.384056 4.249962 17.982723
9.560150 13.107400 17.974134
18.890603 8.335316 17.981422
15.471026 5.392362 18.001110
15.519213 0.425363 18.032394
4.035002 12.021633 17.992928
3.097562 14.750517 17.983997
19.438168 3.146585 18.036363
5.747393 0.072567 17.994774
13.099259 4.927687 17.975730
15.028294 13.677309 18.012942
10.434573 13.006151 18.014593
1.457371 6.575082 18.004420
6.727506 12.247791 18.030385
18.621018 4.407109 18.022060
11.104781 8.657864 17.977831
19.008346 10.095435 17.990882
3.232048 1.705927 18.002976
1.340375 2.361827 18.006509
13.159082 1.247675 18.006338
5.556836 14.905400 17.971914
11.422226 5.840170 18.022846
7.298732 4.729411 17.957565
4.982855 5.211299 18.019990
1.759998 14.513505 17.992233
11.036414 0.380970 17.992172
1.079164 13.889505 18.008379
14.375517 8.658298 18.009367
5.256170 8.104939 18.027617
2.816406 5.227634 18.006416
16.576677 0.416729 17.987343
18.065099 12.709722 18.001880
2.532086 7.937817 17.995738
19.018984 0.100744 18.003220
9.414796 10.544687 18.003460
2.426775 6.337324 18.019389
7.353341 5.928196 17.986854
11.004792 0.898741 18.020306
5.251358 10.097832 18.002151
15.614010 9.707968 17.980424
2.363103 14.507666 17.996491
17.668819 1.613163 17.961935
8.370321 14.194059 17.998594
19.542592 7.196298 17.988865
8.981499 0.790652 17.998857
0.300512 11.358698 17.993934
7.808955 6.183762 17.995532
7.861939 1.333680 17.966978
7.165042 1.884609 18.043642
15.031021 14.435529 18.014402
11.685377 9.808043 18.013232
18.118662 14.291644 17.996745
12.523174 11.664758 17.999870
11.699417 9.379453 18.021348
5.453744 1.773022 17.987922
13.266185 6.741864 17.994214
13.994902 3.628221 17.988133
0.888908 2.395699 18.045864
1.072153 7.412425 17.985780
4.199465 4.697206 18.030681
11.729867 14.304723 18.014976
12.755200 0.445524 17.982993
7.120720 0.424788 17.984755
4.891112 9.331544 17.959729
3.293996 1.390361 18.035162
6.021201 8.316007 17.991235
9.032376 12.235202 18.004216
11.983310 1.877249 18.018730
17.409307 1.081139 18.004243
12.710719 14.304868 17.981929
10.946999 12.924166 18.021458
6.910512 3.643734 18.049011
8.588825 7.276203 17.976691
12.871108 2.318119 17.998674
12.784160 12.564117 18.018362
4.235612 2.864940 18.011232
16.196824 12.475066 17.995792
16.624726 3.725772 17.975976
19.596711 1.688984 17.999014
17.878979 3.204072 17.999355
2.032843 8.076227 18.018855
8.702925 13.290262 17.989071
1.149219 0.550565 18.022409
15.373868 2.099205 17.992955
17.458542 8.326215 17.970889
9.815383 1.376073 17.991115
3.737105 5.220038 17.989002
9.209976 5.634524 17.971940
2.628842 7.314974 18.009483
1.801137 10.805826 17.962486
2.451149 3.682188 17.995322
1.992516 4.940682 17.971951
17.865067 6.480959 17.994445
0.625862 5.909305 17.973443
5.641770 10.751419 17.999107
4.132133 0.717305 17.986644
8.886130 2.230905 17.976217
5.110013 2.071037 17.996698
5.015525 8.023668 18.065684
17.845151 1.259975 18.045433
13.223049 1.100660 17.996699
5.960115 11.723971 17.981605
6.446870 14.717915 18.012095
7.352640 0.523847 17.969047
7.912506 2.607132 17.962748
3.732981 7.601169 18.015633
7.036708 13.505834 18.009443
17.481302 7.558731 18.013907
14.371579 5.705690 17.993645
0.767715 12.577830 17.957645
16.209248 11.556150 17.998554
8.165416 12.005006 17.984923
14.458963 3.505208 18.008044
7.833126 9.775575 17.991765
15.508378 2.746528 17.971156
13.265862 6.852120 17.997977
13.435759 12.577876 18.010642
17.661242 11.925505 17.981887
16.559706 8.347568 17.997240
9.835037 11.583977 17.982672
13.232948 1.025059 18.003731
7.557350 12.440655 17.999552
13.175415 11.910055 18.029161
5.367725 11.119972 17.998541
11.443734 2.119789 18.008823
16.291665 3.222254 18.020891
10.111767 3.301829 17.978946
13.651267 10.233801 17.992014
5.784665 4.216040 18.005505
16.389647 1.977599 18.002962
9.451397 8.454773 18.040372
7.964895 5.343138 17.987490
0.594316 7.196497 17.965031
1.991751 10.950424 17.999379
2.477052 3.478294 17.986734
9.700600 13.636021 17.975430
1.607407 10.751249 17.983330
12.382777 12.265295 17.932181
3.148658 6.178626 18.006295
12.486074 8.785623 18.007756
10.236704 11.786865 18.006900
5.662031 0.733904 17.997803
9.281361 5.509999 18.020564
9.194137 1.741811 18.000773
2.637473 12.001677 18.004474
9.238434 14.558781 17.966345
12.840765 13.553078 18.004713
13.869325 13.779059 17.996158
17.859767 5.594521 18.001883
14.464243 7.818482 18.040068
10.683388 5.858801 18.019046
5.967870 5.500944 17.961599
9.316045 0.234068 17.977603
19.530018 8.881822 18.008786
18.902581 12.192171 18.003892
14.770403 5.982206 18.002242
0.637071 12.754970 18.005375
1.307556 6.706295 18.026049
19.487121 9.578479 18.020138
16.189167 0.157111 18.001342
9.778458 9.315071 17.947699
8.004197 4.397162 18.023976
3.629164 12.035815 18.000378
10.384353 0.036995 17.995929
13.016322 1.676501 18.020081
2.589518 12.284214 18.038051
9.479599 6.694212 18.012753
7.108306 4.039561 18.020595
17.755333 0.282778 18.007090
14.215214 5.365232 17.995271
18.062312 11.927422 18.011188
7.142839 7.959586 17.989593
3.219290 1.760668 18.005024
16.598686 5.557353 17.982738
8.449435 5.149081 18.001192
11.485150 1.586414 18.023599
14.379796 5.534971 18.011324
12.423183 2.060051 17.992966
16.070501 10.655575 17.983628
3.498523 3.410428 17.986003
1.744263 4.335230 17.990079
6.715461 2.282936 18.011597
10.569021 11.927935 18.001490
15.113477 13.939969 17.999361
15.801527 2.901042 18.005695
11.357321 7.891642 17.970341
15.449783 13.638480 17.992093
11.444953 14.183021 17.992203
4.849141 2.078187 17.992376
14.996710 8.994401 18.017934
11.933678 7.578158 17.989325
11.347227 6.118285 17.991225
16.189305 12.229266 18.004375
0.752929 0.431998 17.998138
4.642893 12.652764 17.981375
13.714197 3.559554 18.009149
4.393800 2.152177 17.991800
3.829269 9.497006 17.991022
18.993626 14.145565 17.986679
18.651603 7.791637 18.020741
9.354955 14.465138 17.978279
2.061417 9.227435 17.965736
15.695713 8.922439 18.003229
15.652651 2.802951 17.995039
7.177251 2.229242 17.944144
15.115816 9.481381 17.975381
1.759561 0.928023 18.015614
9.075203 14.595927 18.024422
0.981988 4.153352 18.020694
17.628547 6.959676 17.984361
7.004369 2.727194 18.004471
3.350658 6.783672 18.026142
2.883901 3.497362 17.973205
2.123505 12.571382 18.003706
2.191228 0.948296 17.978777
9.498293 6.238903 18.012838
3.465210 11.501679 17.995037
15.267197 13.284778 17.987862
10.187832 14.483778 17.991964
17.468638 0.823916 18.036383
16.522565 1.947250 17.979045
14.755408 3.709310 18.021250
3.439036 14.326077 17.973748
9.224858 14.581110 18.004791
18.371799 8.638779 18.035083
15.282095 11.029781 18.019841
10.889993 7.038233 17.971024
10.954456 13.613937 18.036379
6.903493 1.620879 18.025254
16.940324 12.046725 17.994523
18.037331 7.171034 18.013092
13.652542 6.808324 17.977564
19.996910 8.529921 17.973702
15.661192 7.124737 17.962864
16.443423 12.810639 17.979457
10.064231 3.590532 17.968410
9.358697 1.875916 18.039726
7.302582 9.597206 17.998628
9.819825 11.226848 17.985529
11.969661 7.426775 17.991252
10.835059 9.724922 17.993701
4.057481 7.235300 17.957025
8.787906 12.485100 17.990593
9.931446 10.662180 18.020931
10.827672 14.386578 17.984394
1.087599 9.102690 17.986770
14.562990 10.122526 18.004030
19.358247 7.976166 17.994892
3.776465 8.164750 17.985439
17.354918 1.153951 17.976762
4.094337 6.695995 18.015409
1.093777 3.514108 17.986552
14.894218 14.549865 17.990375
17.183512 13.435565 17.994253
16.889452 6.185956 17.985167
1.770559 1.644595 17.986736
0.164939 5.757985 17.977384
17.770765 14.904491 17.975628
5.145911 1.006325 17.986894
4.318276 13.508829 18.039183
16.902759 1.588522 18.027568
5.879052 8.370310 17.989959
9.881207 13.013235 17.976678
18.491828 9.287888 17.992705
13.874315 2.590563 18.014428
8.693852 14.914574 17.993726
10.021264 12.895378 17.980554
6.579829 2.250916 18.003963
17.135268 7.750196 18.022672
11.033890 9.747914 17.975272
16.366291 8.840821 17.993376
19.953955 5.310173 17.987692
9.375864 12.248304 18.014441
0.441061 4.193993 17.992744
17.804533 4.540923 17.990219
4.805359 8.221982 17.945902
5.131710 0.949621 18.001542
6.750592 1.192919 17.998253
19.357502 14.508640 17.965641
12.883963 6.525834 18.003005
14.751143 8.509272 17.994185
2.715926 14.825823 18.024571
7.505202 14.620961 18.004094
4.793257 11.580359 17.979563
0.381935 8.790643 18.020411
13.118146 3.748239 18.006715
0.209265 2.732738 17.938224
17.375831 1.810952 17.972073
13.138887 5.577791 17.962194
10.636508 3.968187 17.991841
8.892539 12.638820 17.977896
8.721355 13.773919 18.019095
6.252480 9.061620 18.007700
13.366482 9.815754 18.013684
12.164540 8.008562 17.979854
6.271156 1.650485 18.022479
18.978924 12.881991 17.992908
7.645170 0.587749 18.010009
14.505618 10.119245 17.978240
8.912176 2.515699 18.028103
2.219032 11.720975 18.016630
18.142540 9.781877 17.985411
15.957747 3.697769 18.047638
3.539835 11.646827 18.008697
8.688432 11.771749 17.990683
17.064325 7.466527 17.952909
14.710626 8.282603 18.010703
13.097317 1.585252 17.998459
16.304520 6.382056 18.005951
6.357860 9.880545 17.970888
16.932899 1.022808 18.010823
18.123963 5.392083 18.006089
1.176903 6.755468 17.984112
18.271746 10.659354 18.037536
19.283421 5.576963 17.998739
7.718496 13.874204 17.976150
17.790874 12.045320 17.997901
1.128946 7.550109 17.999415
13.966997 10.648254 18.002851
9.380072 4.695872 17.986405
9.710221 7.389993 18.007197
18.269173 8.581283 17.995282
12.473916 4.250986 17.996121
17.870908 12.704838 17.985705
3.568424 8.282039 18.004615
14.339062 6.926643 17.998629
4.689715 4.713586 17.990206
3.240402 13.309767 17.999928
17.363175 4.613905 17.993446
11.819755 1.852791 18.002729
2.814626 1.286686 18.008266
10.857753 12.886055 17.975251
12.954746 4.807151 17.981885
17.907689 9.711080 17.979891
3.839574 14.900838 17.973656
3.726650 3.945574 17.990263
14.401834 9.543994 17.975994
8.047049 8.216623 18.020787
14.253761 1.008767 17.968110
3.999684 5.172393 18.003533
12.777881 1.913523 18.001387
4.048831 3.650815 17.986010
8.379543 12.894782 18.012317
18.133538 4.940320 17.997328
4.422300 0.406430 18.010353
4.394907 13.285895 18.038574
13.998067 13.847085 18.008926
4.811476 8.151921 17.999473
11.177085 5.275563 17.991391
11.567444 12.192079 17.979332
17.290669 1.487006 18.031661
1.075827 9.216006 18.019026
18.590848 2.204546 17.992178
13.515192 12.900208 17.999343
17.162826 11.530015 17.979492
8.958337 13.526064 18.009699
2.832582 14.509485 17.970516
17.242255 11.948084 17.977532
8.261927 3.986136 18.023293
10.941944 9.261086 17.989338
7.918478 14.067130 17.998199
1.543210 2.856117 18.012396
4.433772 2.873916 17.978518
19.076969 11.248543 17.989391
11.882374 9.406911 17.994820
10.206208 6.798296 17.983299
0.803933 1.372200 18.020713
17.551795 11.417241 18.035540
19.705395 5.078015 18.027763
1.327932 13.665330 17.961447
14.692966 8.937217 17.981969
19.174022 11.322668 17.992685
18.618828 2.736480 17.979609
13.085827 10.130295 18.014646
10.850490 14.541115 17.998650
1.415489 3.362667 17.969470
10.876048 11.107454 17.959540
17.406456 6.120875 18.015537
3.054097 1.505917 17.992602
3.045535 13.438441 18.014051
16.229092 6.550346 18.018163
19.400251 5.200069 18.040213
1.651273 11.834561 18.018226
3.065796 0.210355 18.024923
8.015933 8.872019 18.008006
18.753628 0.795851 18.021797
1.768621 14.125632 17.979124
0.769494 13.524458 17.983910
18.452786 9.718578 18.006367
8.590828 7.883380 18.022128
11.515125 11.727572 18.019531
7.031135 10.584970 18.011951
12.690454 6.410688 17.975084
10.632189 2.418317 17.995579
0.363204 12.578306 17.977417
3.559168 10.362375 18.040076
1.082632 4.682916 17.986123
2.131028 6.501254 17.959334
3.236728 10.962610 17.997864
18.156414 9.536988 17.960146
4.191908 13.786145 18.017681
19.788563 0.441511 18.019468
18.069543 9.373974 18.017074
8.533513 5.775626 18.001425
1.514185 4.337616 17.964451
19.268841 13.528834 17.995287
14.967149 6.404485 18.010834
6.457333 6.399917 18.016137
5.441067 4.131219 17.988840
17.758851 11.185753 18.009676
15.677579 6.604300 18.007743
4.189232 5.903959 17.971659
4.232654 10.384160 18.008985
15.985070 9.266539 17.993400
17.337596 14.930974 18.007739
10.499300 4.629284 18.018792
3.090033 14.001802 17.987448
4.905518 7.559317 18.005623
13.067500 0.434968 18.017363
3.432844 10.769735 18.006723
0.629103 5.773069 18.009942
5.969534 13.165846 18.001877
12.855439 6.193394 18.014790
9.779858 1.761011 18.022836
19.146722 10.077863 18.028516
2.688715 5.143255 17.982299
18.583077 9.309276 17.997293
9.402515 4.363779 17.978222
18.857311 5.035481 18.016001
3.628864 7.840152 17.976853
5.202518 7.695368 18.031497
7.230292 14.950121 17.971677
2.491413 8.070887 17.997486
3.842411 9.031010 17.989074
8.198806 12.842592 17.968990
11.180662 0.128381 18.019890
11.441660 14.118486 17.999617
0.140484 5.032327 17.988835
16.003802 12.442520 18.011339
6.024060 8.923098 18.033123
14.750284 12.825770 18.046737
5.430529 5.771126 18.030441
5.669632 12.834661 18.004021
11.935661 13.992887 17.986529
0.365791 4.466292 18.005555
2.392508 9.322472 17.988670
19.341250 3.113806 18.014464
9.194274 9.894846 17.995381
16.516239 13.914250 18.018323
16.374627 9.719916 18.025459
0.119324 11.054847 17.978639
9.213712 13.113678 18.015107
12.408173 10.217414 18.034673
15.885149 3.763156 17.962870
19.328548 9.929778 18.004663
2.860240 13.890746 17.995640
14.076021 10.892701 18.015689
8.806162 4.000428 18.025586
7.916018 13.464964 17.963061
0.022377 13.870710 18.028369
19.780839 3.533235 17.969434
12.341254 5.507279 17.969560
12.653846 1.632228 17.989073
18.726565 13.930589 17.979658
4.648317 8.648450 18.036664
14.041329 4.895082 18.005702
9.208127 4.110866 17.985069
9.777484 8.491121 17.973696
15.688136 14.534780 17.950979
5.358759 6.978722 18.002922
18.750612 14.736244 17.982142
9.747165 11.093045 18.010197
10.317308 10.591127 18.020742
7.842359 2.293326 18.021850
1.523516 2.931542 17.961300
11.086004 11.083390 17.997689
13.119615 2.449448 17.998797
0.971457 8.250504 17.988639
5.958563 7.728469 17.969512
16.609633 10.848193 17.990423
9.895836 8.285409 17.997621
12.060692 3.239179 17.977009
7.327234 11.713842 18.013367
1.131714 11.794627 17.994440
11.193924 0.610215 18.014099
5.061420 8.161832 17.989026
14.193869 1.209630 17.991270
7.881921 1.747491 17.987116
10.168304 0.869625 18.008815
11.229179 11.432965 17.976259
14.447961 8.532098 18.030158
16.210039 7.579386 18.022430
2.008046 3.194782 17.989985
1.866171 0.272613 17.992063
3.212789 3.335036 18.002149
13.133251 4.802946 18.032971
5.047695 12.978598 18.005235
15.457730 2.194730 18.017279
7.676938 3.190601 17.965050
8.388359 2.058027 18.015505
11.192996 11.712440 17.973165
12.311574 2.172488 18.008734
0.332397 1.519885 18.003167
8.282031 7.662930 18.004545
16.333674 7.618596 18.030570
12.197197 6.653657 18.013440
5.494575 12.840616 18.002587
18.607750 8.365139 17.998320
19.388081 0.369802 18.046374
9.265064 4.756190 18.020860
6.988525 11.618898 18.002222
17.448230 2.155958 17.984607
5.630983 12.660751 17.944100
14.556009 7.714105 17.995384
13.737015 4.959376 17.986265
12.681587 3.297840 18.000068
3.249348 4.840989 18.020723
3.515255 0.787368 18.021438
7.764620 8.370677 17.996368
10.856076 3.849209 17.997474
7.268833 13.160867 17.999841
14.663354 2.090679 17.975303
5.572202 6.956831 18.021080
12.111461 10.860478 17.984795
4.926455 11.281310 18.016623
8.852614 3.309132 17.998142
8.490996 14.319134 17.997848
10.189500 14.209611 17.988894
15.049114 6.255300 17.994021
6.813961 6.899563 18.000573
12.873368 5.044481 17.988965
17.946901 5.950381 17.955940
6.249150 11.851252 17.976249
10.280386 7.651577 18.010774
6.044720 13.415822 18.032012
16.595915 6.128380 17.983722
5.827106 10.398559 17.982449
19.717155 11.046634 17.996289
1.342356 5.046421 18.041709
17.900579 13.672406 17.998843
15.997346 7.611034 18.010161
3.139080 7.595317 17.995687
13.346876 0.777535 17.983549
0.733237 12.745381 18.003272
1.099810 9.162536 18.012256
11.357384 3.439274 17.973240
11.710503 4.706863 18.023531
6.231328 5.478193 18.019865
17.396995 12.529352 17.992131
12.061359 12.069959 17.989256
12.877798 8.109258 17.998672
12.142408 11.788679 17.981008
8.095365 8.561279 18.011815
1.389682 2.212020 18.041736
11.269317 3.323783 17.957211
16.484658 4.877939 17.998048
18.144254 3.418347 18.010520
2.742749 13.464834 18.017474
14.660880 2.920059 17.979012
4.209862 1.450572 18.017401
4.116518 12.549223 18.010664
1.280949 2.134946 18.008202
19.424949 0.072005 17.949719
14.975293 10.170553 17.966874
6.727237 2.261635 17.997389
17.099277 5.963229 18.000232
2.916535 4.872064 17.990516
6.806588 14.436926 18.009239
0.976324 1.468973 18.005304
8.739594 0.839459 17.974530
5.084998 11.675020 18.005468
19.765465 5.005216 18.017262
3.783603 8.430140 18.023543
3.444917 0.130051 18.003965
0.929243 14.847562 17.990348
10.067489 9.748149 18.024904
1.574739 9.898877 18.028458
15.287348 11.204826 17.997497
8.318222 5.458599 17.998893
19.903879 6.004158 18.009396
1.404023 6.564188 18.015748
8.876108 11.923317 18.010853
19.420774 1.243508 17.993822
8.585289 4.325754 18.008923
6.915633 11.730913 17.994747
2.722857 1.031586 18.003518
12.060752 14.219900 17.986036
6.260373 8.306142 17.990057
11.421818 1.835225 17.976398
18.448485 2.992253 17.972354
11.515452 3.116036 17.990553
1.240978 2.781465 18.024722
9.900852 7.779903 18.030395
14.115760 12.144390 17.982688
11.975202 2.434280 17.979045
2.718941 0.731719 18.014391
8.539226 0.514486 17.993930
10.636779 1.894478 17.990276
7.720482 3.015457 18.009199
18.459889 6.150450 17.997912
19.717554 11.124595 18.005420
15.209190 0.334457 17.994906
18.441751 4.255413 17.987603
18.773262 0.409810 17.981475
6.975559 14.895114 18.026051
6.827654 10.426003 18.026087
0.836178 2.979136 18.007439
4.309417 1.517266 17.969235
3.105199 4.266454 17.962252
3.345380 11.033640 18.010277
3.167053 14.974080 18.000514
6.744313 3.989938 18.023420
12.970935 12.163090 17.982593
17.282422 12.431286 17.961324
3.655626 10.121537 17.982025
12.962786 7.691363 18.058560
10.301997 13.925582 17.979656
12.940181 9.871688 18.002048
0.175547 7.793394 17.957042
16.853784 9.167223 18.001343
7.791958 11.578924 18.003967
15.684574 1.984710 17.980172
6.794883 12.490902 18.012466
19.216425 12.760063 17.993142
13.483791 5.318325 17.967348
18.575516 1.005179 17.990966
8.322919 11.705862 17.993400
5.936307 13.096732 17.986377
9.085444 8.672972 18.006925
2.898245 11.242957 18.007870
4.416324 11.463106 18.004739
7.543917 4.357881 17.983840
6.780330 1.686106 17.990574
0.863064 13.196007 17.996619
4.315118 3.772246 18.011906
12.341619 6.520414 17.991413
17.946374 13.152679 18.018505
3.973428 4.830347 17.975776
4.236793 6.269650 17.984107
14.911940 0.441429 18.025884
12.750361 1.163831 17.986136
17.715796 9.898778 17.997660
2.931635 14.225667 18.000135
18.045571 1.859708 18.048342
5.563271 13.652252 17.973388
5.500127 1.670178 17.994028
8.448376 13.220035 17.987440
19.256404 13.297421 18.006707
2.008991 0.454627 17.968846
12.406348 5.193649 17.997860
16.996134 3.271094 18.014631
18.877152 14.724329 18.026958
15.397961 4.456049 18.020842
1.269663 8.231071 17.988434
16.451637 6.359531 18.024674
15.533242 7.880022 17.989238
18.954326 10.123069 17.997939
3.600396 5.413860 18.059676
10.098181 13.456395 17.980992
7.901431 3.472203 17.953555
13.852363 12.973983 17.967954
3.227082 8.449330 17.987181
0.861915 13.916903 17.998580
6.348180 12.583344 17.977333
14.464311 11.357700 18.007924
12.749413 5.027875 18.009439
5.969725 3.298571 17.956295
11.868015 13.559237 18.021476
10.622773 2.250615 17.980281
6.210680 0.447299 17.995610
0.398431 12.544582 18.002791
10.095867 12.281709 18.013405
0.204530 13.786456 18.001476
14.188587 11.134315 18.018785
4.282672 12.571614 17.991174
6.343844 1.975924 18.026485
2.270160 9.121987 18.032863
11.185434 13.708464 17.983822
2.333704 13.589283 18.025402
8.784436 13.462261 17.964731
13.299932 10.648565 18.046594
19.382913 5.457127 17.988760
10.214649 2.867223 18.032380
4.589344 1.211946 18.010366
13.688391 1.476959 18.000266
6.143435 2.371810 18.015700
5.582391 8.439433 18.021034
12.683533 0.463708 18.020931
1.134609 2.640719 17.957026
7.746813 5.364775 17.997392
7.346045 9.664306 17.992615
3.034897 12.763656 17.966922
12.105378 6.105647 18.028486
15.453605 5.248745 18.016942
6.160198 7.772492 18.025760
7.491507 8.938066 17.999252
7.582547 5.386411 17.954231
11.674303 9.659696 17.987243
15.381122 5.991363 18.007602
2.904197 2.940568 17.992248
0.316654 12.705347 17.965972
14.826955 3.103045 18.011219
6.875489 11.861912 18.000785
10.470865 8.803769 17.981273
13.267820 11.351119 18.002681
19.837318 0.104343 18.026148
15.294494 3.219591 17.980074
6.491081 6.591288 18.005931
3.674895 12.984043 18.024764
10.761350 1.527542 18.014783
9.971039 8.469143 18.000429
2.405984 12.650402 18.007593
9.155875 0.247822 18.013056
19.285548 0.572807 18.023275
10.838005 5.931951 17.974978
19.790482 1.379940 17.963235
3.913768 1.294200 17.990211
11.473817 3.231852 18.020111
1.985516 7.141690 17.995955
14.855245 4.992688 17.981088
5.848310 14.579228 17.980857
19.143198 6.743798 17.984964
0.524394 8.633091 18.001055
11.290354 5.630390 17.998920
14.086053 1.532752 17.995301
8.616363 6.304631 17.990749
19.300406 6.776855 17.966654
6.014771 14.256702 18.020157
0.495039 13.395097 18.019074
13.679489 0.053470 18.006874
10.307685 4.129980 17.964374
12.170568 8.678510 17.998810
11.078021 10.620033 18.017208
14.396076 6.693328 18.002251
9.445671 10.697088 17.991570
1.361794 10.778047 17.983979
1.143816 10.669565 17.976764
0.581265 3.763670 18.000817
19.253725 0.120878 17.953056
19.097003 2.898633 18.005766
7.770062 5.272876 17.988213
13.454514 6.709908 17.970398
1.086340 1.324002 17.993926
14.158915 10.407244 18.021970
9.126335 2.163401 18.004466
9.967295 4.340493 18.014971
1.994349 4.832057 18.015454
7.768087 8.798911 18.021192
3.658831 10.998229 18.014126
0.173084 4.618609 17.975361
8.293161 12.589263 17.994215
2.085321 5.346249 18.016941
3.725567 12.082340 17.994689
6.192803 2.404786 18.033411
9.070449 5.371497 17.981024
4.807794 8.770332 18.002144
19.024052 7.540926 18.046787
18.369102 5.427057 18.017865
4.961390 3.132267 17.975411
8.955638 7.534617 18.028531
12.164078 1.412274 17.982063
3.722924 5.955789 17.964642
12.603240 1.083146 18.008347
8.398253 6.466199 18.013432
0.651734 14.449361 18.012854
5.151800 7.285676 18.010061
3.696698 8.820345 18.002792
16.440075 7.546989 18.001746
9.952515 3.278339 18.000556
3.608998 1.625884 17.993013
11.396626 4.953549 18.011780
8.704099 7.738759 17.963353
8.539861 10.462549 17.997238
4.014239 9.733927 17.973660
12.784865 7.903532 18.015326
16.394378 5.330628 17.993928
9.699803 3.898108 18.000825
2.974355 11.134335 18.004683
5.208919 13.367430 17.999690
6.233867 9.481673 18.033965
17.660940 1.508256 17.985708
12.524259 11.970485 18.034686
18.574150 8.836525 17.974614
6.495647 9.804406 17.983432
17.467644 10.353802 18.005288
15.816851 6.951491 17.982537
18.954271 7.634869 18.006724
4.823208 4.698941 17.999358
18.955752 9.370194 17.996719
13.188304 7.400025 17.990047
14.698405 5.104989 17.991034
3.715193 3.430019 17.958646
4.319470 9.398370 17.965688
19.869667 6.734814 18.007838
15.674842 3.076773 18.013370
17.756503 11.676457 17.957329
5.270858 8.092540 18.043478
9.892080 9.477210 18.011330
10.626924 8.478712 17.999977
5.326049 9.372413 18.037187
2.903770 1.322094 18.018767
3.732158 4.273320 17.989445
6.352534 11.624272 17.989037
8.415572 12.003584 18.006294
0.331203 0.776436 17.960871
9.525086 11.005147 18.008135
10.560380 3.379983 18.035719
9.533645 12.511227 17.998590
11.834606 5.801034 17.999582
1.807105 4.450249 18.007572
17.659429 4.360800 17.979358
4.695919 10.239559 17.972847
8.714683 10.220324 17.973790
17.093321 9.013991 17.977501
14.324461 14.276745 18.000629
14.424980 4.636203 17.970504
16.032683 9.199216 17.997116
19.346455 6.638160 18.005196
0.812472 8.518560 18.021864
19.967543 2.202571 18.004036
18.705452 13.742375 17.996769
2.838702 13.089435 17.971451
5.883183 14.362470 18.039056
13.181166 11.060826 17.988800
17.560996 10.574815 17.984118
10.810604 0.801023 17.999839
10.302421 6.634775 18.031713
2.407685 0.527182 18.050319
14.510140 13.931047 18.022394
9.993721 8.857169 18.009936
2.128652 0.941005 18.000023
18.251029 8.946489 18.002956
4.760495 9.695389 18.004225
10.641121 14.729475 18.020543
16.682643 9.853817 17.999597
13.503703 12.129995 17.966950
4.682795 11.608840 17.989110
20.016869 10.805649 17.968070
1.830889 1.627517 18.014294
16.109132 4.973593 17.985763
9.315902 11.303040 17.958260
1.426817 13.358982 17.990246
4.854994 2.447413 17.992123
1.708120 0.006454 17.992919
4.154709 12.775450 18.008235
17.749184 3.526638 18.025303
5.872785 7.866027 18.010963
12.196962 14.872824 18.024864
3.994000 11.151979 18.015853
4.867484 2.427101 18.024712
7.031507 13.912194 17.985479
18.911603 3.220716 17.986644
4.202734 12.389391 18.001498
13.132947 0.157288 18.013560
7.418652 3.552816 17.987262
2.845086 1.641687 17.976211
11.110976 8.344384 18.010417
7.465708 9.042632 18.022545
17.457215 10.557557 17.987066
18.570541 4.398611 17.998353
11.423918 14.263431 17.981008
5.870222 0.204100 17.970691
10.633470 4.794800 17.995963
17.741159 0.896222 18.006929
13.496286 5.522446 17.995289
1.702870 14.166533 18.005108
1.314060 4.514800 18.018438
3.101693 4.603060 17.977328
11.300517 4.430910 17.964835
3.365088 12.423077 18.008588
5.111091 8.867670 18.016811
10.570129 6.230608 17.970848
11.318650 5.470636 18.012119
16.543559 10.247788 18.007507
8.711964 14.732119 18.001343
15.551142 6.759363 17.986542
1.593021 3.380667 18.028140
10.845322 5.945111 17.997009
8.600162 2.675689 17.985273
18.495649 9.880043 17.997213
14.396565 0.340500 17.982108
13.821566 6.608269 17.985557
18.076216 0.423093 17.957070
4.934550 0.530491 17.968745
15.134461 5.680222 18.013610
17.297810 11.312913 18.026637
19.857743 10.028845 17.978166
8.568566 13.510531 18.006550
13.329359 6.439617 18.016632
3.760767 2.412037 17.985630
11.170544 1.091946 18.009166
8.928064 3.688577 17.986261
2.759183 7.504256 17.963701
18.387932 4.133063 18.015955
18.065222 11.382553 17.997952
19.174065 9.850212 17.986695
3.630230 6.424881 17.996159
0.378687 10.689290 17.974607
14.873656 6.894186 18.043876
5.408006 0.661900 18.032758
12.583005 11.032279 17.987487
10.640343 9.911512 17.978491
11.561087 7.846375 18.033233
9.885053 2.157445 18.000584
0.200688 7.692203 17.994254
5.343302 3.893560 18.023513
18.462185 14.572302 18.023885
8.471798 6.978427 17.946793
6.306527 11.764643 18.008099
0.448610 8.594949 18.027810
7.431765 12.318169 18.013353
4.451223 6.961061 17.995802
10.433608 8.675509 17.970691
13.847558 7.247663 17.968862
1.237998 14.144339 18.038093
14.251766 1.932357 18.007937
0.453256 5.206547 17.997778
13.639780 8.258112 18.001884
3.066593 1.340975 18.028699
6.951415 12.588520 18.021062
2.461326 13.071413 18.009760
11.090040 3.099623 17.976061
15.869176 14.114156 18.030411
11.201528 9.236064 17.983397
18.031714 8.903937 18.017879
0.660455 5.236519 17.985545
7.151983 8.550897 17.997705
7.584715 3.846774 18.003249
6.387005 0.491238 18.038065
8.389971 11.018542 18.004122
11.438299 14.349517 17.980257
3.875929 1.339572 18.027675
3.988405 8.939562 17.995882
2.841621 3.829065 18.020194
5.960651 5.648050 18.001547
12.900378 4.221885 17.969310
10.299226 1.025646 18.010200
5.735300 14.775229 17.982788
19.200746 8.629078 17.967440
12.703297 8.394577 18.035824
5.370107 8.694057 17.990159
0.947257 1.199856 18.010850
4.725726 5.940029 18.011050
9.780611 13.871058 17.990326
4.096407 8.279946 18.021445
6.482961 5.987766 18.004714
19.756796 3.214831 17.990038
18.715436 3.723607 18.027504
10.135369 12.087517 17.990884
16.767712 9.565225 17.984872
5.629498 4.950101 17.996005
14.950524 13.466619 18.006400
17.894139 0.290227 18.008118
16.615820 11.437937 18.008663
12.657196 7.980417 17.990234
16.553632 13.411294 17.993827
0.137282 13.124302 18.022336
7.737855 4.809732 18.014118
15.354882 0.518909 18.041563
8.130288 13.086174 17.969922
3.748168 12.385932 17.994558
15.427775 2.399143 18.017821
12.227614 7.990066 18.015272
10.501239 5.615951 18.019259
6.770293 10.880004 17.985946
1.953158 13.021981 17.958708
17.280852 9.375760 17.994415
4.013851 14.257248 17.965613
12.634142 0.790280 18.007244
5.884830 5.942378 18.003541
4.619627 5.240147 17.989304
8.940866 3.842414 18.002877
14.623084 5.460345 17.993574
4.597426 1.894861 18.009641
1.841866 7.495071 18.008621
9.704971 4.816210 17.979061
10.953017 8.851413 18.001687
13.138928 6.425635 18.004895
9.027955 0.049792 17.976911
7.759025 7.918315 17.964661
3.062548 8.291216 17.978570
5.969820 12.697025 18.025858
4.988764 4.316908 17.994021
2.657440 11.146391 17.997318
19.149330 13.151918 18.002577
3.665350 10.370546 18.007743
11.419350 1.645765 17.985163
8.051652 6.305968 17.991097
10.959038 5.974668 18.024200
11.670089 3.752207 17.979581
10.411559 5.120860 18.016349
6.578681 10.518042 17.992778
6.787264 5.685910 18.046615
3.435322 2.986164 18.041520
8.251742 11.959932 17.985116
7.243954 5.773882 17.980521
19.872349 6.440006 17.955688
1.888456 1.234361 17.990776
11.529172 11.833092 18.011466
19.793295 1.283719 18.012521
18.533035 8.583245 17.987330
13.857043 11.405623 18.026646
7.937210 1.907214 17.993487
14.508387 4.513541 17.968471
18.736596 14.873134 18.023437
10.863050 6.724410 18.013723
6.885309 8.683773 17.982424
0.239502 12.951473 17.965278
10.116967 13.492750 18.017724
1.858177 5.139896 17.990932
6.351786 12.671845 18.023389
12.455122 4.859214 18.045853
5.556163 12.135012 18.030332
4.486492 11.907331 17.996593
11.765526 8.704816 18.006774
1.456437 9.737162 18.003251
18.538774 8.536989 18.005738
19.669775 1.631924 17.989978
19.753272 6.565634 17.962602
0.129077 1.811511 17.985351
0.001359 0.824172 18.004191
2.046028 7.373369 18.017923
18.353339 3.983462 17.969699
17.398821 5.231051 17.971649
0.354441 9.414754 18.000671
1.433756 6.963998 17.960517
6.078374 8.506390 17.990133
5.577025 10.098440 17.991579
0.044296 10.054702 17.998203
1.623753 10.351768 17.942345
13.561848 6.795952 18.008414
11.840453 10.566868 18.013484
7.074530 4.023334 18.019902
4.903266 11.455765 17.976770
9.472615 11.955630 18.019902
12.779850 13.428396 18.007112
6.084920 14.197472 18.027698
2.642732 7.794547 17.995487
18.371553 8.013146 17.956410
2.323936 5.707989 17.995741
16.782458 11.698744 18.027900
11.264066 4.046805 17.999287
9.401074 9.588241 18.021085
5.092823 8.409538 17.991991
14.023970 4.216000 18.006123
9.824260 3.842092 18.013070
2.036173 2.398637 18.062095
16.433262 11.004234 17.995081
13.725376 12.316857 17.988251
15.420696 2.725903 18.007326
4.548598 13.630532 17.988801
6.397646 3.111333 17.981409
6.543397 1.582907 18.000537
3.201374 13.207647 18.021644
17.644918 13.826767 18.018712
7.324518 2.448314 18.004388
6.155015 2.656681 17.971717
9.527503 4.407659 17.996967
19.134403 0.923517 17.991497
7.305494 6.325613 17.986726
18.637066 10.845427 18.005259
18.616954 1.260114 18.001511
6.409645 4.540797 17.990310
11.882927 5.367156 18.008632
12.828622 14.144036 17.979844
5.724955 11.184912 17.980020
19.829434 5.525411 18.022304
11.943806 3.115938 18.022479
14.309890 13.036519 17.935001
13.828490 4.320730 17.985170
4.468931 9.407339 18.010615
11.883034 10.362389 18.005671
17.284630 11.847044 17.977047
15.294635 9.264244 17.979944
9.141448 6.005106 17.994919
10.852932 2.250264 17.974462
12.799430 2.956365 18.007250
7.442891 8.734929 18.008356
6.644104 7.304311 18.038430
8.960831 5.722353 18.020605
19.993304 7.982267 18.018510
14.006041 12.902242 18.021034
2.664036 0.653327 17.997765
2.511050 2.044769 18.008927
2.738609 0.038465 17.997761
17.612076 4.794842 17.971024
2.894818 2.467586 18.001551
9.042328 4.200698 17.966084
12.873476 1.180909 17.988833
16.225244 5.192962 17.970124
6.462299 6.017774 17.993409
4.596905 13.916262 17.964553
2.022059 8.537626 17.991646
1.570825 12.654636 17.985847
3.057599 9.369755 18.004596
13.736782 6.737637 17.981000
1.368664 13.358536 18.005150
13.012744 11.569586 17.998374
17.171290 0.441039 18.018168
10.338420 3.319497 17.994074
18.828538 14.956267 17.958855
9.289114 11.523400 17.996049
9.390399 6.193104 18.004992
3.186384 8.887563 18.026712
12.682199 11.547959 18.020332
15.219276 5.894519 18.016782
4.022579 0.661386 18.040945
12.239818 9.252244 18.017610
8.300444 1.733655 18.016411
19.669762 3.639526 17.968437
1.494070 7.797550 17.979208
7.871222 11.963774 17.980134
8.269673 3.381120 17.987472
9.328100 2.880122 17.987143
6.055266 6.365988 18.010141
5.663229 2.063803 18.012136
7.072540 3.731557 18.021647
3.264510 4.533441 17.969699
2.633801 11.724534 18.020868
17.831172 9.919452 18.030108
10.092703 5.414223 17.968054
15.596332 14.197309 18.018537
6.858126 4.138171 18.027311
18.617068 7.602240 18.003856
16.243977 9.281376 18.009358
19.263801 14.294257 18.004687
15.407922 12.822157 18.015366
14.324166 5.592270 18.015933
11.831970 7.507010 17.983129
15.956697 6.855156 17.972329
6.305605 4.553036 18.005691
1.334125 7.183859 18.014270
7.173512 1.358847 17.955859
15.477256 0.807975 18.014682
2.114688 1.047769 17.994452
17.835892 2.060861 18.001154
10.725727 4.240381 18.009767
16.014667 9.603240 18.034852
10.181594 12.607286 18.027286
16.804115 11.699641 18.001560
19.876908 4.907268 17.991362
16.188869 0.661154 18.037893
17.508311 0.823982 18.002645
16.459804 11.958776 18.006532
8.964522 13.036112 17.983370
7.039614 13.984253 17.979970
11.302146 14.503047 17.996494
4.117580 12.721653 17.998255
8.808667 5.342210 17.972728
2.656783 7.150498 18.008939
5.990048 12.492483 17.986354
14.113784 13.481304 18.002754
1.523054 5.416147 17.970255
18.417319 9.419659 17.998892
0.999299 2.696242 17.977744
5.071073 0.022564 18.003691
19.171363 5.328721 17.975069
17.419430 13.840448 17.977166
1.960538 9.801716 18.003422
17.429503 13.419295 18.013957
16.963827 5.407512 17.968348
9.600164 0.698101 17.984227
17.391858 5.399305 17.962124
9.674320 6.426339 17.999041
2.959406 10.052192 17.988275
4.525665 14.493283 18.013644
6.637144 4.652451 18.010428
6.802189 11.339403 18.013054
14.776498 13.312993 17.991963
4.277910 3.736362 17.990168
14.946444 11.667439 17.975522
11.070705 14.318795 18.021949
11.905560 11.660720 18.032311
14.225897 5.992270 17.989941
15.771985 8.730157 18.010162
7.670828 11.215622 17.966568
13.656443 12.106576 18.004370
0.881502 10.630572 18.007326
15.422085 14.700256 17.998276
15.243842 12.919881 17.970275
19.450573 3.206069 18.020499
3.580532 14.957830 17.951223
2.651866 10.589802 18.006949
18.415236 13.673353 17.990289
6.688679 7.454468 17.969988
12.110311 13.406024 18.023667
19.097961 14.753058 17.998927
13.533584 12.335073 17.967366
5.285126 11.902621 18.005710
2.532031 3.269091 17.998354
6.846847 2.023422 18.002594
13.360069 11.549008 17.966155
19.013541 10.558278 18.003588
1.308763 9.332274 17.997310
8.665695 6.697152 18.016229
16.057918 0.987419 17.994454
17.481871 8.534116 18.021290
17.132415 7.996827 18.022373
15.543332 10.755343 17.964213
3.694867 1.366360 17.998829
7.001803 6.056628 17.971256
11.749860 6.295261 18.017771
2.695948 6.955001 17.989762
7.837818 0.515869 18.002979
4.212610 8.800784 18.031932
5.959199 2.918264 18.047566
15.869062 13.670265 17.972191
13.695148 9.453975 18.026489
0.114573 12.459267 17.978294
18.675648 7.366799 18.032526
10.536425 5.579096 17.956583
13.090654 3.867295 17.986124
12.402179 5.925504 17.989292
1.409779 13.798997 17.934068
17.775561 13.890014 17.983976
13.703042 14.073578 17.975610
5.169002 11.479528 18.004701
1.682841 2.678801 17.993574
19.857827 10.757787 18.003725
18.718123 5.040773 17.960315
14.486535 6.373511 17.989593
10.701186 6.917979 18.002333
11.835026 3.851832 17.967826
9.858583 3.113717 17.963642
17.244195 1.547040 18.020272
14.817610 6.602780 18.023314
1.384860 8.865192 17.980160
6.532956 13.242962 17.985267
14.506484 0.254163 18.019014
19.711813 0.676557 17.997243
15.173591 11.152229 17.980860
9.964247 11.869341 18.018519
15.401723 0.511609 18.016523
14.519928 11.453245 18.018725
14.235602 8.415808 17.974439
18.922387 4.746652 17.995070
12.333520 9.782277 17.995632
10.326420 4.618064 17.995552
14.853454 6.577449 17.979582
17.708497 7.322015 18.055228
12.509305 4.424292 18.017120
0.353259 4.946081 18.005043
1.471281 13.344187 18.005468
16.650002 6.116986 17.976929
10.065093 4.171174 18.011534
19.755779 7.612047 17.988787
4.327921 2.018590 17.965141
14.152786 8.434157 17.976545
8.352544 12.625071 17.958982
0.410106 7.236718 18.004761
7.327049 0.233720 17.971183
3.876218 13.555097 18.073348
10.889077 11.260766 17.979895
17.372304 14.526217 18.007211
19.825029 12.052938 18.007669
11.002988 12.905675 17.978242
18.611853 13.701981 18.016729
17.437755 3.807872 18.003230
3.926402 14.774329 17.999209
0.529041 3.811750 18.025696
17.243231 14.664044 18.013457
11.428892 11.923362 17.986364
15.506260 11.011159 17.966822
12.884700 3.415802 17.997181
4.560247 4.576008 17.989350
9.054168 2.347643 18.000325
7.002447 4.424278 17.991468
13.881894 13.770841 18.014331
1.116849 6.849104 18.011485
8.973319 14.363671 17.979480
4.934314 8.873853 18.015389
14.138357 0.231315 18.014573
9.273198 5.055445 17.997589
14.038017 5.091938 18.021208
15.889353 6.399057 18.013956
15.345760 10.021981 17.963644
18.465575 4.028496 17.980153
1.983895 6.096586 17.999828
1.666898 14.965710 17.976056
4.685142 5.447776 17.977464
9.084336 7.574725 17.975876
10.001400 7.678731 18.033785
17.940587 2.912949 17.978479
19.758116 7.405296 17.996338
6.768462 3.325463 18.019424
19.022818 1.634707 18.007351
5.095418 12.107233 17.960373
3.686881 10.693759 18.002141
13.783242 4.029596 17.984632
7.632653 2.003908 17.991084
15.976265 14.761267 17.985302
18.084146 13.717737 17.993096
11.439003 5.408086 18.015326
17.424801 9.669270 17.976727
6.321434 4.321218 17.966161
1.301253 5.637297 18.010243
11.012767 8.069856 17.946189
19.278366 4.043016 18.009478
12.363976 1.278009 18.007273
14.560312 10.804262 17.985225
18.242871 2.870882 17.997845
15.582618 4.499243 18.017680
12.036137 14.311755 17.999588
16.206873 9.048496 18.020576
6.730882 3.438937 18.036073
11.652456 4.310309 18.003779
17.736613 3.313558 17.977708
8.378923 13.063288 18.014471
16.434162 11.978466 17.997357
14.589902 8.214362 17.994456
6.620998 1.954279 18.017938
12.956520 11.070802 18.015912
8.827818 12.751623 18.010032
7.003186 7.917894 17.962111
13.928549 3.195739 18.020836
3.107320 10.396172 18.013159
13.134850 4.908674 18.000996
3.071926 13.770364 18.018079
9.792042 12.484243 17.988912
15.194258 6.095662 18.036096
13.257014 0.591826 17.987638
7.613998 14.194763 18.001339
9.037580 14.293678 17.982749
4.911946 7.302890 18.003790
8.303806 0.111404 17.977327
18.091416 10.801166 18.010553
16.899542 4.198736 17.993689
1.939908 11.269932 18.012867
3.651488 0.409870 17.994397
0.715492 9.250136 18.002888
8.298808 14.083232 18.019667
16.555108 7.822171 18.010432
11.575972 14.199871 17.955482
4.731540 10.850103 18.010967
7.848875 8.955731 17.979351
1.885248 12.703901 17.992698
7.684882 13.812525 18.025631
7.499235 12.861955 17.964858
5.377075 13.746298 17.976953
4.196740 0.947962 17.968605
4.316722 3.162690 18.007926
2.886337 4.030282 18.009184
2.762239 14.370970 17.983551
19.575366 13.695710 17.999029
13.053460 12.170435 17.961664
12.802408 11.959412 18.000686
7.880143 6.693813 18.007946
3.334665 1.519204 17.978860
9.752102 9.991056 18.012746
7.484859 7.828954 18.020829
4.856674 6.061112 17.992340
15.200028 5.446685 18.008214
4.647319 2.418412 18.002797
14.403608 6.094308 18.027916
2.527619 13.826557 17.998514
9.937120 2.925023 17.987274
13.569382 8.961689 18.026608
13.767003 9.385428 18.034786
19.615110 5.720997 17.978982
9.033087 4.047775 17.991161
7.535183 2.349974 18.010186
14.868657 6.230544 17.970505
1.286963 7.542415 18.019586
9.835227 0.531749 18.000129
17.414822 13.843726 17.996634
5.273710 0.026738 18.003904
10.070337 0.724570 17.979596
3.179243 10.007416 18.005915
18.920198 11.823594 17.983103
16.983211 6.813961 18.000413
15.335884 4.817814 18.019364
2.966993 10.735108 18.007404
10.003175 13.064073 18.019274
4.275450 4.732019 18.002777
18.359478 9.230828 17.996236
18.580875 13.470112 17.992932
14.611363 9.933669 18.023225
13.172042 1.250284 17.994952
4.847196 2.378324 17.987025
1.443003 12.023090 18.003737
16.772190 7.152853 18.028054
4.764994 3.475377 17.994066
5.358534 1.226503 17.963325
5.142861 1.163461 18.011822
6.962084 7.751281 18.016484
6.442959 11.007523 17.962635
5.124687 6.235596 18.034183
2.548734 5.961270 18.005061
15.502821 0.037755 18.018466
18.879755 5.500419 17.973886
3.039336 2.807255 18.047368
11.541073 5.963256 18.020573
8.804762 0.676251 18.010244
8.967581 8.340366 18.014081
15.097909 8.683922 18.010228
15.070219 12.663318 18.000771
1.247148 2.510803 17.975018
17.812969 9.120429 17.977769
0.297557 12.667134 17.972311
8.766265 13.780609 17.982547
1.863429 2.642370 18.028289
13.302451 9.411105 17.969172
8.322508 2.289472 18.018347
2.807811 2.917221 18.005315
6.773765 10.722359 18.005202
5.160017 12.608548 18.036188
13.064921 5.447606 18.016307
13.419973 11.944403 17.986046
10.997483 10.284511 18.001692
15.606711 5.420420 18.014841
0.445997 4.191025 18.034476
13.100445 10.939073 18.008996
13.069144 12.603335 18.001597
9.234998 1.373720 18.005142
16.794005 7.092992 17.992122
1.508768 4.099421 18.026762
15.195195 1.736009 17.985955
6.274166 2.725263 17.988142
0.658779 12.151206 18.010306
0.482065 10.210603 17.991021
4.874884 14.509342 18.018185
11.722782 4.979431 17.997969
12.365749 13.689821 17.982859
2.287532 1.329924 17.989207
5.826128 13.068506 17.991479
2.059489 0.771981 18.028254
16.755736 2.665918 18.022664
17.073929 12.054071 17.990023
4.087689 14.054135 18.001759
17.966222 8.890506 17.991221
1.657261 12.914960 18.018106
10.777434 1.857611 17.993536
14.335818 12.966975 18.004781
8.058963 4.273596 18.001887
1.898250 14.075782 17.969935
15.271955 6.398569 18.019419
15.751244 11.686099 17.987959
6.545731 10.450303 17.982993
0.390959 0.229891 17.979894
18.429321 3.259337 17.962525
1.642391 8.538040 17.984648
5.199959 3.384399 17.996260
8.736769 11.850844 18.029487
8.925742 12.295996 17.990373
10.432573 0.313578 17.998666
4.221085 9.039493 18.035193
7.795499 14.884110 18.037088
18.673446 7.976070 18.009667
17.719262 12.726862 17.982935
1.792196 1.661528 17.983183
15.606687 10.935661 17.991385
11.010652 3.092114 18.005771
0.657763 4.223870 18.017750
15.791485 7.470187 18.001004
3.124382 14.086537 18.009516
4.874518 10.252105 17.987771
1.494032 13.848720 17.961550
15.319588 11.027680 17.982599
14.124876 11.262545 18.005160
16.671476 12.849741 18.014757
10.158356 4.945841 17.982406
8.614418 11.849296 18.017123
11.027362 12.646751 17.998746
0.159735 11.092828 18.015855
15.558440 10.253007 17.992824
16.572099 2.847216 17.976962
1.209596 14.367093 18.015662
18.213790 4.260275 18.000672
8.201577 6.202616 18.002139
4.752791 1.042968 17.958436
0.767928 0.314813 17.992924
19.597116 2.521147 17.970075
13.326363 9.354525 17.980822
12.328775 4.406307 17.996853
2.941947 13.192220 18.019649
16.046447 0.302018 17.950562
11.795316 2.895730 17.974700
7.140841 1.248491 17.979874
12.551657 1.549713 18.009607
2.756647 3.607651 18.014600
8.480222 12.928520 17.976721
3.147870 12.830293 18.029928
2.274204 4.915007 18.020946
19.858568 1.147081 17.999686
5.703265 10.198165 18.009096
0.212363 10.438085 18.028024
4.371182 13.868095 18.039026
7.329171 13.770184 18.025353
0.265427 3.869935 17.982055
12.553309 13.289822 17.988827
10.443272 7.951510 18.028484
6.787598 13.702161 17.986805
17.737696 10.142017 18.013629
4.873307 6.979757 17.970249
1.834107 8.699823 17.993199
2.095559 3.522837 17.997514
15.816515 8.525794 18.025671
6.805491 4.099914 17.996723
18.076592 6.626530 17.953727
1.601167 4.444497 17.986205
10.779884 6.630090 18.012197
5.871549 12.895762 17.993011
18.776010 8.545444 18.021311
9.530233 0.742574 17.990556
5.418669 10.456473 18.017165
0.646955 9.918006 18.013034
9.769936 1.366859 17.979016
3.092735 4.696191 18.014383
1.482449 3.785156 18.010254
3.038228 6.922719 17.976357
10.440942 5.708443 18.028331
4.930527 12.411952 18.005482
8.466538 5.853822 18.005640
10.468100 1.806555 18.000704
0.988956 4.246644 17.987652
11.139297 2.078912 18.006668
8.982979 4.892697 17.960878
11.148341 12.737357 18.035847
13.987933 8.003649 17.999112
14.212023 5.358223 18.012465
13.926427 13.456303 18.029937
1.482897 6.881088 17.970239
18.117845 10.995228 17.995283
16.222543 3.047065 17.970301
17.592731 5.511335 18.003162
3.448982 7.607295 17.998696
11.761659 7.691107 17.994845
18.620939 12.023069 18.013983
18.686933 8.659901 18.008980
7.444503 13.455232 18.033194
17.039209 13.792190 18.002779
9.265929 6.493082 17.969316
1.642713 10.260789 17.989169
19.459803 11.769298 17.969627
6.169129 5.470930 17.989407
5.788695 4.252879 17.957351
17.987423 13.165717 17.982869
14.905212 8.915685 17.992384
7.263674 2.827584 17.988311
15.953740 8.683445 17.958721
0.412367 3.302337 18.010228
11.645654 6.934806 17.985384
5.433420 10.190367 17.984368
11.071301 12.503950 17.990073
6.604981 6.058469 18.031287
14.444420 1.450408 18.029029
12.711541 11.606052 18.019575
14.361480 9.995181 17.992378
14.211156 9.337452 17.975843
14.927832 4.632228 17.990280
19.689617 0.660460 17.982635
8.869199 8.896784 17.973438
15.102703 11.610339 18.007259
4.412343 4.558874 18.014925
19.262786 10.278095 17.967957
16.997721 1.899998 17.981649
1.963529 10.957446 18.019896
15.989362 12.808473 18.011947
11.663051 5.835691 18.018907
8.050887 2.042377 17.999213
2.216118 7.260932 18.037578
12.450964 8.792283 17.961488
10.457111 1.744240 17.985396
16.681958 2.905634 17.994984
7.935075 0.964455 18.002478
10.423778 12.709765 17.990749
8.628305 5.675811 17.967788
1.584582 8.417926 17.999729
9.257444 10.395999 17.993768
19.178020 3.807986 18.021832
0.334544 11.489800 18.028506
14.688303 2.479684 18.001925
8.469858 14.848292 18.006786
3.558997 7.058653 18.008082
13.623709 7.415425 18.000470
7.366844 8.329337 17.998037
19.842726 4.339101 18.011661
10.344085 6.804529 18.010607
8.271384 0.616331 18.022419
19.292521 12.526937 17.994878
5.700917 14.115272 17.989412
19.403106 5.578317 18.017127
15.498413 12.696156 17.983185
10.964597 9.710767 17.981415
7.404241 4.524708 18.012064
1.386160 3.296630 18.048398
18.828201 8.547104 17.965680
12.731498 3.992005 18.035391
10.526363 10.254703 17.977373
13.094519 3.917610 18.029435
17.777279 12.858337 17.984267
5.948075 13.067576 18.003730
10.409080 7.389075 18.011324
16.389833 8.734693 18.011356
17.673970 5.412748 18.032645
14.229370 13.121749 18.021312
11.791668 13.309484 17.987735
7.802645 9.314561 17.978819
4.857574 1.795454 18.016074
12.881262 7.756600 18.012614
14.307807 10.354187 17.978998
9.652357 14.028812 18.009282
18.911744 14.001932 18.018530
3.136178 11.723540 17.996927
10.389361 0.214390 17.989503
13.481780 6.110022 18.001847
18.851169 13.967270 17.965066
5.273433 5.645926 18.003264
4.883664 9.105404 17.970066
9.696913 12.520150 17.983959
14.042846 3.037413 18.013041
6.257204 2.946955 18.030390
10.211578 13.872485 18.002657
2.563035 12.502814 17.984957
18.613655 6.587032 18.008499
3.960528 13.756081 18.009000
5.044756 8.412142 17.977332
8.473896 3.280157 17.987023
2.721880 5.310920 17.981813
19.110426 12.196809 18.018210
13.061720 8.230261 17.988744
13.198035 0.390249 17.996012
4.046773 7.663905 18.024014
6.811060 0.195953 17.994923
3.823434 2.515736 17.994626
1.549851 9.772799 17.965767
8.567679 9.351652 17.955890
9.200525 8.111297 17.992828
13.497501 9.276107 18.011471
8.819481 6.217036 17.975921
19.779244 0.077048 18.019003
9.719633 9.906016 18.040127
8.949769 10.783458 17.991723
5.329011 8.412635 17.991631
12.301515 9.113881 17.965344
16.225332 2.814022 18.000626
19.329224 3.763618 18.012485
2.859608 8.106403 18.017407
0.516967 4.347323 18.003916
19.581523 3.366454 18.023537
8.272614 11.680238 17.979403
13.454885 9.260255 17.958963
19.015049 1.532197 17.975330
0.518997 12.553209 18.015873
3.461891 7.958944 17.977016
15.881604 11.271752 18.011278
13.636112 8.231850 17.973855
8.949731 7.112690 17.993860
19.154125 10.633008 17.995246
13.211428 7.103708 17.978609
0.578045 9.617222 17.981615
2.039621 8.492160 17.984438
17.670825 10.727701 18.028854
19.154208 11.744158 18.014196
4.924183 10.598995 18.023360
4.463640 13.842321 17.996815
0.877319 14.102358 17.996988
2.321180 1.642340 17.965955
4.824591 9.170875 17.959970
18.181031 8.766309 17.991006
2.700874 0.710909 18.007574
1.523077 5.755617 18.041568
19.560387 3.965386 17.975325
2.176001 6.279856 18.023924
3.450075 11.571698 17.978128
10.580905 4.330034 18.002898
5.433565 13.846396 17.990039
8.351418 13.203027 18.008284
8.351537 9.499325 18.018628
11.504104 14.793621 18.061686
0.377474 0.206883 18.026348
16.233874 5.255104 17.989013
7.115069 3.728579 17.998910
19.912601 2.146990 18.000240
17.126970 11.517421 17.968805
0.364421 7.676306 18.007155
16.755608 13.850238 17.990006
4.028794 5.951901 17.994612
0.015037 14.396968 18.006615
0.894065 9.595742 18.029018
17.190379 5.505018 17.991687
7.055003 9.745049 17.995102
6.580581 13.332301 18.012167
16.066108 0.846802 18.009842
19.877891 6.520601 17.985610
17.970590 0.790325 17.990596
19.250136 9.379290 17.970921
1.748978 0.177353 18.024841
8.168584 7.711047 17.983106
4.866126 2.895892 18.000883
12.345015 2.918793 18.005723
19.354803 11.126461 18.005312
19.381401 2.549180 18.003410
13.288764 0.847232 18.003641
15.517920 5.820732 18.013414
17.450536 6.725583 17.967744
8.784816 5.289968 18.001840
11.071986 7.769242 17.998999
17.529812 5.467797 17.956478
7.840101 4.443514 17.971384
7.501370 7.606750 18.017351
16.665649 0.455160 17.999435
17.465809 0.331694 17.996679
15.243606 13.103347 17.992491
9.342080 9.948116 18.019971
8.235862 5.098464 17.991727
2.385783 5.265235 17.972539
6.436566 5.358782 17.994573
4.625228 12.987430 18.022448
3.749519 14.582730 17.995865
15.021023 4.527048 18.020182
13.200229 10.456283 18.004339
1.367338 3.739181 17.977631
3.248359 11.071970 18.003248
7.161307 14.288198 17.993638
8.786537 0.541846 18.004987
17.026632 0.984910 18.030472
0.769792 11.957805 17.966127
4.483081 6.824339 17.975371
17.696341 8.324569 17.994732
7.416078 5.859419 17.958976
4.447554 0.809141 17.988251
11.664604 6.046108 17.954826
19.215095 2.213280 18.002161
18.696067 4.863933 17.974279
10.538142 2.571666 17.989450
2.037850 12.850910 18.000311
2.942336 3.737643 18.012994
6.300757 8.720633 18.008886
17.193852 14.790347 18.021419
15.963068 14.834836 18.002724
19.526778 9.793083 17.988635
10.108611 4.624093 18.035089
11.605519 7.546666 18.005437
6.319237 7.636176 17.991081
10.220530 13.171839 17.983048
14.448501 10.775780 18.003389
0.768847 13.203414 18.006422
17.751046 0.249618 18.020152
12.262058 14.600751 18.014353
6.261582 10.214402 18.004669
6.467972 13.939606 18.034238
19.821154 11.889802 17.980344
5.985288 10.590866 17.983992
11.183999 1.087735 17.979487
7.194664 2.160003 17.994737
11.055642 3.160732 17.991610
8.464733 7.340028 18.021577
9.735644 11.574801 18.002801
1.583840 3.545642 18.031018
1.297222 14.726494 17.981759
17.087963 9.962238 17.977187
17.001846 11.084191 17.996849
19.584104 13.536096 17.993882
12.276711 7.721833 17.985524
6.008216 2.168077 17.993490
17.510298 6.461342 17.985463
18.950856 7.935416 18.004712
5.873063 14.580728 18.005041
8.324458 1.027057 18.014321
10.142983 4.916341 17.982672
8.635019 11.196416 17.977421
11.677178 10.552135 18.008310
18.055443 12.536222 17.982891
18.292144 14.351415 17.982993
2.047029 8.434496 18.009434
14.336756 12.811024 18.015091
2.595537 14.425324 18.004197
6.526480 1.937338 17.973975
7.999432 8.823960 18.000612
18.186779 6.859614 17.995650
7.262522 11.570888 18.021818
12.035212 2.961941 17.964695
12.698806 12.881530 17.993345
7.197255 6.741090 18.004614
13.973046 5.497136 18.008579
10.533289 10.744341 18.012930
6.494390 4.989248 17.984053
9.130098 13.336680 17.997592
4.069995 13.134921 18.018462
0.660073 0.524987 18.024982
7.265530 2.758379 17.976697
18.345378 11.013586 18.022951
7.622054 8.088234 18.003218
17.690858 1.216737 17.996426
1.592615 6.184089 18.002304
9.446921 0.529678 17.985564
5.888927 3.909354 17.986001
8.345680 2.628575 17.956804
13.966436 12.394257 17.999541
6.185744 12.854187 17.986555
2.773355 12.376364 18.015807
0.790754 0.401518 18.009178
6.042580 11.204921 18.022729
14.347362 9.114746 17.969864
9.394866 10.304559 18.002471
19.752219 0.746883 18.005776
4.531238 3.088050 18.062303
18.221816 3.137847 18.013743
16.486668 2.414348 18.028041
15.529717 8.604520 17.980847
13.909015 5.004086 17.994232
0.440780 6.872008 18.011472
15.402841 10.817135 17.967768
4.082418 8.171958 17.998519
6.003056 6.810844 17.972675
10.285097 0.019328 3.604330
3.525064 0.028063 17.717401
0.470581 -0.017852 10.209111
16.720408 0.002993 0.692259
6.755706 0.000242 13.277639
18.125069 0.001399 4.909277
10.216967 0.005903 3.519816
5.379569 -0.008156 13.828322
1.702283 0.008272 8.066932
9.138557 -0.030376 -1.931594
19.725511 -0.022611 10.541070
14.541296 0.002498 0.400791
9.711978 -0.008128 11.175854
1.621663 -0.015263 8.576977
9.499761 0.003063 3.706491
3.424180 -0.010068 15.678780
9.810290 0.001013 1.946993
3.265377 0.008896 2.863798
0.611073 0.039946 2.683117
18.984342 0.018464 7.984505
14.641434 -0.022272 4.664924
18.005604 0.018000 4.264966
5.073182 0.012550 12.493862
10.414178 0.006956 17.772228
8.446969 -0.040697 6.895477
5.948324 0.026938 10.632341
10.451247 -0.000874 12.476953
19.581174 0.008028 11.533348
7.628100 0.034752 13.343378
5.654649 0.011213 12.001519
0.676152 0.007392 17.273345
0.641506 -0.013570 16.082431
9.992844 0.000586 9.783449
12.228645 -0.012106 5.119710
16.418011 0.003143 17.664245
6.691674 0.020385 4.727010
13.212640 0.055455 3.339122
0.106963 0.038836 -2.179244
0.950427 -0.005947 17.288641
16.598298 0.005901 15.120997
3.626531 -0.033812 2.013786
14.820342 0.019555 5.130286
16.376615 -0.012535 1.742729
19.419472 0.005814 17.744495
3.939328 0.025056 -2.412959
16.683890 0.001076 -2.546916
4.702944 -0.012922 11.746832
3.682439 -0.013879 1.174198
12.452726 -0.038246 -2.974631
2.939836 0.003792 9.830430
13.477711 0.007712 6.804427
15.637661 -0.034868 4.793023
17.453127 -0.007996 -2.698197
2.404595 -0.008520 -1.282570
2.156637 -0.015940 14.745656
11.116245 -0.024713 16.737287
13.368217 -0.016268 4.036587
14.880343 0.014779 14.414672
2.656937 0.010857 15.319182
13.949627 -0.002687 13.879150
11.177892 0.005300 16.436425
4.832561 0.023511 17.924359
4.932897 -0.007647 2.945654
19.420769 0.001372 -2.871270
15.705465 0.018815 5.500197
5.003464 -0.004286 11.933019
2.726149 0.006583 4.177360
15.109323 0.033118 7.874814
6.057614 -0.028809 4.198476
0.117239 0.018515 5.520450
12.849724 -0.001157 6.952029
10.238946 -0.005221 15.267830
4.167430 0.000378 14.123276
18.375031 -0.026450 16.993382
14.971762 0.005739 2.240257
4.276440 0.033021 6.720957
19.874106 -0.013917 11.319271
6.858756 0.023577 7.707776
5.090273 0.020791 5.610045
1.998352 -0.013110 0.334925
13.050456 0.012049 8.957614
11.949841 0.021804 16.806197
8.849689 -0.021900 12.825757
8.909495 0.015834 7.136829
10.612858 -0.001992 9.465064
1.613031 -0.010867 0.075467
9.347772 -0.000942 11.450039
18.254059 -0.007318 10.033706
16.704525 -0.016204 3.145344
12.986761 0.001623 17.482471
18.479141 0.004194 2.002846
19.496796 0.013651 4.699157
14.185272 0.022433 7.201010
2.285078 -0.023161 16.620743
0.994911 -0.026187 4.451321
15.845551 -0.027824 9.097066
11.542074 0.059292 3.419120
11.616410 0.010025 -0.883698
10.908405 -0.008674 4.863919
0.815895 -0.017880 14.250746
1.728258 -0.047907 5.124377
4.542033 -0.000317 9.353617
12.194618 0.020356 12.151826
11.155272 0.006953 8.101157
0.144545 -0.014860 3.249978
7.913502 -0.017351 17.767246
2.934197 -0.009959 2.623216
7.103514 0.033003 0.641844
9.856974 -0.001428 13.306844
9.035078 0.010509 -2.946119
16.162314 -0.016385 7.057589
1.620666 -0.006266 4.803405
4.330093 0.008653 2.473544
9.974250 0.011486 6.553505
14.925913 -0.004267 7.621642
17.581855 0.018584 5.881418
9.788238 -0.004522 16.147640
18.386832 0.008937 17.594238
11.849666 0.001326 -1.471530
16.731012 0.027330 15.323232
7.198237 0.037404 8.532906
6.054019 -0.000166 6.597817
15.045712 0.001967 12.835371
10.911009 0.007201 12.338834
11.177723 -0.024009 13.976295
15.631968 -0.003995 -0.786049
13.299475 0.049720 -1.894367
4.726893 -0.029603 11.482136
2.730222 0.037970 10.690332
0.294694 -0.023788 14.650748
14.555254 0.038382 14.455293
11.135461 -0.005785 7.048530
7.250836 -0.051144 4.508752
2.354561 0.004633 6.992548
3.859869 -0.013327 1.910856
12.857326 0.003065 0.622261
3.029883 -0.012006 13.928161
10.990139 0.038472 1.221477
8.682884 -0.020782 1.288473
13.640706 -0.006766 -0.626530
16.526030 0.006955 2.698430
18.162025 0.003866 -2.376736
18.923202 -0.004161 -0.491732
9.241962 -0.007992 7.844163
14.014337 0.020895 15.154656
12.851540 0.007983 17.288095
10.429301 0.016169 3.296173
11.765074 -0.011570 5.304956
15.340663 0.008820 1.648472
17.139135 -0.005974 7.314175
4.507162 -0.015496 10.583112
1.560799 -0.043183 14.602243
4.340781 0.038342 2.823341
15.906732 0.022924 15.034093
11.269015 0.006217 10.539874
12.840992 0.022188 15.721970
15.103324 -0.030237 2.036658
4.080257 0.010808 3.905143
13.633083 -0.014014 -2.602886
3.309825 -0.006418 7.035135
11.049813 -0.029719 4.898008
2.531431 -0.004843 16.911298
4.848925 -0.012080 13.439389
11.944728 0.008416 16.677661
19.062831 0.029016 13.214491
7.592871 -0.007386 4.029973
12.760543 -0.006605 9.192248
17.003843 0.006358 11.343022
5.893546 -0.040204 12.597918
17.323634 0.002796 11.638846
13.703790 -0.001037 0.086385
4.517524 0.004769 5.140532
9.340766 0.043362 -2.239490
16.082724 -0.004713 3.402050
9.404656 0.014018 13.214122
14.102577 0.030978 4.690320
5.258502 0.016436 -1.997993
5.060278 -0.022414 17.775737
15.847843 0.005904 0.945761
8.831664 0.047233 3.875705
13.651321 0.003069 -1.453061
19.766486 0.005044 15.409859
19.817513 -0.043427 3.797755
9.603772 -0.003042 2.296911
11.270857 -0.018867 13.937959
6.183442 0.034028 8.814236
11.807388 0.050955 16.524376
16.679774 0.000179 12.912550
3.234726 -0.003255 1.719731
1.385638 0.017723 2.240426
8.528432 0.018884 7.311651
10.022202 -0.018664 8.591444
0.530756 -0.021604 6.931426
7.175008 -0.035897 8.273534
2.838056 0.053812 17.838018
19.484853 -0.028395 5.748361
12.320923 0.007363 5.355154
12.800548 -0.005064 13.428496
0.218284 -0.039644 15.411601
1.211460 -0.036088 3.273368
6.742637 -0.032714 15.442361
2.799895 -0.003567 14.812633
1.809844 -0.003941 2.973593
6.157452 0.033955 2.078848
18.939379 -0.008715 11.695381
18.701917 0.001405 12.387774
11.485127 -0.005270 12.254989
9.689178 -0.026735 -2.293344
7.350543 -0.005914 11.538760
19.731693 -0.010501 16.797053
4.397358 -0.009580 4.473069
6.618633 0.018838 0.133306
12.821648 -0.004290 9.951635
14.752804 0.043496 0.560209
0.205224 -0.020443 1.525797
4.672722 -0.002737 -1.752794
3.193951 0.016941 2.579581
1.847883 0.029746 10.251803
15.017450 0.040615 1.784215
12.589546 -0.019222 8.519448
13.434519 0.025164 13.215932
4.921923 -0.008820 6.694042
19.909977 0.007323 15.239317
18.943937 -0.017346 1.402732
8.596408 -0.018018 17.486637
3.270463 0.007775 1.437367
4.896385 -0.011449 10.762650
10.708321 -0.016980 8.342280
14.626861 0.003478 2.917188
1.563824 0.004194 1.368608
16.992962 0.012650 -1.239130
4.556275 -0.002476 13.626268
17.122298 -0.001735 0.450939
11.245168 -0.044940 10.259984
10.647918 0.011992 0.960050
3.990230 -0.034258 8.588020
11.966419 0.014137 -0.865358
9.727854 0.020621 4.827537
11.856037 0.008912 10.713621
18.581192 0.006090 14.000711
4.016402 0.011245 16.731559
15.434714 -0.022204 15.316783
11.898043 0.000407 2.021877
19.715480 0.030710 1.135983
5.765513 0.006031 2.445403
17.697162 0.004669 17.455858
4.144567 0.011032 17.607500
13.397858 0.025492 17.727239
13.470681 0.045393 11.572707
9.277726 -0.010973 5.909503
8.151840 -0.000977 14.437636
19.286298 -0.011092 15.215009
14.569977 0.029431 3.234600
15.226285 -0.020347 3.058668
15.480332 -0.012494 17.625911
5.859483 0.006373 9.657153
3.443300 -0.016359 17.983676
3.389151 0.007400 10.434081
12.172513 -0.013156 17.842397
8.996103 0.006418 7.923839
6.561763 -0.009390 14.113211
3.293934 0.017089 7.527653
4.856498 0.039477 16.178714
6.113231 0.035303 4.236190
12.784528 -0.061196 8.072972
12.623705 0.015759 0.759088
14.215831 -0.011028 13.933994
14.907500 0.011743 3.704032
14.459550 -0.001150 -2.814127
1.199881 -0.009001 1.445776
12.813309 0.014178 15.967933
17.964570 0.052771 6.095338
19.862684 -0.019165 -0.337466
0.483801 0.001289 9.877356
8.228087 -0.008278 16.729994
5.194992 -0.002437 12.456093
3.991275 0.026267 10.438974
13.511049 -0.027730 10.022929
7.880147 0.036291 7.706428
16.131323 0.019374 5.838607
13.533802 -0.006290 2.772189
6.844390 -0.007471 8.421604
3.213051 0.024826 -1.063846
1.962816 0.015161 -2.496875
6.740565 0.011995 9.570547
8.143255 0.019519 4.068253
1.818535 -0.033022 13.727221
9.677662 -0.030972 13.207346
16.119641 -0.008488 15.100984
5.580131 -0.016441 7.196290
1.503970 0.006260 14.917511
18.263005 -0.003797 10.853932
6.282290 0.013879 16.379112
6.690815 -0.010046 6.774961
1.944854 0.018855 11.128009
12.167856 0.009139 2.182220
14.149218 -0.017821 13.919040
5.171183 0.039836 12.385012
7.367321 0.024227 10.479167
19.126318 -0.010238 0.107457
11.406510 -0.007500 6.773408
16.038483 0.001045 17.614664
7.177433 -0.005574 17.822275
6.395537 -0.021733 17.051045
2.907072 -0.006644 17.075490
4.452617 -0.016982 11.434258
9.488755 0.019086 10.634164
5.429050 -0.007559 15.398276
6.130250 0.005624 6.622801
11.343205 -0.001109 3.703032
14.942585 -0.027218 15.324876
19.974242 0.012440 -0.966112
1.469176 -0.037622 5.350486
7.808737 -0.008928 15.045143
7.256569 -0.003598 13.955156
5.187137 -0.028086 5.269690
2.307834 0.003541 5.847250
4.487414 -0.004378 5.120382
5.954093 -0.005082 12.944995
10.323815 0.009069 3.225837
0.647576 0.004705 7.509152
10.020369 -0.032815 2.791799
18.925796 0.003038 14.140812
15.876201 -0.024465 17.443934
12.892293 0.007848 -1.154679
10.059539 -0.022288 6.442431
8.603958 0.015910 10.394620
5.550714 0.015039 3.962448
12.041080 0.008628 1.765368
9.544386 -0.032738 -1.451225
15.757468 -0.039062 7.167362
6.324726 -0.000432 3.912532
4.884872 -0.006599 -2.452669
15.220100 -0.004405 8.439752
10.944419 0.003576 10.562372
15.365212 -0.022208 17.091374
16.363189 0.009702 6.552447
11.498369 0.012581 4.622850
9.952527 -0.022604 0.373500
19.372139 -0.052147 12.373342
16.860270 0.003927 -2.854471
13.765857 0.028441 16.478329
11.378410 -0.016897 2.071465
2.898286 0.023527 -0.335430
0.166341 -0.046204 8.790242
15.284871 -0.000274 9.851225
3.500519 0.010792 10.077250
11.103082 0.009493 1.848730
12.166867 0.025177 14.252413
13.605777 -0.013040 -1.529317
10.368763 0.041669 17.696464
15.851203 -0.000677 6.996777
7.776546 0.032778 2.037196
1.801143 -0.009244 9.659520
17.412278 -0.014121 5.406686
2.099474 0.001743 -1.030068
11.108688 -0.008854 1.887727
0.778024 -0.014608 11.812062
12.268656 -0.003381 13.827790
6.609861 0.026564 6.925136
12.742398 0.018382 8.302386
8.685270 -0.002927 6.325685
18.680691 0.000678 0.503859
5.009392 -0.000059 6.125356
5.927233 0.052096 6.092018
7.302669 0.026259 12.581733
1.566041 0.028641 -1.683780
17.256136 0.014662 2.256575
1.906162 -0.038639 8.970214
4.054764 0.000696 1.551955
2.588455 -0.012916 6.311628
2.577782 0.017375 7.370235
8.003508 -0.000225 0.316327
3.489333 -0.006084 3.608439
17.620744 -0.026434 9.404171
18.684047 -0.013463 13.144661
3.602372 0.003372 6.973189
4.377985 -0.025285 -2.743399
5.997099 0.003881 11.084377
10.861218 -0.010024 4.615717
9.685223 0.001787 6.604861
7.536430 0.022361 16.080397
5.345447 -0.021689 5.828226
17.018414 0.007823 16.180224
9.756568 0.013155 2.699157
2.387034 0.001438 11.535401
15.280542 0.029487 6.133846
6.324629 0.001254 16.757473
16.033367 -0.001907 12.525509
14.733762 0.058420 2.345472
2.411750 0.044493 6.594609
6.494566 -0.033024 16.312944
12.595405 -0.003983 10.975900
14.941616 -0.032888 15.115982
8.645016 -0.031742 3.693224
11.228163 -0.005930 12.980830
1.813863 -0.010551 -0.119181
0.094334 -0.000910 14.916592
4.673430 -0.022249 8.448271
9.964627 -0.011569 -1.843567
11.079098 -0.010135 2.654767
1.036339 0.018265 7.436836
18.511492 0.031753 7.827520
2.626140 -0.039462 12.565625
17.486389 0.017341 8.622869
18.923155 0.004537 13.504303
9.706224 0.017638 14.073389
16.223507 0.022179 9.727765
10.913513 0.020568 1.533748
1.808428 0.006919 10.793168
3.200468 0.007849 6.189061
9.873015 -0.035621 -1.377147
6.776329 -0.005493 7.006704
14.688394 0.003576 13.962016
5.886872 0.013183 6.114178
1.462432 0.027960 4.682444
15.923268 0.015283 1.062750
11.217034 -0.019391 8.706306
11.153445 -0.001607 2.401706
7.402162 -0.036139 10.065939
9.427873 -0.013292 -2.870114
2.252947 -0.032007 4.585159
14.289369 0.030126 12.984519
2.513501 0.030884 -2.430718
15.873760 -0.053884 -0.869041
8.789098 0.036184 17.351082
0.763329 0.016187 -2.818907
18.271125 0.015879 12.990934
17.776166 -0.004782 4.566705
1.914558 0.012233 3.033398
1.021834 -0.009051 11.944575
5.673882 0.024777 14.785269
8.061739 0.010347 6.185289
11.039344 0.011447 -3.000927
13.694812 -0.024417 15.563434
19.521780 -0.011721 15.890040
11.173182 -0.024065 9.432227
11.336662 0.005219 2.042239
19.082092 0.006642 17.317916
7.446374 0.024760 6.128548
18.863679 0.007981 16.116312
6.989674 -0.012784 2.045295
14.815904 0.000016 16.191395
14.268253 -0.004584 12.793307
16.950712 -0.010546 6.336148
3.627406 0.006424 -2.002120
10.230146 -0.011954 5.005793
0.045456 -0.032052 15.102819
17.233940 -0.014972 11.149235
5.011933 -0.031221 3.212979
17.268624 -0.024464 9.614305
10.079759 -0.012359 16.605182
13.374928 -0.018348 5.299207
4.819902 -0.010836 1.785072
10.841727 -0.005513 14.745407
15.226756 -0.014239 8.345274
13.546015 0.011014 8.980476
13.283233 -0.017224 16.460393
13.042302 -0.021439 5.446197
0.789517 -0.023505 12.382384
0.691926 -0.022551 15.161029
17.701661 0.001587 9.540741
12.077502 -0.016978 9.694245
15.321403 0.007693 7.368999
15.560055 0.010271 -1.130500
17.173684 0.016856 2.969665
16.636467 -0.021928 5.073789
3.888320 -0.012284 2.311819
11.624036 0.007313 2.730545
9.935053 -0.005060 15.333912
14.545252 -0.021519 9.391384
17.948688 0.027545 16.771460
17.654588 0.009128 6.494126
2.850355 -0.044596 10.203289
13.551123 -0.009809 8.970481
3.436691 -0.000014 16.758559
11.868205 -0.007555 -0.538902
4.591149 -0.023593 3.545178
0.386179 -0.004679 12.795540
1.157640 -0.001493 13.283899
9.511109 0.032629 -0.733232
6.451777 0.007581 8.644367
18.577599 -0.000576 2.200620
4.661829 0.016400 14.825761
17.676443 -0.007625 12.923580
12.914446 -0.010161 8.635909
9.546931 0.000504 10.180309
4.475386 -0.021246 16.471833
0.245491 -0.031475 -2.934505
8.512162 -0.005922 10.235136
8.585021 -0.005355 -1.491404
4.499016 -0.017283 16.948901
14.361427 0.030417 4.490761
12.895231 -0.020214 2.483981
6.361115 0.018425 -2.879497
18.822677 -0.020657 -2.766269
16.219892 0.005457 17.412107
11.160575 0.021224 13.346040
16.283133 0.020117 16.781883
16.489997 0.022422 5.169455
9.724051 0.000729 3.417097
19.264902 0.001560 12.456883
13.094886 -0.029887 11.433015
0.512217 -0.042186 16.958860
9.108960 0.012567 1.493915
15.681285 -0.013303 8.953516
8.773281 -0.016947 9.354929
18.169655 0.010453 11.941045
15.715512 -0.007658 17.323323
10.876366 0.013274 16.306769
7.038983 0.025344 12.617013
3.242350 -0.032900 5.043524
19.020129 0.026710 4.927878
6.169318 -0.005701 11.203049
5.082602 0.026319 4.789134
9.179254 -0.034001 12.706391
9.948156 0.003888 16.632245
19.956236 -0.029622 9.777497
2.055970 0.014327 10.849052
17.487675 0.038217 11.276231
2.762144 -0.020897 9.884262
9.679394 -0.002269 7.758755
17.322633 -0.001260 13.928996
16.028520 -0.000564 -1.108400
19.876700 0.009642 11.927469
12.502385 -0.020619 0.863674
15.059019 -0.000280 13.704268
19.059175 0.032128 9.930961
8.196823 -0.004544 5.601853
8.282953 -0.022298 5.875638
12.693169 -0.038678 1.652793
16.769405 -0.014659 4.267837
5.355756 -0.022668 0.298854
15.199996 -0.006016 4.040577
16.386736 -0.027470 6.732705
11.800945 -0.003631 1.681775
4.175852 -0.027793 -2.837414
15.908780 0.010491 14.131753
18.404487 -0.011548 13.862947
6.868059 -0.015728 16.039246
3.641597 -0.006763 0.341030
18.553378 -0.025178 -0.257733
0.564978 -0.017128 1.687274
18.188279 -0.000888 -1.498777
8.402298 0.021015 10.503684
13.400938 -0.011590 11.145620
7.071176 0.001549 2.597361
6.245514 0.019073 11.881891
2.295414 -0.014219 2.939217
11.926962 -0.009451 13.160123
14.334972 0.015224 3.479856
2.558790 0.029156 6.168529
15.761819 -0.012255 15.470043
4.517911 -0.006283 13.015665
7.114129 -0.008888 0.102651
2.361031 0.028900 4.937413
15.780333 0.001377 3.024841
3.276365 -0.020863 6.162971
4.931257 0.004734 1.949229
2.008351 0.030382 -2.148013
18.708612 -0.033863 16.610963
13.331467 -0.008630 16.945904
13.631196 -0.005509 4.257151
19.228711 -0.028840 7.826222
8.623568 0.012474 10.114940
10.328254 0.002780 1.641567
3.592830 -0.026122 14.207576
9.961075 -0.024656 2.149932
13.752077 -0.002317 3.790855
3.895186 0.013820 -0.194611
0.817992 0.010068 0.225084
5.152891 -0.026449 9.443182
1.638089 -0.021454 17.476315
16.103803 -0.003550 -1.464760
17.579061 -0.009329 -0.057685
5.505246 -0.006440 6.168754
4.850128 0.003979 8.965774
13.265961 -0.007851 4.228141
15.721674 -0.012509 -0.797482
13.912607 -0.037320 15.387572
12.111043 -0.015093 9.959635
6.998813 0.005844 15.784065
13.311381 -0.019053 9.993515
13.131298 0.002570 6.080203
4.232638 -0.015311 7.046343
0.558674 -0.020028 9.335059
13.058323 0.010567 -1.280453
6.472951 -0.022811 2.769057
0.551425 -0.033656 15.295906
0.360493 0.011907 17.951580
2.875633 0.000423 8.413418
1.682867 0.004879 10.631839
14.167791 0.006359 13.216184
18.568619 0.032711 16.551540
2.718588 0.001130 -2.793748
13.599946 -0.029958 11.705105
10.492698 0.005922 8.568928
14.045276 0.016637 0.382255
3.662840 0.013314 16.364942
2.557813 -0.007450 11.225881
16.614087 0.035839 4.902881
16.065630 0.007274 -2.401091
18.599560 -0.000568 8.304220
4.304276 0.007024 14.841303
10.649770 0.040273 15.010565
7.640689 0.019570 17.459059
17.112331 0.024781 1.029832
10.551157 -0.027184 14.152247
3.358604 0.013257 13.463043
5.983540 0.016885 13.309863
11.937108 0.026950 4.921834
11.064723 -0.035191 8.543511
15.115408 -0.014400 12.429860
19.981962 -0.015142 -1.520744
8.492652 0.000151 9.767718
9.730487 0.010353 11.237524
11.118041 0.014280 7.430543
13.893963 -0.025646 15.733360
5.185195 -0.039059 14.542802
11.832486 -0.040205 15.955880
4.910267 -0.020237 13.935461
8.540123 -0.018756 11.276354
10.142081 -0.008815 17.222060
9.222997 0.017087 3.777892
11.291737 -0.008310 17.468325
19.972781 4.971903 11.484805
19.977906 4.065314 7.323016
19.964831 0.206839 7.857688
20.008919 2.225607 5.657332
19.991772 7.462236 12.401840
19.996541 1.376620 15.835401
19.987266 13.354044 8.097157
20.000221 1.721370 16.851445
20.000885 1.674690 2.265826
19.985879 4.782007 11.553713
20.001252 9.229083 16.599003
19.997261 10.964456 17.181751
19.996379 2.851790 -1.227023
20.006243 2.888559 9.285871
20.020308 3.679058 -0.779521
20.011538 13.322926 3.348342
20.023987 7.160950 10.476748
20.014154 12.040410 17.642988
20.042957 12.935252 15.451693
20.028675 9.838689 5.287589
19.995652 6.887214 3.876383
19.995056 13.984238 9.501374
20.025052 2.246498 -2.526623
20.016528 2.795148 11.507036
19.982266 7.401976 -1.153967
19.988247 3.730401 -2.200187
19.971610 12.108947 2.286238
20.022321 4.694585 2.367573
20.009467 13.231831 12.803157
19.998183 11.476905 11.744559
20.028264 10.897577 -1.644388
19.986478 8.427969 5.293992
20.038999 14.122228 10.858172
19.997558 13.319815 0.299317
19.988883 3.611318 9.231157
20.019478 0.154580 6.551095
19.974266 12.992570 8.644309
20.025768 0.373100 16.859681
20.008731 9.546088 9.337408
19.963317 12.395252 16.758397
20.011882 0.205973 -1.534050
20.001471 3.564450 14.963859
19.987884 12.078081 3.059566
20.040630 10.814025 4.082223
20.011956 4.216808 0.309522
19.997722 4.660285 4.782723
19.988280 14.171032 8.263670
19.959748 2.111482 10.908436
20.014909 7.178833 6.309325
20.068544 6.080610 17.190831
20.003306 7.584456 9.839269
20.019999 6.362837 2.689404
20.012726 3.065099 10.612822
20.032128 11.943403 12.462288
19.974249 8.853212 -2.256194
19.982622 8.253542 12.609610
19.963564 14.110302 -1.804169
19.999031 10.033652 7.657874
20.006304 6.852742 -2.948698
20.011841 12.363185 0.322993
19.992880 13.668829 9.704893
19.973874 2.802634 5.184387
19.987063 5.929511 2.029604
19.987752 11.066745 1.400670
20.013815 10.344792 15.724914
19.990141 2.578047 9.075426
19.987418 6.988300 14.113387
19.995876 6.686732 9.754629
20.019364 4.314235 -0.717627
19.991782 3.979971 10.045287
20.050397 9.961903 3.352037
20.006677 12.445933 11.186463
20.029442 13.189970 7.855569
19.987437 0.404150 17.174000
20.040007 4.526140 7.296887
20.003640 11.046711 14.815556
20.025347 8.539622 -1.201415
20.002311 13.228785 -0.183419
19.973890 13.967849 0.093592
19.976888 1.902157 15.596083
19.976374 1.505443 0.694494
20.027331 8.882142 16.769636
19.998692 6.861495 13.029954
20.007992 4.149562 4.473265
20.000379 3.863883 12.812225
20.032863 9.447286 7.095254
20.028022 3.745148 5.618040
19.998651 1.412346 15.380591
20.004168 13.485972 -0.149082
19.965746 10.173847 0.272641
19.999094 12.875004 1.717953
20.001512 2.580674 10.962184
19.992569 1.878759 4.363165
19.979871 11.052581 13.361593
19.997607 6.654540 0.736468
19.975908 13.805530 11.567190
19.993317 12.452191 17.584619
19.965907 4.676959 17.120760
19.987653 12.970459 13.573765
20.016121 1.403698 5.967379
20.012192 0.223916 -1.938389
20.019429 5.240842 10.902420
19.961263 14.413755 -2.937893
19.979213 9.627415 13.319669
19.993469 9.265136 3.310042
20.007813 7.262538 15.302190
20.008019 0.551785 3.346901
20.002552 7.393984 9.656260
20.011211 10.231836 -2.696425
19.986284 9.020367 15.545055
19.981768 8.165772 14.019549
19.990316 6.881665 8.871000
19.995872 12.121724 -0.953222
19.997848 6.364582 11.300306
20.034360 11.075888 14.002116
20.014321 7.724791 15.250323
20.004926 13.436922 10.231738
19.988017 1.788380 1.948722
19.976883 10.843726 17.151371
19.969918 1.914455 8.514048
20.003942 14.107877 -1.187914
20.014039 12.757956 17.085583
19.955811 5.481029 16.367948
20.009234 11.699777 2.204005
20.007856 1.222948 -2.537326
19.983749 9.805954 1.115637
19.991331 13.721217 8.646935
19.988016 0.275231 -2.537813
19.989149 5.775681 17.457312
20.011387 3.446224 0.488891
20.020157 7.238572 16.720216
20.033285 11.778791 12.868960
20.008245 5.604640 17.677969
19.996629 5.270592 -1.529529
19.967414 7.035787 -1.044407
20.012208 3.884880 16.888105
19.977905 12.271986 -2.399671
20.023481 2.079636 1.407718
19.990685 10.907907 1.373094
19.968191 2.532223 8.048936
19.980408 7.558293 14.665702
19.975817 12.801023 11.914596
19.976757 7.389455 2.819755
19.979445 2.829285 7.667322
20.006044 0.343695 13.607485
20.028699 8.486376 -0.349894
19.990027 8.137458 1.174288
20.003601 13.663970 2.985418
20.009449 13.537741 7.896356
19.990077 9.968837 17.483003
19.985772 0.932589 17.511300
19.986548 7.886924 14.575743
19.996650 2.446231 1.747223
20.004599 1.530660 17.883897
19.979505 12.835417 11.957867
20.012968 2.608953 17.801623
20.012404 12.071153 17.436703
19.957287 3.253377 4.356051
20.015399 2.501381 -2.305691
20.033911 7.062317 10.198982
19.971996 2.750536 16.866841
20.026050 11.372192 -2.154398
20.035721 14.450746 8.900733
19.986774 8.453088 0.459495
20.011771 3.737815 5.462958
20.014640 12.459538 11.691430
20.029964 4.706607 -1.564490
19.992878 6.180970 17.375615
19.974006 5.076161 -0.615439
20.023936 13.678119 4.847663
20.012022 1.575069 6.111403
19.999459 0.924097 1.019398
20.028041 4.977601 0.647793
20.023671 9.802552 -0.697076
19.994787 0.766999 12.420302
20.027255 7.932935 -0.657932
20.011320 14.043479 12.365476
20.013368 8.725981 4.076839
19.990632 6.433433 16.850020
20.026414 10.424104 11.210332
20.000982 12.215044 3.638166
19.997952 9.727043 10.368371
19.979812 6.265342 -0.311062
20.015795 1.972737 2.075852
19.993644 6.120016 1.195864
20.000076 7.648626 10.399208
20.006378 9.300984 -1.680227
20.000627 7.153743 7.580103
19.999537 13.517680 9.744523
20.024060 14.490320 14.158517
20.029607 7.106412 -1.324042
19.982968 2.368596 17.274140
20.001451 2.072538 9.634408
20.003682 8.556440 2.144383
19.964340 0.304810 -1.276268
19.981133 2.685922 10.499462
19.991688 11.684085 10.669405
19.988198 1.284317 -0.252228
19.991767 2.197785 3.550342
20.009729 14.852447 -0.977029
19.993695 9.930182 15.194956
19.974142 11.812130 2.082825
19.988975 8.501539 6.578629
20.010224 8.831460 10.485472
20.013580 6.903853 1.081588
20.033717 2.727854 11.490905
20.002468 14.251927 8.070459
19.992926 13.375098 11.445518
19.986899 2.797406 12.462390
19.955672 11.117319 1.999366
20.027690 3.861165 -2.829606
20.015937 11.706290 0.463728
20.025502 11.150938 9.020839
19.984407 9.690602 8.306853
19.992166 11.107710 14.429526
19.971997 12.081256 -0.133619
19.993030 8.114166 -1.374142
19.977638 1.644483 9.757650
20.034435 8.058205 9.924779
20.015732 11.026845 13.618236
19.991580 5.297068 3.453939
20.008464 14.022875 -2.518272
20.009624 7.168762 16.150856
20.035975 4.415517 4.209787
20.024549 13.734329 7.938043
19.993130 7.239017 0.669978
20.022240 0.967602 1.438577
19.994519 4.388039 17.886427
20.008789 2.801562 -0.272771
20.015057 13.199023 14.409345
19.984678 4.588107 11.613342
19.972125 7.146169 13.389711
19.991491 5.981520 0.274607
20.020076 6.957054 9.088939
20.006412 7.683584 -2.685914
19.983711 5.412675 10.494505
19.981407 2.590256 1.430541
19.967300 11.384358 -2.408375
19.980450 5.915992 17.908852
20.012728 12.081748 -1.513624
20.030368 6.758460 3.120695
20.027187 14.929397 5.049456
19.958010 14.686852 6.743128
20.003798 13.754762 4.623186
19.943366 7.960803 13.032505
20.002051 1.935921 2.366879
19.982945 8.130686 0.611554
20.020311 5.984041 8.489831
20.034509 1.053682 6.624207
20.008365 7.287100 3.486230
20.011255 11.142456 1.566024
20.006568 9.686413 11.125190
19.979534 12.090463 16.931526
20.019413 13.899040 -1.305726
19.977210 11.491669 1.371787
20.039495 9.022078 15.619768
20.008397 9.685957 1.654795
19.999566 8.893229 4.409201
20.009834 3.631127 9.229604
19.997834 2.030008 -2.871655
20.025598 9.390787 -2.375395
20.036875 14.880542 1.112006
20.045337 4.116863 14.239775
19.992277 12.203658 -2.095387
19.998228 7.310480 11.149280
19.990706 9.145026 5.394216
20.010113 7.246937 0.917881
20.026557 4.591711 1.773632
19.996824 13.682636 4.249474
19.971460 5.063791 9.340076
19.974005 1.857818 13.512010
19.998174 5.270749 8.406560
19.979030 9.869964 3.922850
20.025447 7.301642 3.594845
20.027651 3.622273 13.165723
19.978394 14.397965 -2.336665
19.999966 8.606202 1.100233
20.023132 14.151449 9.351009
20.021618 9.824218 10.059723
19.994499 0.621404 11.101090
20.000296 10.750964 0.489572
19.971038 6.207714 17.935522
19.989482 8.933436 16.036761
20.041992 9.267751 10.787477
19.990551 13.208927 2.851912
19.980211 0.479182 13.646258
20.016927 8.922593 8.154121
20.003060 1.001122 12.955502
19.976804 2.377498 4.531091
19.992782 6.807286 8.417645
20.032083 11.499985 -1.402575
19.988582 1.937288 8.422754
19.993383 0.426451 -2.179320
19.988938 7.052476 2.122625
20.014177 1.892643 14.934112
20.001554 7.342060 14.123003
20.027666 1.058539 5.739504
20.016579 12.757120 5.680050
20.016180 3.356772 0.533746
20.018950 6.173018 14.440522
20.004280 3.954268 1.146454
19.982116 9.819376 -1.491417
20.006119 2.034871 10.685022
20.019046 4.652153 16.039981
20.016795 4.402279 15.688599
19.998257 14.883991 16.335218
19.999263 12.557147 0.479292
20.016705 3.966640 16.927609
20.016222 9.876758 -1.197654
19.989064 12.723097 13.472845
20.008791 10.878045 10.838971
19.989011 11.213988 4.678073
20.005946 14.770866 12.736213
20.011296 11.835809 3.621268
19.980226 0.609799 -3.029331
19.996567 6.527374 3.024776
19.982561 9.272797 14.564635
20.004792 14.895366 3.346572
19.983973 7.604392 3.938944
19.993605 13.782607 6.382846
19.990862 2.968428 7.388403
20.021814 6.069706 -0.938581
19.993361 3.359399 14.783683
20.013037 10.865056 0.892919
19.987039 11.441325 3.589961
20.004580 3.730269 5.595075
20.002809 9.562812 0.342168
19.991420 10.848033 13.843792
20.007708 14.739593 7.732136
19.990399 0.785788 10.089238
19.978814 9.531768 4.914515
19.990141 10.762572 13.949853
20.027996 5.888219 6.503642
19.978841 3.415681 17.455302
19.992179 0.102725 15.809413
20.003674 12.258779 8.396983
20.005916 1.486761 14.080769
19.958200 3.450006 -2.082771
20.009913 10.605005 14.084318
19.989624 10.880822 -1.429602
19.983116 1.095318 3.927171
19.994983 12.221360 5.092296
19.990324 9.273202 -2.207259
19.985894 0.798144 5.621560
20.004203 12.791652 6.787250
20.034968 9.737150 13.028534
20.024961 10.428998 1.533810
20.016169 14.592490 0.423756
19.985819 4.572583 13.322118
19.955792 11.933289 -1.540455
19.994992 14.191564 9.999335
20.004911 3.701693 6.428009
19.993349 9.971474 9.494730
19.982406 7.392828 14.856777
20.006549 10.245933 12.830442
20.034673 9.343493 2.124596
20.011219 7.211386 12.987479
20.020232 7.685100 2.091730
20.039738 2.363565 -2.886029
19.990587 13.741902 3.123320
20.037886 5.428894 -1.764952
20.024266 7.582261 16.222495
19.990223 8.672540 -1.150641
19.973494 5.184309 -2.876805
20.009530 1.439410 11.462531
20.007726 1.878192 11.601120
19.997863 6.458996 14.802605
19.997771 10.819505 14.909912
20.013324 2.355424 12.243935
19.974090 14.390080 3.686854
19.996061 9.546906 10.169047
20.028574 12.887578 11.221022
20.011248 11.189628 8.606800
19.992803 5.290673 4.093526
20.004812 9.798541 -0.870215
20.037877 14.886674 -1.253305
20.004998 0.324056 16.927631
19.996270 14.712331 9.482347
19.973381 14.105076 5.630201
20.013350 5.068886 4.307766
20.017960 7.366754 1.823501
20.019922 6.340563 5.402986
19.982841 6.555395 14.704520
20.000525 3.041751 11.293848
19.988259 10.580816 -1.944080
19.999296 3.618550 12.007949
20.034925 2.101754 9.065169
19.967403 0.038962 8.222379
20.014403 0.531985 4.069179
19.963999 11.397949 17.948187
20.000446 8.729991 3.125145
20.006843 0.568780 16.258043
20.031213 14.320483 -1.335406
20.048580 5.051298 0.754913
19.956974 13.642519 8.333195
20.012420 8.825871 0.316246
19.976430 10.988472 15.605476
20.007263 13.938504 8.850816
19.987458 13.612191 10.694103
20.015480 7.240273 10.570700
19.987356 0.857588 9.493740
20.018338 14.692619 9.383019
20.001318 5.651010 16.856201
19.978323 5.181910 8.957076
20.015425 10.019355 7.957316
19.991439 11.336689 -0.668443
19.986034 8.933506 7.894298
19.988846 11.458300 9.102526
20.018641 0.759223 4.459101
20.005746 12.660751 9.212441
19.998249 8.030129 13.748880
19.994612 4.726035 12.628193
20.033822 3.176070 15.429043
20.029878 8.903977 10.348570
20.012640 10.965920 -1.140119
20.029555 11.441150 9.640471
20.015737 7.165265 0.895799
19.984769 2.169650 6.468543
20.000028 7.053414 15.861616
19.999745 7.209201 -1.301527
19.963949 0.198853 13.054261
19.992057 8.027212 4.395509
20.010787 8.838637 12.728802
19.994610 10.215243 0.919341
19.973993 0.770031 -0.892571
19.987895 3.302944 13.479188
19.994673 8.777242 10.363811
19.995842 11.849603 16.797061
20.006511 2.519638 4.865610
19.993129 5.809979 6.695269
20.028211 7.915398 10.942760
19.981084 7.757135 0.351179
20.038005 9.249068 -2.917791
19.998637 7.155772 13.921572
20.051170 7.736795 7.063537
20.045163 3.502910 16.966496
19.978227 0.454826 -0.720320
19.997994 12.378489 0.945639
20.007908 6.345888 -1.879694
19.982845 4.560283 16.800162
20.021633 13.646275 14.312022
19.969905 5.439890 17.466572
19.996198 9.607458 16.730483
19.974785 0.868068 1.458876
19.989761 6.373772 15.589503
20.018927 1.708930 12.733248
19.999525 14.960851 3.365066
19.995270 11.703600 7.408650
20.004029 4.640509 8.447324
20.013338 13.852852 2.617823
19.989126 14.330813 3.388153
19.981232 5.320494 13.600573
20.019574 8.703985 4.341821
19.955696 6.341874 5.077618
19.971857 12.318826 16.772355
20.009268 0.405988 15.051985
19.986860 0.545450 0.290974
19.985143 14.512991 -0.211122
19.983717 8.368135 2.606821
20.017611 5.509518 11.439463
20.004221 7.323324 4.295167
19.984124 11.964260 6.475780
19.961051 2.762296 -2.826417
20.007567 6.909560 6.265443
20.009021 12.169240 2.815196
20.026432 6.402585 4.299127
20.019026 11.840683 -1.795981
20.002204 9.727605 7.418063
20.017324 5.117028 9.946516
20.025678 14.103775 5.513292
20.031677 8.646968 -1.219569
20.002784 9.318564 5.236267
19.986140 1.910809 3.230560
20.007703 5.966828 5.269997
19.976483 5.342794 13.119369
19.977046 1.572414 17.093456
19.987372 4.006038 9.854880
19.969404 8.716689 5.322435
20.054919 12.774874 7.378127
20.027829 14.497332 15.121681
19.998706 13.429940 14.908205
19.990124 5.364169 14.813533
19.971227 12.303453 16.545831
19.989358 12.679564 15.622295
19.989621 14.550862 5.119035
20.008170 13.263332 9.212188
20.018336 1.640583 6.618429
19.959823 13.166596 8.389239
20.001451 0.123108 8.588643
19.980755 7.639411 14.505899
20.017870 10.663192 14.372704
19.974482 8.624204 6.124771
19.998021 6.330194 7.615698
19.990317 12.464617 8.481348
20.019078 7.507343 11.469905
19.991171 12.068153 7.912806
19.978521 1.045766 13.445769
19.990659 2.431228 4.162562
20.012642 9.131831 9.950742
20.008123 8.607779 16.849987
20.028559 2.678648 4.874088
20.003132 13.255328 -0.120229
20.007508 1.883601 12.651485
20.010926 2.499024 12.691524
19.997527 11.399718 7.804828
19.982606 5.169306 1.087849
19.996503 6.009248 4.332880
20.020383 14.966908 14.366818
20.025755 6.623549 12.565441
20.018303 1.527511 3.948931
19.992247 13.857723 1.649001
19.986540 8.619585 1.191410
19.966446 3.615276 4.899331
19.981352 1.255345 2.464083
19.979343 6.486528 7.318831
19.976909 13.905457 0.158084
20.026792 7.541416 7.083926
20.013167 7.039834 8.893212
19.995031 6.721337 -2.463913
20.003155 4.068782 5.421564
20.019713 6.591993 14.468709
20.024247 2.271654 3.132677
20.034436 13.033343 15.782727
19.977224 3.851915 -1.565622
20.000093 4.893125 11.246747
19.997131 9.587479 6.845139
20.000286 6.850307 12.642463
20.057147 12.738702 7.977304
19.966768 0.386556 0.902485
20.009982 4.351641 14.616243
19.988217 6.459065 15.741740
19.964835 7.151768 12.303720
19.997964 14.855057 5.094867
20.011781 4.386642 1.175441
19.982506 12.805029 -1.115528
20.001875 2.368168 13.014957
19.993140 10.609161 2.129330
20.019398 11.757396 10.001391
19.994398 3.176803 14.164297
19.988696 1.680322 7.182384
20.011504 8.323326 10.373357
20.016954 10.145838 2.879876
20.013569 13.669926 5.714858
20.001581 9.230771 6.034892
19.966345 5.775526 8.893863
20.003852 13.694962 8.938697
19.978044 6.977941 6.148620
20.001950 2.615923 -2.334218
20.013082 14.391160 7.924085
19.981528 6.857239 6.171320
20.058662 5.295018 10.939428
20.023489 12.728650 0.761670
20.024403 14.421825 17.905045
20.019204 4.385299 16.569460
19.983543 3.735261 12.706429
20.009326 9.194947 4.181543
19.967386 8.976765 8.793243
20.022223 11.944867 7.953736
20.011668 14.130184 12.693028
20.018712 0.198706 6.163559
20.018444 4.434242 7.326856
19.992991 1.635508 12.823708
19.987640 4.863462 5.896733
20.000733 3.698711 13.008464
20.010636 10.698667 11.360418
19.987880 12.329906 9.496342
20.012894 10.271991 4.846925
19.985802 9.732354 12.780164
19.977959 11.823857 10.971153
19.980381 7.037185 13.956187
20.023806 2.152389 5.175390
20.020734 6.356334 2.601330
19.999869 4.802021 -2.453930
20.021333 1.110150 8.380426
20.009653 11.034015 12.946524
19.997042 8.418901 10.572233
20.011868 8.815901 11.426783
20.000989 6.427688 3.563645
19.983621 9.427796 17.286781
19.997486 9.253897 -2.537208
19.998560 4.168179 -1.059617
20.001036 1.938314 12.939130
20.024541 6.746234 2.578144
20.006264 10.640072 0.541249
19.981285 9.150665 4.401174
20.004804 10.020936 -2.738398
19.993531 7.732682 9.158257
20.042180 5.473733 6.274491
20.024942 1.980468 1.390040
20.007993 12.815151 13.479373
19.969576 1.718814 12.326556
20.000101 4.200048 11.262328
19.985941 1.370511 16.565043
20.015028 8.842772 3.246723
19.979855 14.790076 3.226962
20.008620 3.510062 12.925169
19.974164 7.849060 1.330220
20.021818 13.919428 17.034347
20.005268 9.231340 2.126103
20.047372 1.362181 0.466697
20.013303 13.728944 5.984502
19.988662 5.465302 -2.394550
19.984517 14.409120 10.817981
20.018234 2.224881 12.998854
19.993173 13.629564 4.582844
20.030988 14.098859 3.856498
20.007918 10.783249 11.300316
20.018833 10.675847 7.600594
19.962905 13.945577 6.872203
19.982785 6.126362 6.346050
20.018311 12.836460 15.165375
19.967112 9.983782 -2.596346
19.980893 4.979896 8.591655
19.980260 0.271981 7.270755
20.015502 11.333706 2.815067
20.008081 7.236447 2.679667
19.979907 12.066036 6.591023
20.001434 6.667483 -2.594969
19.975633 1.540760 6.439297
20.032229 8.426612 15.637402
20.034183 9.462580 13.077679
20.007985 6.902273 2.704277
20.010762 2.479818 -1.864952
19.980500 1.573421 5.323087
20.006783 4.143274 3.518008
14.423197 15.011580 -2.659626
4.557214 15.014391 -0.186610
7.658370 15.022217 10.228736
10.369168 15.003781 6.223027
6.967617 15.003466 1.249288
13.785985 15.037974 1.698755
17.914945 14.969510 -1.629998
12.695159 14.981702 -0.094681
7.944206 15.016154 13.593841
16.928984 15.002672 17.396845
9.972547 14.998727 -0.074039
4.418169 14.988035 4.475028
1.385129 15.022536 2.979303
13.220282 15.010370 13.578666
9.174754 15.008134 15.537016
13.089883 14.997264 0.202376
7.927612 14.969648 3.242282
18.603503 14.959807 13.705302
18.882048 15.017995 14.393960
8.513250 15.010864 11.571681
13.063106 15.021063 7.573448
11.568435 15.032488 -1.274707
10.263671 15.013717 14.357091
11.245075 14.993089 3.514951
17.046122 15.028630 12.669484
1.419980 14.994860 11.009655
16.391793 14.996189 17.089134
12.959966 15.015872 2.259718
11.139033 14.981920 5.193588
6.052589 15.018546 8.726088
17.882814 15.001918 2.392700
15.071883 14.992485 17.964280
3.089473 15.007832 3.941796
6.880946 15.006589 11.469358
19.480846 14.982128 -2.981893
5.389357 14.970130 7.704721
12.787530 15.014447 -2.712650
4.221948 15.009110 14.047453
17.914400 14.997274 5.857261
12.365875 14.995999 8.184655
10.442663 15.020351 8.258671
1.971384 15.006960 -0.185991
0.994572 15.028711 -1.166876
11.425198 14.997369 9.962065
9.374781 15.010330 5.030643
11.681589 15.002906 3.634879
14.952269 14.984119 16.767924
12.951813 15.009019 -0.751573
3.269345 14.997091 2.622755
2.704183 14.993619 6.721848
3.575301 15.027474 -2.055947
19.959556 14.995573 7.756841
12.915271 14.991433 13.042534
6.369792 14.991757 12.451438
0.403393 14.944998 8.309284
19.364479 14.969526 17.319700
19.283844 15.009704 -2.084984
16.775936 15.001387 15.759039
1.229425 15.016054 4.657478
11.763989 14.999084 8.656459
13.083444 14.957132 0.066178
11.269522 14.993608 3.803867
17.727419 15.012483 7.478470
3.124014 15.028916 1.945462
10.326407 15.006230 3.642829
10.239859 14.986883 0.352873
3.932472 15.021206 -1.257227
16.394703 15.018486 7.608437
14.663833 15.016991 17.009237
14.034453 14.997626 9.617778
14.596953 14.975076 -1.540122
13.124401 14.976389 9.842242
4.779700 14.997444 1.077877
3.130488 15.015090 9.761613
18.056194 14.991314 -0.178043
19.216171 15.026129 4.749143
15.727395 14.968520 9.136905
2.163750 14.989345 -0.871430
15.279404 14.998244 11.539563
3.684392 15.019625 3.165832
18.115644 14.980892 4.387443
16.288499 15.000056 12.147358
11.616708 14.997634 3.600019
7.486955 15.018728 -2.647307
10.604848 14.972838 -1.264478
15.831385 15.018734 15.739457
17.112538 14.982618 10.736449
13.758558 14.975489 9.479347
6.434007 15.006963 14.508664
18.828234 15.000048 17.594970
0.115972 15.012736 7.278664
16.204023 14.979074 13.539847
6.827974 14.988253 0.153952
6.549588 14.989843 4.863024
7.836869 15.021768 6.141278
11.481763 15.016059 4.424312
12.836417 14.989288 4.790800
19.090926 15.038545 5.359925
11.849987 14.999593 10.440714
14.194338 14.991253 -3.001862
11.614854 14.993908 4.133617
6.553165 15.024580 11.282705
13.027792 14.991246 9.380052
9.415937 14.998724 6.344245
0.991866 15.016348 0.373951
17.188445 15.011071 6.075520
3.007357 14.997772 11.532590
14.552174 14.987585 8.988939
10.543874 15.034325 1.976989
16.365106 15.011432 6.487596
15.761394 14.996499 5.618080
17.599860 15.005350 -1.248197
12.739194 14.979770 -0.536847
17.179104 15.018219 1.076635
10.202273 15.012238 16.261594
2.747652 15.029344 11.953861
2.608830 14.983480 1.758846
1.795405 14.997023 16.624550
10.598953 14.990444 12.168659
19.153850 15.003041 11.413290
9.847033 15.026831 17.527486
11.044849 15.018877 6.316409
0.237972 15.001358 8.014787
10.636227 14.984744 11.257789
5.437612 15.001620 16.570834
0.367340 15.011218 15.353698
6.249129 14.973480 11.201510
2.758179 14.977890 15.285766
0.647082 15.014625 4.236199
3.100607 14.999839 8.147970
5.368872 15.009157 13.030600
12.548931 15.008796 -2.444097
7.042237 14.997814 13.109760
0.115210 14.989703 9.349512
13.321107 15.002644 11.605542
15.138015 14.994227 15.353341
4.599123 14.980218 6.458368
18.670378 15.012939 2.568025
5.922447 15.009530 17.221421
7.698815 14.975317 16.342624
8.027793 14.993991 4.749041
12.285397 14.988951 -2.161902
18.993968 14.990629 4.816152
7.786554 15.038782 -0.645758
14.511908 15.000712 -2.767141
10.024504 15.018916 6.924953
6.890076 15.007654 2.662135
15.591270 15.011382 6.981725
17.308419 15.007729 8.069060
14.429298 14.996037 9.585989
7.305282 15.017909 0.688566
5.412931 14.959386 10.282602
18.779245 15.036834 13.492241
14.394381 14.992335 8.500675
1.210554 15.019318 16.951078
16.825168 14.962023 7.543797
1.807836 14.975901 17.861003
19.856623 14.995538 8.236601
8.964523 15.014837 14.040311
2.924711 14.991037 16.521074
1.139038 15.001199 0.550623
11.103437 14.994626 13.326640
0.684744 15.009821 14.314016
0.502985 15.019502 0.860261
15.366318 15.006761 6.570567
18.988401 15.026676 13.033770
5.919697 15.036731 -0.789987
11.616785 14.992256 2.773343
6.595436 14.980441 0.503909
19.472605 15.013448 2.788751
17.723955 14.969430 7.659777
8.705475 15.013748 0.574157
14.376446 14.987193 1.732949
11.585469 14.990823 1.233959
10.941138 15.016611 16.010438
7.343795 15.002306 5.119162
10.276399 15.011605 6.392801
3.976186 15.038043 -0.540458
18.383677 15.012961 9.109697
18.193112 14.982857 0.952358
9.080155 15.004380 8.682644
3.121601 14.972174 8.404597
3.277314 15.023374 7.993156
14.889410 15.016566 6.199254
4.652102 14.988030 0.174863
13.034627 14.979902 4.373461
8.729571 14.995701 4.847873
18.255542 14.953964 12.367139
12.987099 15.011573 17.745129
1.538312 14.996109 12.016208
7.345678 15.010079 6.467268
13.351428 15.011247 3.056614
12.657170 15.011804 0.690954
19.095289 15.047607 0.027981
15.267809 15.020764 0.206731
6.493720 15.010349 8.925454
16.490442 14.998621 7.709115
18.072557 14.991809 14.531021
8.902638 14.993971 5.946994
10.240250 15.006479 4.007149
19.089234 15.011630 -2.725310
0.743774 14.986034 1.918563
4.667931 14.975957 15.950510
7.091773 15.010292 0.355441
10.019673 15.000140 0.135747
7.413375 14.974060 7.261097
11.241239 14.976991 6.662188
15.253792 14.985782 1.411277
5.916384 14.960117 1.903182
0.480782 14.952470 15.339432
10.539556 15.006811 17.152042
0.877681 14.995760 2.362257
12.786295 14.999067 0.289757
14.322616 15.017996 -2.235913
1.686080 14.972541 17.378063
7.427757 15.049401 5.255462
10.856698 14.997493 13.213859
19.246449 14.966490 7.553077
9.011397 15.025600 6.289364
12.878229 14.953432 17.863912
4.264616 15.006931 2.627965
12.884328 14.993529 13.736824
1.341478 15.014452 13.135983
2.185267 15.013546 6.467663
6.198844 15.051484 13.035406
9.132734 14.983929 13.503916
6.938404 14.986330 0.817715
7.471639 15.009836 -1.781301
2.073171 15.016551 5.193374
15.354362 15.003399 3.978631
15.869323 15.003599 6.895418
6.498229 14.966274 0.953503
0.126410 15.009617 2.832284
16.591560 14.983778 12.136469
3.118550 14.977702 6.054414
2.025537 15.023145 14.661382
7.479053 14.984190 14.085147
6.920060 14.970695 -2.689596
5.968581 14.987330 7.970048
5.821390 14.980681 -1.107710
18.698491 14.987308 15.663086
0.777938 15.024074 0.104423
8.946252 14.972010 -2.670049
13.832674 14.986541 1.272929
11.390776 14.977704 7.861210
12.843697 14.970174 5.335378
11.548312 15.012896 3.530026
3.579986 15.006520 12.191468
9.505511 15.007667 7.866586
17.324231 15.026374 -1.421099
10.817225 15.022492 12.419182
17.098156 15.007769 4.527093
19.204429 14.994617 13.277881
12.836478 14.997538 15.145292
0.743298 15.006409 4.339411
15.811589 15.003400 12.487394
9.715291 15.005528 4.414356
15.874373 14.988132 3.014590
16.024770 15.014157 10.249898
16.603419 15.002890 4.395561
3.839718 14.989266 1.597329
7.124359 15.015995 9.201176
11.882513 15.009508 0.003016
19.321000 14.961094 -2.875419
16.153077 14.983140 1.325696
17.040972 15.014136 6.829278
0.248300 15.015272 6.016862
9.730577 14.977041 11.233521
19.301660 15.023974 17.248220
2.327025 14.982770 1.555650
7.266268 15.023000 -2.605049
1.855372 15.003642 2.535895
17.258273 14.968163 5.134324
15.052555 15.009143 8.941168
2.016528 14.997014 14.863140
11.675555 14.995711 4.944106
7.693121 14.995111 5.462870
18.326829 14.983762 1.263625
0.878994 14.932988 13.688626
2.016090 15.017218 17.470317
7.819604 14.984443 4.598230
7.235900 15.006472 5.384772
10.970440 14.982844 -1.497993
12.530399 15.011419 6.662000
13.933953 15.011355 4.647091
15.166991 15.016389 13.606008
13.593441 15.004152 2.227579
11.640629 14.992803 15.436061
3.437073 14.985395 16.660540
18.974181 15.031117 2.742207
9.747297 14.973466 13.332611
14.697609 15.008024 0.568283
8.602621 14.953426 7.922364
7.774984 14.973665 17.659491
10.648524 14.976741 8.446047
17.440213 15.022833 5.382025
12.106087 14.962034 2.767049
16.679987 15.014377 0.678794
4.669821 14.968136 16.927189
6.068564 15.005976 5.908323
5.061768 14.998416 11.645531
14.940875 15.021773 3.439956
3.726831 14.991433 17.005527
15.193744 15.012329 3.360331
3.828937 14.984322 10.332914
15.368684 14.999445 1.924700
14.692660 15.005802 16.385576
8.610514 15.001832 4.594154
12.219116 14.996619 1.203454
4.007154 14.996131 0.947110
13.228694 15.022145 11.037898
3.748748 15.002829 13.009604
1.937160 14.979751 3.165992
7.953120 14.972730 17.405868
8.806506 14.986065 15.560616
3.662422 14.974686 4.136055
8.460997 15.047776 -0.375495
7.963624 14.975315 0.589285
7.405611 14.965005 14.896820
15.061069 14.991161 2.352652
17.444693 15.023734 3.516372
16.327565 15.010301 4.644790
8.198750 14.991926 8.474777
15.341590 15.010400 12.609385
0.017894 14.959316 2.051165
17.109022 15.051688 6.696865
3.990681 15.012130 6.175196
5.486801 15.018175 -0.619778
0.939103 14.970480 8.959379
14.890152 14.994737 0.047318
3.712801 14.996580 -0.809465
9.481549 14.992529 17.311878
13.685013 15.034129 4.053540
9.483674 14.963517 15.785104
8.780705 15.018556 9.088370
17.504901 14.995399 13.446569
6.071803 15.031165 17.508358
16.220358 15.001031 14.556451
10.256896 15.005332 7.939403
9.296534 14.993812 14.010045
18.890683 14.978017 14.427149
12.310008 15.012931 8.230035
7.296182 15.002628 3.997849
18.197887 15.012507 2.092811
16.606830 15.003290 13.124486
0.807750 15.013553 16.703128
7.585308 14.967051 2.540608
3.287302 14.995834 16.549923
10.794843 15.000343 10.525917
17.233501 14.994997 6.370671
8.001317 14.977135 -1.925512
18.580019 15.008887 -1.405344
17.243799 15.031393 11.762688
14.011734 15.008068 2.717822
8.733264 14.976900 15.016930
19.291929 15.036039 6.353155
12.284359 15.012956 5.566283
8.231164 15.000753 7.051656
9.995398 15.000605 7.659802
9.009517 15.009200 17.396090
1.251635 14.999784 -2.236170
0.319988 15.017075 14.604540
3.173883 15.015665 13.296225
7.931915 14.972416 6.562789
13.335870 15.036787 13.600481
8.342997 14.991764 4.932515
5.475663 14.995286 0.855691
12.112998 14.973590 -2.814330
9.749954 15.015650 8.564676
10.053084 15.006245 10.193515
4.566230 15.026416 0.382691
17.766581 14.989890 -1.094311
3.246396 15.012711 17.676867
12.040654 14.983424 -0.348369
8.288030 14.978898 -0.148413
19.540588 15.014042 2.672330
11.241679 15.036152 7.552728
9.089469 15.018632 -2.831550
5.434768 14.975503 -1.279485
10.426216 14.992946 13.999017
8.688277 15.025417 16.468592
6.741764 15.002186 17.512406
8.387445 14.971001 5.488035
4.884527 14.983244 10.204005
4.657457 14.990571 -1.976302
10.494239 15.004444 10.725848
4.326423 15.008711 11.639614
12.459034 15.015768 8.835568
1.967301 15.016401 3.294740
14.557259 14.967473 13.265690
16.942207 14.992257 15.957888
11.109641 15.017755 1.808875
18.450268 14.988871 10.396116
4.051462 15.036095 2.369863
6.511661 14.982187 3.616000
0.933363 14.963878 3.192357
12.721362 15.047665 5.547729
14.637016 15.018131 3.708782
16.684546 14.998590 3.136769
12.537879 15.030527 9.739715
19.405230 14.983286 15.150934
0.782538 15.002316 -1.591869
9.109655 15.002487 3.115314
14.051527 15.001495 4.206791
9.725778 14.966359 9.482738
7.012887 14.980033 -1.036100
5.319753 14.996785 -1.900454
13.121219 15.000240 0.316455
4.483648 15.012283 2.997077
1.095648 15.005929 3.200406
0.058288 15.003683 4.269369
6.721054 14.971714 17.352872
16.119993 14.963368 1.752885
14.108859 14.990096 5.901844
5.347057 14.996368 9.935524
18.445528 14.976380 5.297048
2.995221 14.975818 5.886559
8.366774 15.012806 5.823933
4.000083 15.006412 17.068072
6.875987 14.967711 -0.709657
19.907828 15.009581 4.527084
9.317002 14.994160 12.985745
16.027861 15.005110 17.235213
17.642426 14.994611 2.556703
8.575714 14.987758 8.534836
8.768334 15.051055 -0.902574
13.282124 14.986920 15.140253
13.264243 14.988574 3.685072
18.110296 15.023175 5.261959
0.932054 14.978079 -2.072559
3.157697 15.013976 10.446941
13.923866 14.986635 -1.566506
3.137679 14.996183 6.646971
6.277079 15.016812 11.010439
16.650314 15.013029 14.779378
15.607026 14.979511 11.847439
12.343440 15.008080 1.099486
6.959643 14.988640 6.784377
9.549627 15.007681 1.428365
4.089931 15.001073 6.604839
19.056719 14.990755 -1.111230
17.165225 14.991742 16.128888
7.110945 15.005509 14.480672
5.775699 14.999309 7.800236
15.865412 15.036605 8.557600
2.257818 14.974847 8.150316
5.854335 15.032764 10.972714
16.537948 14.978727 12.617832
5.833472 14.979776 13.829723
15.407642 14.964981 3.140142
16.721991 15.001567 4.618749
1.286706 14.991797 14.635274
18.534408 14.992713 -0.492615
14.395247 15.037684 6.908841
13.209099 15.002438 1.919616
7.390050 14.999578 4.211731
1.551436 14.990130 5.657568
12.006346 14.980455 12.014843
6.170720 14.980124 -0.444800
12.334349 14.955423 4.659375
3.123627 14.983483 8.920786
3.240044 14.995205 14.000690
6.363655 14.994079 10.646292
13.664515 15.012293 8.496578
16.793672 14.969187 2.851988
12.288311 14.980293 17.516820
9.354632 15.013980 12.403777
13.066944 14.951267 -0.766199
14.410111 15.001970 1.615823
14.683421 14.978450 10.406748
6.552603 15.064875 8.580604
3.255939 15.021097 9.115752
9.812572 15.026382 5.070853
5.664606 15.019677 16.889843
15.792107 15.033884 0.632702
17.897426 14.969482 1.200913
14.011278 15.009976 3.891826
16.839457 14.975708 14.263996
17.907476 14.991409 16.486197
8.524693 14.997025 3.868316
16.319586 15.024309 1.455657
7.565957 14.994480 12.003500
7.657687 15.010978 13.608558
19.968990 14.997354 11.348420
1.779016 14.980862 -1.030708
18.038420 14.963268 5.579406
19.082994 14.983660 10.556451
2.205920 14.998187 -2.773976
15.593102 15.024819 -2.861408
9.729456 15.009243 6.463432
8.606884 14.988031 -1.644700
18.214195 15.032041 15.521297
16.787681 14.962511 6.006335
12.546024 15.030086 11.196114
10.869951 14.976532 17.829106
7.346087 14.990782 -0.599401
4.240750 14.990268 14.438668
9.659188 15.028924 -0.057347
16.655063 15.008034 16.822132
6.824409 15.030406 11.955770
9.446388 15.007656 2.157212
9.274357 15.017400 0.512700
4.812073 15.002016 9.130830
1.968118 14.970707 3.163854
12.922892 15.017583 17.630911
6.679451 14.994705 12.915441
4.416049 14.984129 15.318987
15.105134 14.988370 -1.646128
8.485545 15.013581 13.250023
1.238010 15.012375 -1.279381
4.902838 14.987608 6.076265
19.360344 14.974615 4.714085
11.602517 15.021683 14.430749
13.208711 14.990938 17.085353
2.319825 15.013884 6.820637
11.285127 15.021576 2.321463
17.847400 15.014811 10.792712
6.781756 14.997436 8.830264
0.851411 15.016235 13.717801
8.408008 14.983889 2.103379
17.356008 15.000952 8.312542
2.787926 15.028059 7.118773
14.636572 14.992173 1.804134
15.925728 15.013638 8.147936
3.079235 14.990892 15.021603
5.121264 15.015116 11.319237
2.647356 15.017220 13.847756
6.575976 14.979983 8.680493
5.735858 14.981545 16.090954
12.646422 15.036097 5.180826
16.833639 15.018571 9.458983
18.060587 15.002481 9.250937
15.447582 14.995670 0.275824
17.901013 14.982595 14.326964
3.574849 14.981910 16.010839
9.179526 14.972894 7.796068
10.562224 15.034285 6.978933
12.459908 15.018239 8.727397
5.105790 14.971669 15.116096
18.869684 14.958667 -0.257959
17.787220 14.995231 0.105774
1.125338 15.003538 3.555518
17.546142 15.022189 17.930157
15.857201 15.007345 4.689170
17.322318 14.965376 10.181125
17.387880 14.994332 14.659628
5.632468 14.990395 8.758463
4.016924 15.009174 -1.222144
7.852613 15.002563 11.160142
11.861024 14.979298 6.287658
15.273741 14.996732 9.240876
17.606170 15.009512 11.484648
7.417485 14.996360 1.691498
5.873101 15.020111 -1.658949
2.021145 14.962577 16.407140
9.197741 14.977839 12.658437
13.963044 15.001056 11.754737
15.256032 15.011534 8.792616
6.915908 14.972786 7.872899
19.701871 15.005599 13.007457
7.107614 15.005921 -2.259530
1.053373 14.991146 12.537580
1.121617 14.997875 16.625483
8.720978 14.996023 13.737006
10.715157 15.023405 17.327330
14.666591 14.982591 6.923897
13.899614 14.995305 15.376373
13.514775 15.014833 11.521025
7.255415 14.986332 14.765065
16.848823 14.999692 -1.873588
17.774837 15.002699 -3.003330
1.642598 15.008275 13.305060
14.972426 14.990458 8.431104
8.975185 15.048800 -0.916828
17.976536 14.991872 0.849714
14.830488 15.014016 0.237446
10.296951 15.017339 1.527641
12.986774 15.020222 17.892636
16.111293 14.973759 8.293489
10.547544 15.033945 17.530580
16.658276 15.001199 1.137002
16.455362 14.993518 6.870364
9.949831 15.007292 7.957032
13.340870 15.018167 14.226172
7.746755 14.981344 -2.510745
13.576355 15.024278 6.344406
12.731891 15.026626 1.716651
13.706513 15.002936 13.703242
7.532748 15.037415 6.353799
13.719925 15.005270 -2.957648
3.807197 14.997266 -1.203523
9.930376 14.998507 0.546145
11.804030 15.024776 -2.570839
18.736746 14.986339 3.807887
6.520495 15.015222 16.037132
4.104830 14.993900 10.455092
1.934636 15.002883 2.016310
13.872557 15.040504 -0.971153
10.381905 14.971808 2.643385
9.642245 15.003515 13.663920
11.406681 14.969350 0.772849
16.797264 15.030866 12.592017
3.949878 15.030362 14.229820
11.337772 15.025744 11.765783
0.953357 14.999607 8.063234
4.088564 15.003203 2.262699
17.976788 15.046734 10.656431
4.842105 15.032267 8.327843
18.333028 15.017333 -2.749695
13.503400 15.000123 17.554130
9.964788 15.013366 12.919578
17.185026 14.990403 -2.330151
0.986115 14.977550 5.498884
19.320990 14.978983 9.726961
1.060919 15.007962 15.272265
18.498491 15.004341 10.037558
11.909409 14.987795 1.159191
15.003965 15.020505 10.696580
4.195770 15.013375 7.704246
0.943571 14.993443 6.225034
10.837243 15.019609 10.020756
8.855435 15.005756 15.766430
2.020737 14.985427 -1.601194
14.045527 15.012076 5.321331
4.683450 15.003677 8.620307
0.009837 6.221978 14.677101
0.025151 3.190696 -2.556097
-0.024375 13.509071 10.611299
-0.018764 4.355048 -1.024418
-0.015611 9.419939 -0.453174
-0.012598 9.202111 1.018324
0.004079 13.019574 -0.227635
0.036142 12.171753 14.184457
-0.000669 5.502790 -2.484285
-0.012243 14.572295 -2.072581
0.028269 14.915438 12.277612
0.028834 1.286825 1.183485
-0.009171 15.003937 16.718968
0.015974 12.937835 3.895754
0.003355 7.500864 15.883285
0.021067 11.685570 5.202139
0.000136 8.932202 -2.324732
0.023826 5.489228 17.749150
0.017931 10.889597 16.356607
0.010575 13.364290 4.835272
0.015511 12.503450 0.748016
0.001255 13.232504 8.426007
-0.055198 7.357802 13.855158
0.040239 13.507691 4.308542
0.015845 9.080935 7.389312
-0.012609 12.627826 4.592342
0.007698 0.093134 6.807976
-0.011744 2.213338 15.162228
-0.014231 3.156484 -1.892491
0.000628 4.272595 -2.345401
-0.014874 0.809342 11.157215
-0.022043 11.234420 11.779911
0.009372 1.200488 3.625208
-0.006535 8.117166 7.860411
0.028007 13.228873 3.927415
0.016081 6.550888 -2.267175
0.003766 3.584036 16.460289
-0.010406 3.962621 1.746413
-0.005593 8.796156 9.841875
0.024150 8.364575 1.274183
0.012466 4.913517 -2.465982
-0.001545 9.614272 14.854031
0.040365 2.648800 2.262780
0.003692 8.900082 16.023720
0.024783 11.852776 3.904695
0.011264 13.827953 -2.103204
0.001781 12.564958 15.596311
0.023610 6.503480 7.816071
0.021092 13.139193 10.561737
0.026328 9.217173 13.965558
0.026274 8.220728 7.261560
0.002944 13.220802 2.649156
-0.023398 7.543477 14.311723
0.006516 3.764491 9.431058
-0.014251 4.611760 11.536910
0.006439 13.238618 2.818917
-0.056239 9.021119 15.354319
0.034401 11.757571 7.437560
0.035845 14.609347 11.351236
-0.006724 3.727169 8.264295
0.007505 2.574718 -1.545335
-0.009944 10.913522 6.375821
-0.038270 11.380974 13.518701
-0.005092 10.326956 15.417289
0.010603 5.109850 15.960679
0.014315 0.534825 4.614216
0.004666 5.867722 1.851497
0.016087 0.059690 -0.907439
-0.014010 9.256385 17.653835
0.001769 13.638513 10.233449
-0.012521 5.790021 6.772057
-0.014325 10.352609 12.034783
-0.021781 3.563023 0.591973
0.051738 10.156826 9.566938
0.001264 7.574513 11.050883
-0.007666 8.675580 1.840879
-0.020062 3.790627 4.308215
-0.006999 1.769875 -2.688816
0.000222 12.531692 15.400804
-0.018143 0.099295 5.030520
0.001417 5.283756 4.680027
-0.001480 3.207628 5.112846
-0.014183 12.764616 17.980393
-0.005777 10.585805 8.112676
0.018036 0.074685 8.067649
0.016388 8.544965 7.822553
-0.003067 12.986861 -0.408117
-0.012309 10.506859 7.792318
-0.003151 0.720751 0.688936
-0.007148 12.313589 7.488216
-0.008465 5.511281 10.764754
0.014608 5.375572 11.764679
0.022843 9.081193 2.627893
0.033229 5.775796 -2.163364
-0.012057 7.396617 6.336147
0.042349 0.506357 -0.287175
0.042018 3.532909 0.453346
-0.006121 2.317271 16.801254
-0.047878 13.976431 12.201965
0.001437 8.860325 -1.827006
0.005554 6.860981 4.656546
0.000350 7.839709 -1.688736
-0.019124 8.641824 12.433890
-0.005468 0.815019 16.204800
-0.023349 4.734658 17.568420
0.028795 3.563793 0.020101
0.004909 6.864349 12.356914
-0.016467 5.805485 -0.981509
-0.019804 1.424318 15.993116
0.020132 2.222290 -0.354066
-0.026857 12.501812 -2.718531
0.013653 5.375895 1.118450
-0.002056 4.711543 -0.211739
0.022161 14.522322 -0.201413
0.004400 5.919060 13.031410
0.000343 2.600093 10.566856
-0.042478 11.414892 -2.463048
0.006507 10.503967 5.154539
0.018257 2.094092 7.390812
-0.007250 5.650757 5.377470
-0.012784 0.526807 0.444547
-0.013972 1.199013 12.885231
-0.014579 14.515814 4.892707
0.002877 10.811980 -1.975156
0.027674 12.152243 15.950038
0.005206 11.979480 6.357452
-0.030852 4.103640 5.242410
0.006004 5.603656 9.996835
-0.007070 5.056670 1.980807
0.018538 2.838293 6.084594
-0.038084 13.041558 8.074191
-0.022209 9.862970 3.998846
-0.022292 9.550003 13.012340
0.002860 13.201621 -2.080800
0.013678 2.475635 6.593772
-0.025850 2.380712 4.436464
0.011812 3.243684 17.986288
0.014664 12.932970 14.651240
0.019390 10.355601 15.006588
0.004705 11.582949 5.589508
-0.030406 1.518961 0.211635
0.004364 7.074121 14.510680
-0.013706 12.398418 9.388245
0.000932 11.994276 8.693353
-0.025249 10.973748 17.582491
-0.038257 4.394733 1.809199
-0.007779 7.028141 13.573353
0.013325 2.866728 -2.786403
0.018229 6.158018 -1.573499
0.025813 7.989366 15.866450
-0.003339 6.389969 8.300153
0.023346 2.519530 7.191762
0.007127 4.334410 11.560549
-0.056009 7.636494 17.870801
-0.001644 3.197802 8.473898
-0.010925 13.085965 2.501310
-0.020697 14.966613 6.926371
0.005499 5.191506 0.490323
0.005590 1.289352 4.358993
0.004504 11.601185 3.023086
0.002965 11.283041 9.983054
-0.014532 1.644325 9.855339
-0.041190 5.814127 13.481940
0.043462 4.181298 11.615511
-0.005042 7.734060 15.133701
-0.064925 0.654848 -2.519050
-0.021720 5.706513 6.554538
-0.003549 13.903969 -0.957203
0.007870 14.024575 0.995440
0.025433 5.524368 9.854665
0.015471 9.556046 14.540192
-0.012406 12.371361 3.291756
-0.011854 10.116276 -2.260699
-0.006733 0.471401 3.047233
-0.001338 10.968455 1.214666
-0.018121 2.645161 6.470753
0.009328 9.870147 -2.400440
0.015736 13.374891 1.386167
-0.026004 10.965384 4.519037
0.045902 11.090806 11.180791
-0.006337 0.930559 -1.819091
0.006281 12.942434 -1.470964
0.006456 10.756427 -1.369226
-0.027463 7.139827 3.108166
0.004295 11.953867 -2.623771
-0.012270 9.144558 17.971377
0.022720 12.696292 3.325470
-0.004491 6.151689 3.185173
-0.001942 9.989933 8.763667
0.001828 6.354557 7.410461
-0.009703 12.531500 11.961560
-0.030729 2.572119 6.534295
0.012667 6.028523 -0.180488
0.019049 13.334897 8.520607
0.024664 8.236284 15.914471
0.014207 0.989043 -2.909411
0.000802 9.135376 -1.498091
-0.005016 2.804441 17.259662
-0.024971 10.296355 11.207857
-0.001470 13.256122 11.015701
0.013014 2.447723 -2.834743
0.019289 14.448351 4.092524
-0.015704 0.918470 8.476366
-0.032330 1.577451 0.606956
0.006916 2.914584 -0.788444
-0.027301 12.993586 12.270952
0.021721 2.823552 0.817400
0.038459 1.161272 15.680607
0.018128 14.211004 7.756240
-0.006613 2.033040 -0.577885
0.010955 1.755333 8.804817
-0.008451 13.528530 4.655973
0.008411 5.756210 14.365493
0.000317 2.747985 15.212597
0.015305 14.772335 0.564519
-0.030052 10.425322 4.917919
-0.022930 0.178285 -0.553713
-0.004873 11.727618 8.434474
0.013977 12.561382 12.720062
-0.021261 0.193739 16.823917
-0.017913 11.358294 14.794325
-0.020423 5.081576 5.430702
0.020881 3.447135 12.826379
-0.023730 14.916570 14.283179
-0.028137 6.986048 9.078364
0.021477 14.138780 6.409770
0.007428 1.670726 11.219448
0.035829 12.050596 0.858380
0.013267 2.866086 3.230486
0.011781 14.806511 -2.280251
-0.000282 9.156251 17.310270
0.014796 1.830503 4.192343
0.043087 0.970804 2.536596
0.026792 2.366306 13.081761
-0.009860 1.621786 -2.695978
-0.015407 9.442795 0.123597
0.041018 4.362636 -0.616183
-0.019054 11.121919 10.234302
0.001221 1.443122 8.300519
-0.011009 14.153482 17.726560
-0.010869 5.427248 -1.832009
-0.007238 9.985586 15.953890
0.016612 9.896631 4.316178
-0.018441 4.396910 6.197404
-0.020797 12.366807 3.479045
-0.003064 9.236899 15.391485
-0.022995 14.212376 9.083046
-0.007031 0.425483 1.436739
0.009124 6.005993 0.390816
-0.020376 12.758707 15.179819
0.019106 1.206602 10.856259
-0.010846 8.696677 7.212940
-0.000380 3.747647 8.694972
0.025614 11.507975 15.041622
-0.031195 5.323565 2.515034
0.003999 0.946722 3.294124
0.013112 11.560231 2.593717
0.008498 14.680812 6.174852
0.006214 3.550900 17.241256
0.051966 6.242644 17.905886
0.012483 4.873459 7.977741
0.012457 7.161144 14.436198
-0.031841 7.471307 7.806038
0.018648 3.226888 -0.534177
0.004590 8.502971 -0.217457
0.005555 6.817608 5.745808
0.000034 10.071534 5.185677
-0.028335 3.715138 -1.170893
0.030283 6.763040 1.981650
-0.012122 3.442271 7.555210
0.001922 14.183946 2.779652
0.018334 10.519360 -1.776427
-0.009722 3.508430 3.265353
0.002871 11.588175 -1.938117
0.021510 12.350933 7.666089
-0.031826 1.196222 10.487204
-0.008430 4.168331 -0.906673
0.025056 8.046712 12.173151
0.009721 5.786079 13.860363
-0.007231 2.082253 2.765048
0.003110 10.887919 3.853250
0.001459 11.821044 16.526016
0.004729 6.243913 14.648063
0.004131 11.298318 9.915514
0.017461 10.942494 0.095476
-0.002180 1.865825 4.654588
-0.032052 13.668746 -1.887298
0.006547 7.057544 5.112272
-0.017797 9.332306 -1.983138
-0.003095 5.790538 14.720929
-0.008309 12.531209 6.250649
0.007931 6.261081 13.636795
-0.021197 3.938285 0.362145
-0.002495 9.046720 7.201728
0.026654 11.659656 10.047870
-0.006705 5.708860 15.032118
0.001687 0.684777 -1.143740
-0.003276 0.002993 1.061071
-0.030197 13.180719 10.902338
0.025689 14.752901 8.432855
-0.014309 6.237904 11.528059
-0.012718 10.578299 3.471796
0.004976 3.206974 9.530155
0.001866 2.291595 -1.101114
0.023538 9.835644 5.013818
-0.021015 0.497161 10.380114
-0.021574 10.262676 -0.481834
0.020053 12.911606 4.166389
-0.004935 9.577754 -2.411556
0.005283 3.157465 8.280168
-0.003444 1.350073 12.905768
0.018262 2.963309 7.735190
0.013537 1.838494 9.968668
-0.016081 10.075304 5.767245
0.011782 2.123994 1.198785
0.031117 2.512460 13.255422
0.008318 4.471253 4.558544
-0.004493 1.612447 2.724369
-0.000723 10.166550 7.182682
0.025322 8.311145 5.683867
0.011955 11.339023 0.296059
-0.000444 6.629133 9.930964
0.024518 14.194576 3.094196
0.011201 14.562279 -1.628610
-0.002502 13.722786 17.698365
-0.010525 11.513739 15.684817
-0.012969 12.607414 15.762657
-0.008883 2.052887 5.980455
-0.015949 1.739333 7.326634
-0.013016 6.569506 3.014518
-0.010955 10.186676 12.436068
0.037272 11.156920 3.078099
-0.014107 8.094780 4.608396
-0.028671 1.136458 14.924471
-0.016135 5.154742 -0.111556
-0.013964 1.586708 -1.021139
0.035124 5.487650 5.025537
0.021992 11.652190 8.224952
0.012583 12.065346 7.020984
0.033112 4.872332 2.356556
0.037691 6.544140 0.980021
-0.007621 9.863967 4.719242
-0.012141 10.950146 -0.411200
0.009176 1.613653 8.355828
-0.015422 5.920832 12.508793
-0.007255 0.263261 -1.728290
0.010321 7.487133 14.692855
-0.006006 7.096527 2.578306
0.031014 5.054792 13.344890
-0.009791 3.695785 0.658671
-0.006787 0.883431 -1.710378
-0.022591 14.873610 1.871792
0.015479 11.873236 15.203078
-0.010645 9.298452 8.211562
-0.049692 5.921678 13.955626
0.001269 14.772512 8.883274
-0.002582 2.025525 16.704227
0.008328 4.914233 2.307477
-0.004826 5.183962 -1.498720
0.017474 3.734364 3.448888
0.004713 9.849679 6.323530
0.017190 4.192925 3.937326
-0.019300 11.371041 8.563970
0.036980 11.488127 8.852022
0.000519 2.057406 3.658036
-0.036801 11.975975 16.138842
-0.005111 2.235859 4.831147
0.021530 7.623848 7.864623
0.004418 13.878134 7.719008
-0.029183 12.799810 15.369336
-0.002634 10.530816 12.195726
0.022372 5.545730 2.645228
-0.020591 7.042819 11.574473
-0.035127 0.157654 1.223793
-0.004866 0.180819 17.678999
0.013963 10.463334 13.544118
-0.000041 9.300640 -1.132567
0.013310 14.776580 14.936977
-0.019974 6.833796 9.118068
0.008290 12.755705 1.145725
-0.026086 8.951595 -1.774075
-0.011474 10.728181 4.846598
0.010006 5.993646 9.462213
0.011561 11.383336 15.645842
0.029724 8.432870 17.097873
0.009602 7.743103 4.000505
-0.019021 8.106763 -1.924143
0.034388 8.223301 16.855692
-0.004393 9.688464 11.498854
0.003505 10.043296 3.500464
-0.012481 10.450022 16.136775
0.004812 5.987675 16.479161
0.024751 8.267149 5.200938
0.010007 6.439316 -2.727073
-0.006370 2.579394 0.521085
-0.027936 9.615029 16.096172
0.000554 14.072586 -2.416433
0.014277 4.041713 14.777968
0.015472 9.609786 3.492483
-0.011426 8.699591 1.009414
0.005797 14.336256 16.111805
-0.023003 14.465539 11.887136
-0.007761 11.802665 -2.163789
0.046301 10.129125 14.659849
-0.002223 4.341868 15.300175
-0.016058 13.666846 -1.524675
0.004340 9.424021 2.767688
-0.010345 5.871025 17.821035
0.009389 2.265951 7.014527
-0.022151 9.642042 2.188750
-0.022991 11.713463 -1.489270
0.013461 0.051210 -2.713935
-0.006976 3.890847 2.849648
-0.014431 9.554978 9.185353
0.023771 6.722653 8.339397
0.022251 2.716042 2.360531
-0.007872 9.947704 -1.369309
0.025948 10.878879 1.417598
-0.026833 14.676832 8.905703
-0.020390 10.760167 -2.560444
0.004996 2.257473 -0.124419
0.009827 1.513459 13.234011
-0.009829 10.517958 -2.490208
-0.029348 0.339201 8.642970
-0.013276 0.066655 14.429156
-0.003775 10.337687 10.380611
0.024457 14.645958 11.539237
-0.020292 3.983567 -0.200100
-0.018488 13.979326 -1.992872
0.003289 14.218391 8.469261
0.018591 5.510011 13.650011
-0.015378 1.617624 13.467783
0.019085 14.333336 -1.673073
0.008062 4.189442 -2.783174
0.022577 3.818124 -0.662738
0.001877 11.561795 17.562231
0.001777 12.254239 0.392554
0.026942 0.314332 -1.257486
-0.010108 12.195682 8.167176
-0.004283 10.334472 16.884082
-0.001582 11.599354 4.015562
0.044582 10.814138 4.043119
0.031522 7.866870 16.880304
-0.031769 10.726831 11.144882
-0.005393 11.746004 -1.820684
0.030413 1.831550 8.499001
-0.015767 9.019577 -0.807014
-0.003817 8.907638 14.299928
0.031237 10.269382 11.429692
-0.005977 14.651460 8.319603
-0.002069 8.820968 14.178861
0.001658 5.946186 1.353772
0.013180 12.433275 9.491636
0.043015 0.208301 2.477447
0.003183 0.273616 0.548606
-0.035167 3.399465 -1.700563
-0.012640 5.585944 17.790515
-0.016243 12.382679 -0.501426
0.005691 7.051296 13.275358
0.006646 7.668440 11.561990
0.017623 12.021766 11.995790
0.020449 3.484777 5.446332
0.018077 11.658985 5.709383
0.001629 13.356551 4.580108
0.000862 1.582737 -1.111481
-0.034430 2.110630 -2.266517
0.008739 4.776456 5.759312
0.024087 12.850260 7.181841
-0.041330 14.587172 0.023423
0.011457 12.928022 8.337818
0.011337 4.742200 -0.300469
-0.009073 13.176812 3.526881
-0.000463 7.965526 2.545439
0.002583 10.671248 8.550273
-0.011662 14.108526 11.878660
0.017297 3.987214 2.179156
0.005244 1.262606 0.694184
0.001420 9.595860 -2.616900
-0.009201 5.274570 0.617884
-0.032826 14.068492 13.788594
-0.004894 12.443829 14.940212
0.055520 14.717709 14.787145
0.006796 1.705777 7.844606
0.023610 13.540213 10.312519
0.006013 4.442168 5.065130
-0.017959 13.862006 11.739632
0.009205 3.161684 17.603086
-0.027201 0.115253 3.283073
-0.011147 4.332544 -0.148142
-0.009679 13.456115 8.330595
-0.002274 8.232622 0.213353
-0.015790 9.842010 17.441760
0.019419 7.472646 12.814135
0.008377 13.940783 7.742148
0.017528 1.237304 11.250748
-0.023982 11.388214 4.013988
0.019963 4.481537 12.034969
0.007425 7.843951 4.146279
0.027481 1.983795 13.965778
0.019563 4.226851 -1.189945
0.011599 0.107686 9.965965
-0.040928 2.321960 9.461419
0.013483 10.977693 -2.245499
0.009803 14.947901 2.399710
0.012690 8.389416 8.100368
0.005707 10.001510 0.169539
0.007704 14.001237 3.659215
-0.024275 5.756185 3.231679
-0.062135 0.160868 -0.587547
-0.010525 9.553520 3.465614
0.013949 12.700796 0.856312
-0.007863 7.857730 13.832999
0.005470 5.791603 3.585323
0.011286 0.879987 15.179742
0.016444 13.567177 11.740830
-0.004090 13.821823 17.659833
0.010826 2.727424 16.540227
0.006023 2.002805 13.658342
0.026691 5.042648 12.877588
-0.012158 2.858682 10.706267
0.014887 14.518446 -0.462464
-0.006811 1.183345 17.349952
-0.026363 5.084058 -0.174813
0.016720 1.273373 11.073837
-0.015647 7.874498 0.007644
0.020572 2.491795 -0.478339
0.015575 1.370799 11.675892
0.000957 12.820306 7.782997
-0.015306 14.977999 11.100163
0.029382 9.938058 14.005841
0.009278 10.907016 -1.166257
0.000815 14.547196 15.013986
0.008566 0.461947 -1.336324
-0.017048 4.184016 15.912144
-0.012193 12.216908 10.907246
0.070148 0.278358 7.165851
-0.015862 11.736105 6.712579
0.011975 2.633218 -2.546229
0.018219 10.549889 4.996400
0.017618 8.235936 -0.663184
0.006359 8.591668 10.063503
-0.013355 8.039491 11.927408
-0.008137 6.988439 16.885632
0.012508 14.605483 13.025751
0.021378 0.628100 17.405172
0.022544 6.571114 1.786795
-0.014748 7.634397 11.456967
-0.014402 11.995431 2.404302
0.013206 10.917583 0.508620
-0.021065 0.539752 7.664509
-0.015091 13.984227 7.621419
-0.039768 3.368141 16.773682
0.013166 0.344047 10.006822
0.018369 6.334408 5.332214
-0.017234 5.734771 10.446145
0.024143 6.621399 -0.953360
0.009655 8.158633 16.107033
0.025833 9.093496 3.224822
0.010560 9.925890 1.389646
0.038030 14.901534 6.500439
-0.019498 13.275923 8.284858
-0.006914 3.197621 10.573562
-0.036644 3.231376 11.352553
0.014030 11.732414 4.000500
-0.021844 4.985307 10.247718
0.003960 2.944426 1.853916
0.024291 10.559780 13.174150
0.019954 2.300018 7.321596
0.000621 11.933096 0.715044
-0.031791 7.311728 1.543514
-0.010520 12.267675 15.021368
0.008794 13.835872 17.435050
0.003826 14.715931 14.895939
-0.019897 11.423217 9.273750
0.001601 7.491676 -2.516454
-0.011532 3.215049 -2.185289
0.019201 12.937094 7.414444
0.031731 3.862158 7.282207
-0.019185 13.337899 16.179338
0.017460 10.417954 3.887760
-0.001708 6.230432 4.245670
0.035139 10.071207 5.144104
-0.014093 9.638432 8.246221
0.000141 0.969637 6.433395
0.008681 8.465622 13.733202
-0.014139 7.223839 5.332551
-0.037722 4.220411 16.960332
0.005369 11.118454 2.357141
-0.029287 0.053504 8.186155
0.032438 14.482679 6.045333
0.017476 14.858553 -0.079920
-0.004324 11.393759 17.605969
0.005807 3.895260 11.834217
-0.013747 4.888566 6.686820
-0.006880 12.032882 0.518775
0.010316 7.543941 15.442491
0.001052 10.203784 4.534423
0.011381 9.188559 3.587550
0.017540 6.917318 -2.671382
0.019977 5.223831 15.749323
0.005739 9.161786 6.458380
0.006941 3.054678 10.996739
0.040375 13.944309 5.278090
-0.009357 4.226679 17.572850
-0.003188 6.282315 0.762481
-0.043740 4.445487 15.227301
0.009578 1.833600 10.147925
-0.002734 5.247432 14.068930
-0.011803 10.431694 6.236160
0.022792 11.159943 -0.214407
-0.008533 10.138816 7.888858
0.011841 13.206809 12.734970
0.024140 2.422683 5.769547
-0.000327 12.748247 13.939462
0.027003 12.943918 14.994604
-0.027512 13.388916 14.028530
-0.046368 8.193120 6.449040
0.020543 1.363399 4.830315
0.015913 13.992305 6.996047
0.003620 0.130304 4.322750
-0.004166 1.751350 1.249269
0.020709 7.508912 3.678750
0.020281 4.601158 7.321427
-0.011554 13.063962 9.396260
0.022397 4.202071 17.669497
